geoid,state,county,oztoolclassification,likelyrural,pop_2024,median_hhincome_2024,povrate_2024,unemprate_2024,jobs_2022,median_homevalue_2024,median_grossrent_2024,pct_own_2024,pct_severerentburden_2024,vacancyrate_2024,pct_age1824_2024,pct_white_2024,pct_black_2024,pct_latino_2024,pct_aapi_2024,pct_ba_2024,cbsa_type,classification,total_parcels,land_to_value_ratio,vacancy_proxy,market_activity_count,median_sale_price,owner_occupancy_rate,pct_residential,pct_commercial,pct_industrial,assessed_value_per_parcel,permits_total,permits_new_construction,permits_residential,permits_commercial,permit_trend,has_any_permits,stackability_count,has_stackability,stage1_result,job_density_score,dev_capacity_score,market_momentum_score,poverty_score,income_score,unemployment_score,stackability_score,composite_score,rank,recommended
24510040200,Maryland,Baltimore city,Likely to attract capital even without OZ designation,0,1517.0,43361.0,0.30637813,0.025930101,21188.0,,1577.0,0.026365349,0.18181819,0.061837457,0.2036915,0.19907713,0.54054052,0.14502308,0.061964404,0.61880344,Metro,Already Attractive,175.0,0.0069193338196151,0.7257142857142858,32.0,297250.0,0.0,0.04,0.2285714285714285,0.0057142857142857,13074843.114285717,335.0,1.0,12.0,58.0,0.8406593406593407,1,2,1,Advances to Scoring,1.0,0.4991920448577824,0.4936597682618199,0.9057923928571429,0.6366885686087969,0.07503582563293108,0.6666666666666666,0.7148096040492014,1.0,1
24510070400,Maryland,Baltimore city,Likely to attract capital even without OZ designation,0,1645.0,26989.0,0.33397436,0.11662199,10579.0,121000.0,1275.0,0.06666667,0.31155014,0.090322584,0.051671732,0.12218845,0.63586628,0.052279636,0.15927051,0.39088517,Metro,Already Attractive,553.0,5.242846729881244e-07,0.7269439421338155,46.0,47000.0,0.0,0.298372513562387,0.0397830018083182,0.0,860230.8047016275,494.0,2.0,52.0,52.0,0.5935483870967742,1,2,1,Advances to Scoring,0.49910292728989614,0.5000000028653554,0.5951491966691318,0.8072344285714286,0.7822549812840643,0.337477563492924,0.6666666666666666,0.5955546656912792,2.0,1
24510060400,Maryland,Baltimore city,"More likely to attract OZ investment, with larger impact",0,1963.0,46707.0,0.27075812,0.078001752,14007.0,263300.0,1561.0,0.30119178,0.20310077,0.066734076,0.014263881,0.39021906,0.40601119,0.02445237,0.12633725,0.51424783,Metro,Goldilocks,540.0,0.0,0.1888888888888888,110.0,150000.0,0.0,0.8574074074074074,0.0518518518518518,0.0,534782.0370370371,533.0,1.0,63.0,51.0,0.7885906040268457,1,1,1,Advances to Scoring,0.6609537299338999,0.12991984521835262,0.5870871578346235,0.9669932857142856,0.6069386775257621,0.22571936230156345,0.3333333333333333,0.5463856257836788,3.0,1
24510260605,Maryland,Baltimore city,Likely to attract capital even without OZ designation,0,6870.0,63082.0,0.14567974,0.044974446,15855.0,194200.0,1238.0,0.56325436,0.29477993,0.064016737,0.016011644,0.26346433,0.13158661,0.59475982,0.0,0.17530319,Metro,Already Attractive,2179.0,2.314532188284328,0.1734740706746214,368.0,112000.0,0.0,0.7746672785681505,0.0573657641119779,0.1055530059660394,59539.37586048646,1821.0,36.0,189.0,282.0,0.5524296675191815,1,2,1,Advances to Scoring,0.7482058545797923,0.13196689933960037,0.5307555263905768,0.5202847857142856,0.4613455913079816,0.13014583660872261,0.6666666666666666,0.5279622808503862,4.0,1
24005490900,Maryland,Baltimore County,"More likely to attract OZ investment, with larger impact",0,5188.0,51908.0,0.22850947,0.054284606,11669.0,398400.0,1421.0,0.3147476,0.27347136,0.035020694,0.051657673,0.65882808,0.21164225,0.041827295,0.032960679,0.5650326,Metro,Goldilocks,,,,,,,,,,,,,,,,0,1,1,Advances to Scoring,0.5505665722379603,0.06880408228527743,0.7166438256167657,0.8161052499999999,0.5606956459887438,0.15708732605277412,0.3333333333333333,0.48614318229039427,5.0,1
24033980000,Maryland,Prince George's County,Likely to attract capital even without OZ designation,0,14748.0,24919.0,0.68472254,0.1366628,16569.0,450000.0,1276.0,0.064424172,0.55880558,0.19244936,0.45117983,0.48277733,0.24511798,0.057906158,0.16775157,0.6180945,Metro,Already Attractive,,,,,,,,,,,,,,,,0,1,1,Advances to Scoring,0.7819169027384325,0.06880408228527743,0.7166438256167657,0.0,0.8006597256181593,0.39547111796086465,0.3333333333333333,0.47619960525612465,6.0,1
24021751003,Maryland,Frederick County,Likely to attract capital even without OZ designation,0,5675.0,74400.0,0.15891328,0.0091970284,19005.0,348100.0,1793.0,0.55718338,0.39381003,0.032021958,0.034361232,0.50220263,0.18660793,0.13955948,0.078590311,0.35800439,Metro,Already Attractive,,,,,,,,,,,,,,,,0,0,0,Advances to Scoring,0.8969310670443815,0.06880408228527743,0.7166438256167657,0.5675474285714285,0.36071520658658673,0.02661411227682897,0.0,0.4723329564757435,7.0,1
24510150600,Maryland,Baltimore city,Less likely to attract OZ investment,0,2969.0,38400.0,0.27195659,0.17941454,365.0,103200.0,1050.0,0.3637771,0.34549877,0.27941996,0.047153924,0.012125295,0.98080164,0.0,0.0,0.125,Metro,Less Likely,1573.0,0.004489007879462,0.3738080101716465,411.0,45335.0,0.0,0.8512396694214877,0.0298792116973935,0.0082644628099173,40785.25111252384,1739.0,6.0,474.0,44.0,0.6436672967863895,1,2,1,Advances to Scoring,0.016855524079320113,0.2571337744505763,0.6145198680743738,0.9712735357142857,0.6807977167447609,0.5191849480051212,0.6666666666666666,0.4526702948373312,8.0,1
24510260404,Maryland,Baltimore city,Likely to attract capital even without OZ designation,0,1778.0,55921.0,0.32452193,0.080206983,5530.0,179900.0,1436.0,0.25770926,0.13946587,0.34011629,0.053993251,0.45331833,0.092238471,0.42294714,0.0,0.031135531,Metro,Already Attractive,1077.0,0.0034330772341006,0.1476323119777158,251.0,89900.0,0.0,0.7084493964716806,0.0714948932219127,0.1819870009285051,32608.95078922934,903.0,8.0,143.0,75.0,0.7568093385214008,1,2,1,Advances to Scoring,0.2607176581680831,0.1015618827356959,0.6214165372555136,0.8409931071428572,0.525015337286945,0.23210080018321053,0.6666666666666666,0.4497629409190397,9.0,1
24510200400,Maryland,Baltimore city,Less likely to attract OZ investment,0,883.0,40219.0,0.2412231,0.1091954,77.0,57400.0,991.0,0.46174142,0.33333334,0.49533954,0.01585504,0.077010192,0.8856172,0.0,0.0,0.026771653,Metro,Less Likely,1120.0,0.002,0.5223214285714286,207.0,19000.0,0.0,0.7473214285714286,0.0366071428571428,0.0732142857142857,4070.625,664.0,1.0,231.0,11.0,0.8092643051771117,1,2,1,Advances to Scoring,0.0032577903682719546,0.35926932605502226,0.6944015095432616,0.8615110714285713,0.6646246588009354,0.31598669802011814,0.6666666666666666,0.43449786962739906,10.0,1
24033803602,Maryland,Prince George's County,Likely to attract capital even without OZ designation,0,2202.0,76006.0,0.19808744,0.020958085,11100.0,328500.0,1661.0,0.57496899,0.27113703,0.073478758,0.048592187,0.0208901,0.7447775,0.19663942,0.020435967,0.2850877,Metro,Already Attractive,,,,,,,,,,,,,,,,0,1,1,Advances to Scoring,0.5237016052880076,0.06880408228527743,0.7166438256167657,0.7074551428571427,0.3464359701611971,0.060647940077832654,0.3333333333333333,0.4326450576732298,11.0,1
24015030400,Maryland,Cecil County,Less likely to attract OZ investment,0,5100.0,43342.0,0.25763315,0.16061294,4172.0,237400.0,1109.0,0.35068217,0.21789883,0.10371377,0.055686273,0.757451,0.13196078,0.027843136,0.00058823527,0.13395973,Metro,Less Likely,,,,,,,,,,,,,,,,0,1,1,Advances to Scoring,0.19660056657223796,0.06880408228527743,0.7166438256167657,0.9201183928571427,0.6368575010447137,0.46477738595127044,0.3333333333333333,0.42778674231672564,12.0,1
24510090800,Maryland,Baltimore city,Likely to attract capital even without OZ designation,0,1899.0,46797.0,0.26324236,0.059040591,997.0,,1272.0,0.31445086,0.2900506,0.29040197,0.0089520803,0.11637704,0.85624015,0.0010531859,0.016850974,0.12287848,Metro,Already Attractive,1847.0,0.0016601988348551,0.3779101245262588,516.0,36000.0,0.0,0.8137520303194369,0.0720086626962642,0.0211153221440173,19055.0622631294,2298.0,1.0,609.0,37.0,0.7422289613343442,1,2,1,Advances to Scoring,0.04669499527856468,0.2599397934076537,0.6572328100692136,0.9401512857142856,0.6061384712503668,0.17085006693730967,0.6666666666666666,0.42622910013657356,13.0,1
24510120202,Maryland,Baltimore city,Likely to attract capital even without OZ designation,0,4915.0,33969.0,0.37293047,0.073170729,9034.0,315400.0,1344.0,0.18867925,0.40210053,0.13298152,0.30946085,0.34201425,0.13672431,0.14587995,0.31739572,0.78445005,Metro,Already Attractive,754.0,0.0042200910034848,0.0344827586206896,153.0,260000.0,0.0,0.4456233421750663,0.0384615384615384,0.0,1236451.7400530505,852.0,24.0,52.0,128.0,0.7899159663865546,1,1,1,Advances to Scoring,0.4261567516525024,0.023740682723755343,0.5037243800367277,0.6681054642857144,0.7201945390367295,0.21173947848018232,0.3333333333333333,0.42024277725121884,14.0,1
24510150200,Maryland,Baltimore city,Likely to attract capital even without OZ designation,0,2262.0,48986.0,0.24324325,0.10780142,76.0,87500.0,,0.57256234,0.20954907,0.39795223,0.044208664,0.0,0.98099029,0.0,0.0,0.015586035,Metro,Already Attractive,1524.0,0.0,0.4540682414698163,324.0,32525.0,0.0,0.80249343832021,0.0118110236220472,0.0039370078740157,22418.83202099737,1165.0,2.0,283.0,20.0,0.736214605067064,1,2,1,Advances to Scoring,0.003210576015108593,0.31231310638409004,0.6577092126748938,0.8687258928571427,0.5866756763965822,0.3119528363619706,0.6666666666666666,0.41814434531530004,15.0,1
24510110200,Maryland,Baltimore city,"More likely to attract OZ investment, with larger impact",0,5764.0,72296.0,0.17985232,0.020910781,9199.0,313600.0,1393.0,0.13805549,0.23135304,0.059609674,0.029840389,0.35877863,0.30968079,0.13219987,0.086051352,0.68042058,Metro,Goldilocks,1687.0,0.0493903965376852,0.0580912863070539,372.0,253750.0,0.0,0.0735032602252519,0.2531120331950207,0.0,331411.3977474807,1023.0,6.0,122.0,213.0,0.5523520485584219,1,2,1,Advances to Scoring,0.43394711992445706,0.040225754217600496,0.4226863339507877,0.6423297142857143,0.3794222510691645,0.06051105304080413,0.6666666666666666,0.41641242637156584,16.0,1
24510271700,Maryland,Baltimore city,Less likely to attract OZ investment,0,4330.0,49091.0,0.23412113,0.084171519,6226.0,204900.0,1169.0,0.52133793,0.39879519,0.1859155,0.021939954,0.077136256,0.86212474,0.012702079,0.0016166281,0.19633995,Metro,Less Likely,1875.0,0.0060729090705697,0.1690666666666666,410.0,65000.0,0.0,0.8810666666666667,0.0208,0.0,161046.6544,1853.0,3.0,420.0,49.0,0.6529884032114184,1,1,1,Advances to Scoring,0.29357884796978284,0.11631909387965204,0.6028978366094186,0.8361468928571428,0.5857421024086209,0.24357326733678925,0.3333333333333333,0.41580383487381156,17.0,1
24510140200,Maryland,Baltimore city,"More likely to attract OZ investment, with larger impact",0,2245.0,41393.0,0.34870189,0.30337077,347.0,428900.0,1182.0,0.33028361,0.23770492,0.28468585,0.10289532,0.096659243,0.77060133,0.087305121,0.020489978,0.15504886,Metro,Goldilocks,814.0,0.0010345256421893,0.4729729729729729,186.0,50000.0,0.0,0.6068796068796068,0.0909090909090909,0.0,61189.454545454544,896.0,9.0,237.0,17.0,0.9436008676789588,1,1,1,Advances to Scoring,0.016005665722379603,0.3253216415875668,0.7192922524733126,0.7546361071428572,0.6541864124974438,0.877886137036182,0.3333333333333333,0.4146144702386207,18.0,1
24510170300,Maryland,Baltimore city,Less likely to attract OZ investment,0,2035.0,23896.0,0.28316832,0.11751663,98.0,169900.0,788.0,0.30063966,0.4237805,0.19068162,0.081081077,0.0073710075,0.96461916,0.0068796067,0.0,0.1556837,Metro,Less Likely,929.0,0.0,0.5339074273412271,171.0,82500.0,0.0,0.5435952637244349,0.0064585575888051,0.0,43909.795479009685,890.0,1.0,257.0,5.0,0.6984732824427481,1,1,1,Advances to Scoring,0.00424929178470255,0.3672273722881823,0.6059873500114207,0.9886845714285716,0.8097554036151542,0.34006644855142204,0.3333333333333333,0.4124243491710497,19.0,1
24001001000,Maryland,Allegany County,Less likely to attract OZ investment,1,1876.0,29635.0,0.32135195,0.19404761,2395.0,82600.0,541.0,0.48688048,0.12310606,0.2444934,0.043176971,0.77078891,0.13379531,0.026119404,0.0,0.1750581,Metro,Less Likely,,,,,,,,,,,,,,,,0,1,1,Advances to Scoring,0.1127006610009443,0.06880408228527743,0.7166438256167657,0.8523144642857144,0.7587289167874385,0.5615297305801862,0.3333333333333333,0.412373510504209,20.0,1
24510250500,Maryland,Baltimore city,Less likely to attract OZ investment,0,4808.0,37360.0,0.32529119,0.14139694,3613.0,96700.0,1203.0,0.50926363,0.40174249,0.14949495,0.053244591,0.32258734,0.33881032,0.26601496,0.063851915,0.11837577,Metro,Less Likely,2178.0,0.0098131379000059,0.1978879706152433,572.0,67000.0,0.0,0.8264462809917356,0.0523415977961432,0.0775941230486685,31452.93847566575,1438.0,7.0,311.0,56.0,0.7557997557997558,1,1,1,Advances to Scoring,0.1702077431539188,0.1361631435391809,0.6385061711339032,0.8382457500000001,0.6900445448159971,0.4091706443746601,0.3333333333333333,0.40872748581584023,21.0,1
24510100100,Maryland,Baltimore city,Less likely to attract OZ investment,0,1404.0,21098.0,0.34236804,0.2074199,348.0,113600.0,639.0,0.34803921,0.44360903,0.20156556,0.022792023,0.048433047,0.94586897,0.0056980057,0.0,0.14590444,Metro,Less Likely,1097.0,0.0002075575880279,0.390154968094804,197.0,55050.0,0.0,0.6773017319963537,0.0246125797629899,0.0009115770282588,42714.804010938926,1321.0,14.0,329.0,36.0,0.957037037037037,1,1,1,Advances to Scoring,0.016052880075542966,0.2683539917659855,0.7202959539462108,0.7772570000000002,0.8346329275991144,0.6002261020579905,0.3333333333333333,0.40711786935375294,22.0,1
24043000900,Maryland,Washington County,Likely to attract capital even without OZ designation,0,3808.0,42283.0,0.32973945,0.059507523,5332.0,159800.0,1119.0,0.33333334,0.22433035,0.16365899,0.068277314,0.45667017,0.29254201,0.15021008,0.0,0.10344828,Metro,Already Attractive,,,,,,,,,,,,,,,,0,1,1,Advances to Scoring,0.25136921624173747,0.06880408228527743,0.7166438256167657,0.8223591071428573,0.6462732615518667,0.17220126214223525,0.3333333333333333,0.40708893050642514,23.0,1
24510250205,Maryland,Baltimore city,Less likely to attract OZ investment,0,3976.0,42500.0,0.32821932,0.093317278,2162.0,96600.0,1438.0,0.33993903,0.29214782,0.11768661,0.050553318,0.087776661,0.35739437,0.50150907,0.0,0.05138889,Metro,Less Likely,1529.0,0.0,0.0994113799869195,318.0,69900.0,0.0,0.8770438194898627,0.0189666448659254,0.0654022236756049,10114.12688031393,723.0,1.0,115.0,50.0,0.5960264900662252,1,2,1,Advances to Scoring,0.10169971671388102,0.0683762352397593,0.5785899532272628,0.827788142857143,0.6443438753100799,0.2700390176092163,0.6666666666666666,0.4067797889339784,24.0,1
24510250600,Maryland,Baltimore city,Likely to attract capital even without OZ designation,0,34.0,20375.0,0.41176471,0.20588236,3469.0,,,0.20588236,0.0,0.0,0.0,1.0,0.0,0.0,0.0,0.0,Metro,Already Attractive,319.0,0.0,0.5109717868338558,56.0,136000.0,0.0,0.0470219435736677,0.0877742946708464,0.4952978056426332,151922.25705329154,282.0,12.0,12.0,76.0,0.6395348837209303,1,1,1,Advances to Scoring,0.1634088762983947,0.3514519877103511,0.5439229297059869,0.5294117500000002,0.841061251344791,0.5957768103508869,0.3333333333333333,0.40676922684790934,25.0,1
24025302901,Maryland,Harford County,Less likely to attract OZ investment,0,2848.0,50099.0,0.34129214,0.13491414,1333.0,156100.0,775.0,0.5118525,0.16007194,0.10314961,0.018258426,0.40203652,0.40414324,0.13588484,0.0,0.059566788,Metro,Less Likely,,,,,,,,,,,,,,,,0,2,1,Advances to Scoring,0.0625590179414542,0.06880408228527743,0.7166438256167657,0.7810995000000001,0.576779792124192,0.39041089290230113,0.6666666666666666,0.4047643534629494,26.0,1
24510280102,Maryland,Baltimore city,Less likely to attract OZ investment,0,4868.0,47974.0,0.25176018,0.10606654,4916.0,219700.0,892.0,0.59255898,0.27839643,0.12470215,0.024034511,0.038414132,0.82764995,0.0647083,0.0,0.26107875,Metro,Less Likely,1948.0,0.0393835616438356,0.12217659137577,341.0,148000.0,0.0,0.8803901437371663,0.0277207392197125,0.002053388090349,61871.30390143737,1421.0,7.0,314.0,36.0,0.6465816917728853,1,1,1,Advances to Scoring,0.23172804532577904,0.08424963845737726,0.5373217077969917,0.8991434999999999,0.5956735514043621,0.30693248749506646,0.3333333333333333,0.4023540201323596,27.0,1
24510150400,Maryland,Baltimore city,Less likely to attract OZ investment,0,3910.0,38918.0,0.31343722,0.17388825,1025.0,139900.0,1098.0,0.34121406,0.32589719,0.20234455,0.072890028,0.05882353,0.9005115,0.015089514,0.0099744247,0.10942761,Metro,Less Likely,1528.0,0.0086691433857322,0.3370418848167539,398.0,36000.0,0.0,0.887434554973822,0.0307591623036649,0.0013089005235602,163110.92931937173,1571.0,5.0,400.0,37.0,0.6748400852878464,1,1,1,Advances to Scoring,0.04801699716713881,0.231868476569962,0.6328937412437597,0.8805813571428572,0.6761920850708183,0.50319311932551,0.3333333333333333,0.3954805520874643,28.0,1
24510080302,Maryland,Baltimore city,Less likely to attract OZ investment,0,2225.0,39167.0,0.31101122,0.34556961,236.0,156200.0,1264.0,0.41372913,0.44778481,0.094117649,0.055730335,0.0,1.0,0.0,0.0,0.081246182,Metro,Less Likely,1137.0,0.1025641025641025,0.0413368513632365,304.0,61800.0,0.0,0.9824098504837292,0.0043975373790677,0.0026385224274406,14633.597185576078,1096.0,0.0,209.0,21.0,0.579250720461095,1,1,1,Advances to Scoring,0.01076487252124646,0.02899247894586828,0.5787047721330777,0.889245642857143,0.6739781810422243,1.0,0.3333333333333333,0.39536370097597984,29.0,1
24510250301,Maryland,Baltimore city,"More likely to attract OZ investment, with larger impact",0,1938.0,29538.0,0.39128178,0.15645371,344.0,95800.0,844.0,0.42975205,0.31159419,0.24844721,0.010319917,0.082043342,0.7358101,0.0624355,0.020123839,0.086496025,Metro,Goldilocks,1311.0,0.0028105088778006,0.4927536231884058,473.0,48000.0,0.0,0.7864225781845919,0.0083905415713196,0.045766590389016,29576.43020594966,886.0,3.0,377.0,21.0,1.6135693215339233,1,1,1,Advances to Scoring,0.01586402266288952,0.3389366955317281,0.9627914205426771,0.6025650714285715,0.7595913613286981,0.4527415185611952,0.3333333333333333,0.39427397064899306,30.0,1
24510200200,Maryland,Baltimore city,Less likely to attract OZ investment,0,1789.0,28203.0,0.38904417,0.12988827,284.0,73600.0,1358.0,0.34864548,0.62206149,0.39486814,0.013415316,0.01900503,0.85690331,0.087199554,0.0,0.029839328,Metro,Less Likely,1504.0,0.702247191011236,0.2865691489361702,395.0,33000.0,0.0,0.8929521276595744,0.0166223404255319,0.0305851063829787,11577.593085106382,1316.0,1.0,348.0,9.0,0.7711978465679677,1,2,1,Advances to Scoring,0.013031161473087818,0.20094336513534408,0.6699821859260577,0.6105565357142857,0.7714610877470637,0.37586716609715765,0.6666666666666666,0.3938197332703952,31.0,1
24510120600,Maryland,Baltimore city,Less likely to attract OZ investment,0,2686.0,22872.0,0.40288925,0.14890511,2999.0,300700.0,893.0,0.12660551,0.29061624,0.14083026,0.022338049,0.39836186,0.46760982,0.029039463,0.033507075,0.39447561,Metro,Less Likely,763.0,0.0920490683067028,0.1009174311926605,168.0,270000.0,0.0,0.5307994757536042,0.3866317169069462,0.0,148652.2385321101,840.0,5.0,145.0,154.0,0.5909090909090909,1,2,1,Advances to Scoring,0.14121813031161473,0.0699151864157456,0.4242264409220852,0.5611098214285717,0.8188599727929866,0.43089758384714444,0.6666666666666666,0.39370218275693836,32.0,1
24510170200,Maryland,Baltimore city,Likely to attract capital even without OZ designation,0,2380.0,12484.0,0.60756302,0.27446809,5700.0,,400.0,0.021408839,0.28369796,0.089308172,0.0092436979,0.055042017,0.90630251,0.0067226891,0.01764706,0.057980049,Metro,Already Attractive,271.0,0.0086342312450676,0.3985239852398524,51.0,62500.0,0.0,0.6494464944649446,0.059040590405904,0.0,744759.778597786,317.0,0.0,90.0,26.0,1.0584415584415583,1,1,1,Advances to Scoring,0.2687440982058546,0.27415634737523537,0.7512422150679221,0.0,0.9112215593352954,0.7942483426132292,0.3333333333333333,0.39330823599616477,33.0,1
24510210100,Maryland,Baltimore city,"More likely to attract OZ investment, with larger impact",0,2082.0,83934.0,0.21565802,0.098630138,4359.0,259000.0,1369.0,0.47349507,0.19795223,0.13250194,0.034582134,0.29682997,0.48222864,0.089817487,0.019692603,0.62998104,Metro,Goldilocks,1392.0,0.0227272727272727,0.1271551724137931,316.0,179450.0,0.0,0.8204022988505747,0.0818965517241379,0.0510057471264367,253202.8735632184,1397.0,10.0,199.0,133.0,0.7375621890547264,1,2,1,Advances to Scoring,0.2054296506137866,0.08758292993247808,0.5462104058596535,0.7702072142857143,0.27594668847969694,0.28541322832178445,0.6666666666666666,0.3927186966185683,34.0,1
24510250103,Maryland,Baltimore city,Less likely to attract OZ investment,0,3266.0,38732.0,0.20291734,0.048666667,6081.0,196700.0,534.0,0.44171429,0.17911975,0.088541664,0.013165953,0.51959586,0.34415185,0.054807104,0.017758727,0.17357965,Metro,Less Likely,1307.0,91.48685004380246,0.0627390971690895,264.0,130000.0,0.0,0.9112471308339708,0.035195103289977,0.0191277735271614,197314.5745983168,687.0,1.0,107.0,50.0,0.5902777777777778,1,0,0,Advances to Scoring,0.2867327667610954,0.5431526377294857,0.5307057444913232,0.7247047857142856,0.6778458447066356,0.1408302859733528,0.0,0.3920254462106738,35.0,1
24510250303,Maryland,Baltimore city,Less likely to attract OZ investment,0,1756.0,50990.0,0.25854215,0.0079365084,726.0,92000.0,1454.0,0.51088351,0.21727748,0.19067357,0.0022779044,0.53587699,0.29043281,0.02164009,0.028473804,0.15853658,Metro,Less Likely,1185.0,0.0024137931034482,0.2396624472573839,267.0,67000.0,0.0,0.7789029535864979,0.0345991561181434,0.060759493670886,10257.46835443038,492.0,0.0,118.0,8.0,0.776173285198556,1,2,1,Advances to Scoring,0.03389990557129367,0.16485564641683784,0.6458645478178036,0.9233648214285715,0.5688577499977772,0.022966453560543127,0.6666666666666666,0.3917669185220959,36.0,1
24510280600,Maryland,Baltimore city,"More likely to attract OZ investment, with larger impact",0,3524.0,24717.0,0.3654514,0.098582037,572.0,179500.0,663.0,0.16151866,0.22179586,0.125,0.030646993,0.030079456,0.85726446,0.0,0.0053916005,0.1341012,Metro,Goldilocks,1058.0,0.0005872375412408,0.666351606805293,120.0,55000.0,0.0,0.3752362948960302,0.0472589792060491,0.0009451795841209,151546.03875236295,614.0,7.0,168.0,76.0,0.8834355828220859,1,1,1,Advances to Scoring,0.026628895184135977,0.45832713797090635,0.6937511769576898,0.6948164285714288,0.8024557441473802,0.2852740349476911,0.3333333333333333,0.38965300430378613,37.0,1
24510160300,Maryland,Baltimore city,Less likely to attract OZ investment,0,1628.0,18693.0,0.41390729,0.22777778,161.0,178400.0,957.0,0.25900516,0.50231481,0.24871135,0.014127764,0.03009828,0.92137593,0.0,0.03071253,0.059019119,Metro,Less Likely,838.0,0.0012755958375293,0.6408114558472554,147.0,27500.0,0.0,0.5883054892601431,0.0167064439140811,0.0,7781.742243436754,738.0,0.0,207.0,8.0,0.7869249394673123,1,1,1,Advances to Scoring,0.0072237960339943345,0.440764104659438,0.6798544665576965,0.5217596785714288,0.856016217513848,0.6591371851245831,0.3333333333333333,0.38964082637216624,38.0,1
24045000400,Maryland,Wicomico County,Less likely to attract OZ investment,0,3612.0,53472.0,0.21643914,0.045881126,5415.0,242600.0,1133.0,0.35636595,0.25745526,0.15604752,0.080011077,0.58444077,0.33582503,0.019656699,0.0022148394,0.40640965,Metro,Less Likely,,,,,,,,,,,,,,,,0,1,1,Advances to Scoring,0.2552880075542965,0.06880408228527743,0.7166438256167657,0.7729969285714285,0.5467898391585386,0.13276956269389545,0.3333333333333333,0.3877573629192786,39.0,1
24510170100,Maryland,Baltimore city,"More likely to attract OZ investment, with larger impact",0,1882.0,43093.0,0.29791778,0.10438413,2136.0,248300.0,1259.0,0.04465213,0.32717392,0.083729781,0.036663122,0.16524974,0.7763018,0.0079702446,0.0074388948,0.28538814,Metro,Goldilocks,789.0,0.0010727311057856,0.2826362484157161,89.0,207000.0,0.0,0.2712294043092522,0.458808618504436,0.0,224451.3041825095,385.0,3.0,77.0,44.0,0.7990654205607477,1,1,1,Advances to Scoring,0.10047214353163361,0.19440616795258645,0.547425260882983,0.9360079285714286,0.6390714050733077,0.30206397489640363,0.3333333333333333,0.38668635708685606,40.0,1
24510160600,Maryland,Baltimore city,Less likely to attract OZ investment,0,2700.0,40729.0,0.20634328,0.2586478,292.0,92600.0,1412.0,0.35704607,0.23709168,0.19913185,0.025555555,0.047037035,0.9074074,0.017777778,0.0,0.12078922,Metro,Less Likely,1664.0,0.000396393595523,0.3239182692307692,387.0,33950.0,0.0,0.8816105769230769,0.0282451923076923,0.0036057692307692,17346.99519230769,1295.0,1.0,375.0,32.0,0.8368794326241135,1,1,1,Advances to Scoring,0.013408876298394712,0.22279669734758006,0.6929805416717381,0.7369402857142856,0.6600901565736945,0.7484680148812853,0.3333333333333333,0.3864838204434169,41.0,1
24510150500,Maryland,Baltimore city,Less likely to attract OZ investment,0,1828.0,42875.0,0.38840261,0.056818184,2641.0,215300.0,904.0,0.29268292,0.43738657,0.081367925,0.054704595,0.0071115973,0.87582058,0.070021883,0.015317286,0.17375886,Metro,Less Likely,547.0,0.0840751639979744,0.1535648994515539,98.0,97862.5,0.0,0.8537477148080439,0.0511882998171846,0.0018281535648994,223310.46435100547,617.0,7.0,95.0,85.0,0.8984615384615384,1,2,1,Advances to Scoring,0.12431539187913125,0.1060831118145245,0.6665085638827914,0.6128478214285716,0.6410096824959323,0.16441892561096444,0.6666666666666666,0.38585710288251757,42.0,1
24510160400,Maryland,Baltimore city,Less likely to attract OZ investment,0,1481.0,34089.0,0.26873735,0.020491803,58.0,62000.0,1336.0,0.30647293,0.48190477,0.45539567,0.0067521944,0.0,0.96286291,0.0,0.010128291,0.049085658,Metro,Less Likely,1724.0,0.0015666580685618,0.525522041763341,470.0,23000.0,0.0,0.8010440835266821,0.0127610208816705,0.0023201856148491,7685.111948955917,1318.0,1.0,364.0,6.0,0.856338028169014,1,1,1,Advances to Scoring,0.002360717658168083,0.36146837451094516,0.7083545051791559,0.9597762499999999,0.7191275973362022,0.059298625825343836,0.3333333333333333,0.3855429580563271,43.0,1
24045000500,Maryland,Wicomico County,Less likely to attract OZ investment,0,2890.0,57331.0,0.28062284,0.13779069,1551.0,198300.0,1589.0,0.44554454,0.33134919,0.12003873,0.10588235,0.27958477,0.41799307,0.25570935,0.019723183,0.18642049,Metro,Less Likely,,,,,,,,,,,,,,,,0,1,1,Advances to Scoring,0.07285174693106704,0.06880408228527743,0.7166438256167657,0.9977755714285715,0.51247877230575,0.3987349755668619,0.3333333333333333,0.38458940750543963,44.0,1
24005452300,Maryland,Baltimore County,Less likely to attract OZ investment,0,3028.0,46687.0,0.33751652,0.0088691795,1250.0,168200.0,1323.0,0.596268,0.4852941,0.0,0.023778072,0.41875824,0.17833553,0.35402906,0.014200793,0.24119531,Metro,Less Likely,,,,,,,,,,,,,,,,0,2,1,Advances to Scoring,0.05864022662889518,0.06880408228527743,0.7166438256167657,0.7945838571428573,0.6071165011425168,0.025665391988606866,0.6666666666666666,0.3794654004693472,45.0,1
24005492700,Maryland,Baltimore County,"More likely to attract OZ investment, with larger impact",0,2777.0,48034.0,0.16816708,0.05957447,2552.0,236700.0,1342.0,0.3417004,0.31611317,0.27138644,0.064097948,0.23082463,0.60821033,0.10586964,0.016924739,0.15789473,Metro,Goldilocks,,,,,,,,,,,,,,,,0,2,1,Advances to Scoring,0.12011331444759207,0.06880408228527743,0.7166438256167657,0.6005967142857143,0.5951400805540984,0.17239499156190266,0.6666666666666666,0.37934998129340664,46.0,1
24510271802,Maryland,Baltimore city,Less likely to attract OZ investment,0,2205.0,42850.0,0.25850341,0.1145281,501.0,142300.0,1453.0,0.43710291,0.3047404,0.35912052,0.048979592,0.070748299,0.89977324,0.0,0.011791383,0.1401138,Metro,Less Likely,1327.0,0.0,0.2614920874152223,365.0,42000.0,0.0,0.8741522230595328,0.0248681235870384,0.0,11144.310474755086,1369.0,2.0,401.0,15.0,0.8987517337031901,1,1,1,Advances to Scoring,0.0232766761095373,0.1798571198266392,0.7091914996820472,0.9232264642857142,0.6412319620168754,0.33141832118860215,0.3333333333333333,0.37860563871989544,47.0,1
24510200500,Maryland,Baltimore city,Likely to attract capital even without OZ designation,0,1663.0,47738.0,0.35898978,0.17857143,771.0,,1336.0,0.35789475,0.52094716,0.39746299,0.0,0.25796753,0.59410703,0.13349369,0.0,0.087862991,Metro,Already Attractive,1522.0,0.0055555555555555,0.3672798948751642,406.0,29000.0,0.0,0.92838370565046,0.0203679369250985,0.014454664914586,11446.714848883048,1294.0,5.0,341.0,23.0,1.0442338072669826,1,1,1,Advances to Scoring,0.03602455146364495,0.25264949426473726,0.7716442899940325,0.717893642857143,0.5977718700820656,0.5167451790682636,0.3333333333333333,0.37709058151250424,48.0,1
24510110100,Maryland,Baltimore city,Less likely to attract OZ investment,0,2309.0,50345.0,0.22823733,0.073246434,1357.0,151300.0,1513.0,0.14246273,0.28461042,0.17381386,0.082286701,0.64097011,0.15201385,0.048072759,0.043308791,0.6418882,Metro,Less Likely,917.0,0.1971296296296296,0.0338058887677208,193.0,160000.0,0.0,0.1068702290076335,0.1275899672846237,0.0,136338.71319520174,424.0,0.0,93.0,44.0,0.7740585774058577,1,2,1,Advances to Scoring,0.06369216241737488,0.024329426234054263,0.574216625293507,0.8151333214285713,0.5745925616381111,0.21195855156360535,0.6666666666666666,0.3761347809058349,49.0,1
24510160700,Maryland,Baltimore city,Less likely to attract OZ investment,0,3698.0,35565.0,0.25338021,0.1511372,148.0,92200.0,1387.0,0.60443252,0.40067911,0.32471657,0.0,0.0,0.93915629,0.045700379,0.0,0.097754292,Metro,Less Likely,2004.0,0.0009143941283183,0.1996007984031936,544.0,48900.0,0.0,0.9486027944111776,0.0079840319361277,0.0079840319361277,15160.805888223553,2242.0,3.0,598.0,17.0,0.7272727272727273,1,1,1,Advances to Scoring,0.0066100094428706326,0.13729261123450226,0.6419986992349462,0.9049293214285713,0.7060042144197171,0.4373567455772514,0.3333333333333333,0.37398634540693354,50.0,1
24510090600,Maryland,Baltimore city,Less likely to attract OZ investment,0,2377.0,52128.0,0.26598898,0.19341215,8.0,174800.0,1640.0,0.46077347,0.25204918,0.23240034,0.0096760625,0.021034919,0.88557005,0.073622212,0.0,0.13407134,Metro,Less Likely,1316.0,0.0017130396543708,0.2287234042553191,308.0,55122.5,0.0,0.8009118541033434,0.0083586626139817,0.0,7067.463525835867,1391.0,1.0,308.0,8.0,0.6539833531510107,1,1,1,Advances to Scoring,0.0,0.15732782310497692,0.6107857683692828,0.9499606428571428,0.5587395862044438,0.5596908536025491,0.3333333333333333,0.37310123894674524,51.0,1
24510260501,Maryland,Baltimore city,"More likely to attract OZ investment, with larger impact",0,4757.0,65495.0,0.13907285,0.11177945,7900.0,182900.0,1698.0,0.48039788,0.16891892,0.079202585,0.039520707,0.37481606,0.038469624,0.53247845,0.037418541,0.14172448,Metro,Goldilocks,2152.0,4.392827878764414,0.0608736059479553,397.0,120000.0,0.0,0.8996282527881041,0.0487918215613382,0.0185873605947955,234813.84711895912,1204.0,12.0,183.0,112.0,0.717546362339515,1,1,1,Advances to Scoring,0.37261567516525024,0.065877506691812,0.584293721866679,0.4966887499999999,0.43989117194654626,0.32346435208813645,0.3333333333333333,0.37248895340096594,52.0,1
24510280500,Maryland,Baltimore city,"More likely to attract OZ investment, with larger impact",0,2492.0,19150.0,0.66522986,0.2034384,2386.0,160500.0,509.0,0.059436914,0.35809311,0.12897366,0.040529694,0.043338683,0.91613162,0.0,0.0016051364,0.091220848,Metro,Goldilocks,356.0,0.0068844129447638,0.5,56.0,82500.0,0.0,0.1657303370786516,0.5056179775280899,0.0112359550561797,1566206.9353932585,326.0,6.0,41.0,42.0,0.7912087912087912,1,2,1,Advances to Scoring,0.11227573182247404,0.3439430977869958,0.6394809481070889,0.0,0.8519529478710067,0.5887045449395854,0.6666666666666666,0.3711956444741581,53.0,1
24510070200,Maryland,Baltimore city,Less likely to attract OZ investment,0,2675.0,45701.0,0.33531275,0.050890584,143.0,147100.0,1203.0,0.43865031,0.37704918,0.2835165,0.040373832,0.0056074765,0.55214953,0.16971962,0.0,0.09297052,Metro,Less Likely,1696.0,0.0,0.1875,536.0,51000.0,0.0,0.9091981132075472,0.0271226415094339,0.0,7556.132075471698,2624.0,1.0,585.0,32.0,0.5508274231678487,1,2,1,Advances to Scoring,0.006373937677053824,0.12896455223880599,0.5766707408052545,0.8024544642857144,0.6158832054485156,0.14726579689689726,0.6666666666666666,0.3687927555917588,54.0,1
24033804001,Maryland,Prince George's County,Less likely to attract OZ investment,0,5166.0,51179.0,0.26732481,0.14262362,332.0,313300.0,1671.0,0.10270823,0.38496584,0.13215077,0.011420828,0.011614402,0.63414633,0.33855981,0.0052264808,0.19368353,Metro,Less Likely,,,,,,,,,,,,,,,,0,1,1,Advances to Scoring,0.01529745042492918,0.06880408228527743,0.7166438256167657,0.9547314642857143,0.5671773168194467,0.4127203778133152,0.3333333333333333,0.36745518911325564,55.0,1
24510130400,Maryland,Baltimore city,Less likely to attract OZ investment,0,1661.0,41563.0,0.28149489,0.072335027,398.0,150000.0,1152.0,0.30036631,0.31413612,0.24793388,0.020469597,0.081878386,0.87658036,0.0078266105,0.0,0.34406623,Metro,Less Likely,777.0,0.0,0.1994851994851995,233.0,54000.0,0.0,0.9485199485199484,0.009009009009009,0.0,10643.114543114543,1066.0,7.0,292.0,15.0,0.7249190938511327,1,1,1,Advances to Scoring,0.018413597733711047,0.13720810362601407,0.6372614343507608,0.9946611071428573,0.6526749117550301,0.2093211466135578,0.3333333333333333,0.36692754416632734,56.0,1
24031700713,Maryland,Montgomery County,Less likely to attract OZ investment,0,4932.0,55106.0,0.27237669,0.050036259,1857.0,330400.0,1877.0,0.34272051,0.36297494,0.058529265,0.045417681,0.11901865,0.16768046,0.49594486,0.20194647,0.33905581,Metro,Less Likely,,,,,,,,,,,,,,,,0,1,1,Advances to Scoring,0.08729933899905572,0.06880408228527743,0.7166438256167657,0.9727738928571427,0.5322616496696926,0.14479357429607306,0.3333333333333333,0.36683640897485303,57.0,1
24017850901,Maryland,Charles County,Likely to attract capital even without OZ designation,0,6407.0,71306.0,0.17793038,0.11517368,5370.0,328500.0,1336.0,0.48601252,0.28757107,0.0,0.051818322,0.14733885,0.61635709,0.13235524,0.014671453,0.21336515,Metro,Already Attractive,,,,,,,,,,,,,,,,0,1,1,Advances to Scoring,0.25316336166194525,0.06880408228527743,0.7166438256167657,0.6354656428571428,0.38822452009851427,0.33328648314879306,0.3333333333333333,0.3666750980248198,58.0,1
24043000500,Maryland,Washington County,Less likely to attract OZ investment,0,6052.0,43843.0,0.29244813,0.06007326,1114.0,187800.0,1131.0,0.36788154,0.4024024,0.065294534,0.029907469,0.68787175,0.065598153,0.18126239,0.020489095,0.19848676,Metro,Less Likely,,,,,,,,,,,,,,,,0,1,1,Advances to Scoring,0.052219074598678,0.06880408228527743,0.7166438256167657,0.955542392857143,0.6324030194450125,0.17383837658641338,0.3333333333333333,0.36606532581549905,59.0,1
24510080301,Maryland,Baltimore city,Less likely to attract OZ investment,0,1895.0,45509.0,0.24973601,0.11111111,32.0,84100.0,1146.0,0.32416788,0.38758031,0.29345602,0.072295517,0.0089709759,0.89393139,0.097097628,0.0,0.12695493,Metro,Less Likely,1236.0,0.0,0.3923948220064724,389.0,30400.0,0.0,0.8705501618122977,0.0097087378640776,0.0008090614886731,9280.663430420713,1433.0,0.0,361.0,14.0,0.5975473801560758,1,1,1,Advances to Scoring,0.0011331444759206798,0.2698934534447503,0.6092459655742535,0.8919143214285714,0.6175903121693592,0.32153032785492913,0.3333333333333333,0.3649203599731875,60.0,1
24510271600,Maryland,Baltimore city,Less likely to attract OZ investment,0,3832.0,51375.0,0.28738689,0.10605031,388.0,165100.0,1373.0,0.52798235,0.35569423,0.2150289,0.035490606,0.053235907,0.87421709,0.054018788,0.0,0.13728191,Metro,Less Likely,1490.0,0.0070475665927691,0.3067114093959731,309.0,55000.0,0.0,0.7436241610738255,0.0208053691275167,0.0,25312.363758389263,1166.0,6.0,275.0,23.0,0.5382585751978892,1,1,1,Advances to Scoring,0.01794145420207743,0.21099798125116895,0.569082426884863,0.9736182500000001,0.5654346453752523,0.306885521559607,0.3333333333333333,0.3647474804615436,61.0,1
24510160100,Maryland,Baltimore city,Likely to attract capital even without OZ designation,0,2169.0,18750.0,0.34347627,0.02178899,17.0,126300.0,,0.1489726,0.1167002,0.2254642,0.0064545874,0.031350855,0.75426465,0.11065007,0.0,0.1732007,Metro,Already Attractive,1270.0,0.0,0.5133858267716536,314.0,37700.0,0.0,0.7275590551181103,0.0133858267716535,0.0,23671.574803149608,1186.0,0.0,379.0,15.0,0.7313868613138687,1,1,1,Advances to Scoring,0.00042492917847025496,0.35311239080189605,0.6520212003402965,0.7732990357142859,0.8555094202060975,0.06305239051547386,0.3333333333333333,0.3642930743027888,62.0,1
24043000700,Maryland,Washington County,Less likely to attract OZ investment,0,2935.0,32093.0,0.32494608,0.083550915,1039.0,185000.0,820.0,0.17601381,0.44397905,0.1370067,0.0088586034,0.36354345,0.28177172,0.22623509,0.025894377,0.18488745,Metro,Less Likely,,,,,,,,,,,,,,,,0,1,1,Advances to Scoring,0.048677998111425876,0.06880408228527743,0.7166438256167657,0.8394782857142857,0.7368743942883054,0.24177738025053766,0.3333333333333333,0.36347564457535403,63.0,1
24510200800,Maryland,Baltimore city,"More likely to attract OZ investment, with larger impact",0,2113.0,50579.0,0.26539379,0.10595358,573.0,119900.0,1398.0,0.39503106,0.18685831,0.18274112,0.036914341,0.094652154,0.71273071,0.057264552,0.0,0.084801041,Metro,Goldilocks,861.0,12.5,0.1393728222996515,191.0,71500.0,0.0,0.8954703832752613,0.0545876887340302,0.0104529616724738,16244.134727061555,829.0,2.0,211.0,30.0,0.6883910386965377,1,1,1,Advances to Scoring,0.02667610953729934,0.16417798161485775,0.6107300581979473,0.9478349642857142,0.572512025322083,0.30660560689928723,0.3333333333333333,0.3627320922017758,64.0,1
24033806712,Maryland,Prince George's County,Less likely to attract OZ investment,0,3561.0,84132.0,0.28840214,0.17744833,4751.0,199700.0,1960.0,0.59753728,0.33655393,0.08698225,0.047739398,0.085650101,0.76130301,0.0435271,0.076663859,0.38464782,Metro,Less Likely,,,,,,,,,,,,,,,,0,0,0,Advances to Scoring,0.22393767705382436,0.06880408228527743,0.7166438256167657,0.9699923571428574,0.2741862346738271,0.5134951826348386,0.0,0.3610992672016556,65.0,1
24005420401,Maryland,Baltimore County,Less likely to attract OZ investment,0,7513.0,44707.0,0.2966373,0.11203917,49.0,202700.0,1764.0,0.42524007,0.49005568,0.027135231,0.043391455,0.4265939,0.37481698,0.16691069,0.0,0.18419243,Metro,Less Likely,,,,,,,,,,,,,,,,0,1,1,Advances to Scoring,0.001935788479697828,0.06880408228527743,0.7166438256167657,0.9405810714285716,0.6247210392012164,0.32421592280640643,0.3333333333333333,0.35999814743873904,66.0,1
24045000300,Maryland,Wicomico County,Likely to attract capital even without OZ designation,0,1147.0,45822.0,0.37401918,0.047227927,547.0,,961.0,0.063679248,0.16372795,0.16039604,0.022667829,0.053182214,0.77855277,0.16129032,0.0,0.019261638,Metro,Already Attractive,,,,,,,,,,,,,,,,0,2,1,Advances to Scoring,0.025448536355051937,0.06880408228527743,0.7166438256167657,0.6642172142857143,0.6148073725671506,0.13666689903663692,0.6666666666666666,0.35960210466492853,67.0,1
24510080600,Maryland,Baltimore city,Less likely to attract OZ investment,0,1375.0,54167.0,0.22909091,0.11182519,23.0,159500.0,1184.0,0.45274389,0.28690809,0.42100617,0.045818184,0.010909091,0.88581818,0.035636365,0.0,0.12211538,Metro,Less Likely,1743.0,0.0025525936052251,0.4876649454962708,437.0,22000.0,0.0,0.8284566838783706,0.0080321285140562,0.0,4755.966724039014,2239.0,1.0,592.0,11.0,0.7130833970925784,1,1,1,Advances to Scoring,0.000708215297450425,0.33543523774245604,0.6573769395291871,0.8181818214285714,0.5406104684763183,0.3235967132642248,0.3333333333333333,0.35887844419430415,68.0,1
24510160500,Maryland,Baltimore city,Less likely to attract OZ investment,0,2942.0,37396.0,0.31747112,0.1517413,429.0,93200.0,1123.0,0.52772212,0.43564355,0.24546371,0.022773623,0.00033990483,0.94697487,0.048946295,0.0,0.070900388,Metro,Less Likely,1680.0,0.0032967032967032,0.1345238095238095,424.0,65000.0,0.0,0.9136904761904762,0.0101190476190476,0.0178571428571428,24072.20238095238,1726.0,0.0,377.0,20.0,0.5648232094288305,1,1,1,Advances to Scoring,0.01987724268177526,0.09254496595186629,0.5710549146707405,0.8661745714285716,0.6897244623058388,0.4391048738342471,0.3333333333333333,0.35820108203744,69.0,1
24045000200,Maryland,Wicomico County,Less likely to attract OZ investment,0,1909.0,56950.0,0.21005762,0.067010306,3348.0,199000.0,1346.0,0.38826466,0.20204082,0.14055794,0.048716605,0.50183344,0.40597171,0.039811421,0.0073336824,0.30162412,Metro,Less Likely,,,,,,,,,,,,,,,,0,1,1,Advances to Scoring,0.15769593956562794,0.06880408228527743,0.7166438256167657,0.7502057857142856,0.515866312204924,0.19391261285967826,0.3333333333333333,0.35686016241200774,70.0,1
24510200300,Maryland,Baltimore city,Likely to attract capital even without OZ designation,0,947.0,52409.0,0.30623019,0.0,84.0,,1563.0,0.34710744,0.33333334,0.56159419,0.0,0.24287222,0.7064414,0.0,0.021119324,0.054901961,Metro,Already Attractive,1093.0,0.0,0.505946935041171,293.0,23000.0,0.0,0.807868252516011,0.0741079597438243,0.0237877401646843,2954.986276303752,917.0,0.0,230.0,28.0,0.8829568788501027,1,1,1,Advances to Scoring,0.0035882908404154864,0.3479958396489647,0.7179685257236514,0.90632075,0.5562411643890426,0.0,0.3333333333333333,0.3562050695212698,71.0,1
24510140300,Maryland,Baltimore city,Less likely to attract OZ investment,0,1831.0,46000.0,0.3839432,0.1923077,153.0,240200.0,1158.0,0.27521008,0.25072464,0.30102789,0.03331513,0.069361001,0.8935008,0.025669033,0.0,0.25723222,Metro,Less Likely,1352.0,0.0003096948815564,0.4585798816568047,296.0,52000.0,0.0,0.6457100591715976,0.0658284023668639,0.0,29116.489644970414,1606.0,8.0,420.0,31.0,0.7844444444444445,1,1,1,Advances to Scoring,0.006846081208687441,0.3154179544508418,0.6602847972730357,0.628774285714286,0.6132247423780353,0.5564948260351944,0.3333333333333333,0.35609066180177273,72.0,1
24005430300,Maryland,Baltimore County,Less likely to attract OZ investment,0,5094.0,47910.0,0.28445229,0.0,944.0,184000.0,1513.0,0.51689863,0.3899177,0.10934041,0.033765215,0.58578718,0.17981939,0.15586965,0.0,0.0612358,Metro,Less Likely,,,,,,,,,,,,,,,,0,1,1,Advances to Scoring,0.04419263456090652,0.06880408228527743,0.7166438256167657,0.9840989642857144,0.5962425869779766,0.0,0.3333333333333333,0.3504177661448366,73.0,1
24003730205,Maryland,Anne Arundel County,Less likely to attract OZ investment,0,1961.0,41935.0,0.1973483,0.087751374,2064.0,238300.0,1546.0,0.16048318,0.16855088,0.033361133,0.049974501,0.58745539,0.1927588,0.12850587,0.050484445,0.22413793,Metro,Less Likely,,,,,,,,,,,,,,,,0,1,1,Advances to Scoring,0.09707271010387157,0.06880408228527743,0.7166438256167657,0.704815357142857,0.6493673924833957,0.2539325550067901,0.3333333333333333,0.3500163326873827,74.0,1
24510150100,Maryland,Baltimore city,"More likely to attract OZ investment, with larger impact",0,1938.0,38088.0,0.3998968,0.16352941,231.0,113700.0,1023.0,0.53396225,0.43927124,0.22965117,0.038183693,0.02992776,0.93808049,0.010319917,0.0,0.085833915,Metro,Goldilocks,1071.0,0.0,0.4239028944911298,234.0,40000.0,0.0,0.7432306255835668,0.0177404295051353,0.0,49148.64612511671,670.0,0.0,190.0,6.0,0.8356164383561644,1,1,1,Advances to Scoring,0.01052880075542965,0.2915650505641726,0.6879131012623378,0.571797142857143,0.6835717651661317,0.47321698803317797,0.3333333333333333,0.34892186340840226,75.0,1
24043000800,Maryland,Washington County,Less likely to attract OZ investment,0,3907.0,38319.0,0.33401957,0.073701844,864.0,200300.0,946.0,0.31293991,0.30181244,0.033490319,0.048374712,0.6375736,0.16048118,0.077041209,0.0071666241,0.16485575,Metro,Less Likely,,,,,,,,,,,,,,,,0,1,1,Advances to Scoring,0.04041548630783758,0.06880408228527743,0.7166438256167657,0.8070729642857144,0.6815179023926168,0.2132764047162596,0.3333333333333333,0.34832036558768076,76.0,1
24510260303,Maryland,Baltimore city,"More likely to attract OZ investment, with larger impact",0,1282.0,62625.0,0.23946957,0.021505376,719.0,215400.0,986.0,0.29523811,0.22586873,0.023904383,0.010920437,0.055382214,0.74882996,0.1599064,0.0,0.11197244,Metro,Goldilocks,200.0,0.0,0.385,35.0,154752.5,0.0,0.5,0.09,0.12,164438.5,151.0,2.0,28.0,27.0,1.2878787878787878,1,1,1,Advances to Scoring,0.03356940509915014,0.2648072139303483,0.763794431580773,0.8552484642857142,0.4654088609508229,0.062231675985628475,0.3333333333333333,0.34803382017625384,77.0,1
24025306100,Maryland,Harford County,Less likely to attract OZ investment,0,3981.0,56826.0,0.14686041,0.038372632,2030.0,278900.0,1300.0,0.45380953,0.16390584,0.012229539,0.030143181,0.67344886,0.21125345,0.045214768,0.040190905,0.26820388,Metro,Less Likely,,,,,,,,,,,,,,,,0,2,1,Advances to Scoring,0.09546742209631728,0.06880408228527743,0.7166438256167657,0.5245014642857142,0.5169688186288022,0.11104168563896574,0.6666666666666666,0.34781653542165963,78.0,1
24005421000,Maryland,Baltimore County,Less likely to attract OZ investment,0,1856.0,25833.0,0.22252156,0.069551781,167.0,207000.0,944.0,0.35106382,0.41728762,0.078431375,0.013469827,0.70959049,0.094288796,0.11422414,0.016702587,0.054520357,Metro,Less Likely,,,,,,,,,,,,,,,,0,1,1,Advances to Scoring,0.007507082152974505,0.06880408228527743,0.7166438256167657,0.7947198571428571,0.7925331863324768,0.20126706454308868,0.3333333333333333,0.3467356594499255,79.0,1
24510080400,Maryland,Baltimore city,Likely to attract capital even without OZ designation,0,806.0,35955.0,0.20719603,0.059496567,182.0,,1353.0,0.23960881,0.35691318,0.32730263,0.0,0.016129032,0.91439205,0.0,0.0086848633,0.18113208,Metro,Already Attractive,847.0,0.0024242424242424,0.4474616292798111,243.0,30500.0,0.0,0.859504132231405,0.0094451003541912,0.0011806375442739,18281.34592680048,1467.0,1.0,393.0,9.0,0.6263858093126385,1,1,1,Advances to Scoring,0.00821529745042493,0.3077822553390919,0.6195854192894208,0.7399858214285714,0.7025366538930036,0.1721695579654704,0.3333333333333333,0.3463821050455843,80.0,1
24510090700,Maryland,Baltimore city,Less likely to attract OZ investment,0,2628.0,44353.0,0.35654491,0.17563739,28.0,86900.0,1492.0,0.523395,0.13926941,0.31976312,0.069634706,0.0022831049,0.94063926,0.037671234,0.0,0.085488506,Metro,Less Likely,1534.0,6.199346071719473e-05,0.2281616688396349,449.0,39900.0,0.0,0.89374185136897,0.0254237288135593,0.0006518904823989,10418.208604954369,1830.0,0.0,460.0,11.0,0.7199248120300752,1,1,1,Advances to Scoring,0.0009442870632672333,0.15693243193057138,0.6462045838732011,0.7266253214285716,0.6278685172177717,0.5082547333951037,0.3333333333333333,0.3461766649456401,81.0,1
24033803525,Maryland,Prince George's County,Less likely to attract OZ investment,0,2065.0,52734.0,0.32832929,0.063227952,1557.0,250000.0,1743.0,0.21293533,0.36915296,0.089673914,0.03535109,0.0082324455,0.82760292,0.0,0.07360775,0.32873562,Metro,Less Likely,,,,,,,,,,,,,,,,0,1,1,Advances to Scoring,0.07313503305004722,0.06880408228527743,0.7166438256167657,0.8273953928571429,0.5533515306167812,0.1829673390550749,0.3333333333333333,0.34594323146557954,82.0,1
24005420900,Maryland,Baltimore County,Less likely to attract OZ investment,0,3813.0,48534.0,0.21872541,0.13871156,477.0,196100.0,1188.0,0.54574335,0.24335665,0.016249999,0.039601363,0.57539994,0.2074482,0.11460792,0.066614218,0.14013976,Metro,Less Likely,,,,,,,,,,,,,,,,0,1,1,Advances to Scoring,0.02214353163361662,0.06880408228527743,0.7166438256167657,0.7811621785714286,0.5906944901352349,0.40139976429061575,0.3333333333333333,0.3449196888684819,83.0,1
24033803403,Maryland,Prince George's County,Less likely to attract OZ investment,0,5177.0,49774.0,0.30770716,0.068659127,385.0,296700.0,1622.0,0.57525951,0.30957231,0.025705857,0.017191423,0.052153759,0.6594553,0.26076877,0.0,0.23435754,Metro,Less Likely,,,,,,,,,,,,,,,,0,1,1,Advances to Scoring,0.017799811142587347,0.06880408228527743,0.7166438256167657,0.9010458571428573,0.5796694258964533,0.1986839265177282,0.3333333333333333,0.34427935106117824,84.0,1
24510070100,Maryland,Baltimore city,Less likely to attract OZ investment,0,2369.0,59727.0,0.29886028,0.13646056,40.0,107900.0,1392.0,0.49565217,0.33497536,0.27672955,0.085268043,0.0067539047,0.9151541,0.0088644996,0.00042211905,0.13224894,Metro,Less Likely,1072.0,0.0,0.0960820895522388,353.0,55000.0,0.0,0.9822761194029852,0.0055970149253731,0.0,5400.186567164179,1349.0,1.0,348.0,15.0,0.7610966057441253,1,1,1,Advances to Scoring,0.001510859301227573,0.06608631283879113,0.6495655938492615,0.9326418571428573,0.49117550301855595,0.39488588131346386,0.3333333333333333,0.3439448740943107,85.0,1
24043000400,Maryland,Washington County,Less likely to attract OZ investment,0,1786.0,27316.0,0.38829488,0.033078879,2580.0,215900.0,727.0,0.11688311,0.20220588,0.18804921,0.052631579,0.29843226,0.31746921,0.2362822,0.0,0.070788532,Metro,Less Likely,,,,,,,,,,,,,,,,0,1,1,Advances to Scoring,0.1214353163361662,0.06880408228527743,0.7166438256167657,0.6132325714285716,0.7793475651501276,0.09572276624671942,0.3333333333333333,0.3439289308657958,86.0,1
24025301302,Maryland,Harford County,Less likely to attract OZ investment,0,8095.0,59210.0,0.22865966,0.12213039,896.0,187800.0,1381.0,0.54068834,0.29831934,0.023861852,0.030018531,0.22174181,0.53020382,0.088696726,0.015071032,0.15134673,Metro,Less Likely,,,,,,,,,,,,,,,,0,1,1,Advances to Scoring,0.041926345609065156,0.06880408228527743,0.7166438256167657,0.8166416428571427,0.4957722435116608,0.35341762257392945,0.3333333333333333,0.34284565670428124,87.0,1
24041960300,Maryland,Talbot County,Likely to attract capital even without OZ designation,1,3789.0,52561.0,0.1950095,0.058513749,2758.0,351200.0,968.0,0.5024845,0.50187266,0.052941177,0.031142782,0.51253629,0.23198733,0.18738453,0.019002376,0.33642334,Micro,Already Attractive,,,,,,,,,,,,,,,,0,1,1,Advances to Scoring,0.12983947119924458,0.06880408228527743,0.7166438256167657,0.6964625,0.554889704901708,0.16932550579317432,0.3333333333333333,0.34237709974930797,88.0,1
24031700721,Maryland,Montgomery County,Less likely to attract OZ investment,0,3732.0,71701.0,0.25744167,0.12878424,423.0,221200.0,1832.0,0.40000001,0.35737705,0.043887146,0.048499465,0.25428724,0.08574491,0.46945336,0.12245445,0.37796736,Metro,Less Likely,,,,,,,,,,,,,,,,0,1,1,Advances to Scoring,0.01959395656279509,0.06880408228527743,0.7166438256167657,0.9194345357142857,0.3847125036676121,0.3726723539144544,0.3333333333333333,0.3419992784418088,89.0,1
24005403402,Maryland,Baltimore County,"More likely to attract OZ investment, with larger impact",0,4841.0,47439.0,0.18886764,0.056627002,6197.0,219600.0,1593.0,0.61034346,0.63019252,0.025019245,0.097707085,0.26440817,0.39248088,0.18012807,0.0,0.323881,Metro,Goldilocks,,,,,,,,,,,,,,,,0,0,0,Advances to Scoring,0.2922096317280453,0.06880408228527743,0.7166438256167657,0.6745272857142857,0.600430333152546,0.16386568830517242,0.0,0.3419151431911347,90.0,1
24510151000,Maryland,Baltimore city,Less likely to attract OZ investment,0,5497.0,56369.0,0.23617619,0.15048154,748.0,246700.0,1063.0,0.61876678,0.30239099,0.16104363,0.034382392,0.040385664,0.82354009,0.050209206,0.0,0.15355805,Metro,Less Likely,1632.0,0.0460868479288154,0.1470588235294117,353.0,145000.0,0.0,0.9117647058823528,0.0232843137254901,0.0055147058823529,36081.06617647059,1635.0,0.0,360.0,22.0,0.6399197592778335,1,1,1,Advances to Scoring,0.03493862134088763,0.10140054532023854,0.537202180418129,0.8434863928571428,0.5210320882716434,0.4354594143854258,0.3333333333333333,0.33983279078907763,91.0,1
24510190100,Maryland,Baltimore city,Less likely to attract OZ investment,0,1478.0,26964.0,0.42692828,0.11901082,191.0,150000.0,951.0,0.20838627,0.4975923,0.24326923,0.056156971,0.0081190802,0.87415427,0.014884979,0.0,0.15415822,Metro,Less Likely,1045.0,0.0,0.5349282296650718,185.0,31092.5,0.0,0.6325358851674641,0.0401913875598086,0.000956937799043,21208.803827751195,972.0,4.0,279.0,29.0,0.7357142857142858,1,1,1,Advances to Scoring,0.008640226628895183,0.3679294912994835,0.6586203551502487,0.475256142857143,0.7824772608050075,0.34439029519985853,0.3333333333333333,0.3396930135846923,92.0,1
24001000500,Maryland,Allegany County,Less likely to attract OZ investment,1,2108.0,34545.0,0.33577052,0.083955221,3431.0,108200.0,826.0,0.58142495,0.33738601,0.3147341,0.08776091,0.79174572,0.10815939,0.024193548,0.012333966,0.15553924,Metro,Less Likely,,,,,,,,,,,,,,,,0,0,0,Advances to Scoring,0.16161473087818698,0.06880408228527743,0.7166438256167657,0.8008195714285715,0.7150732188741986,0.24294735002884077,0.0,0.3394713373033788,93.0,1
24510130100,Maryland,Baltimore city,Less likely to attract OZ investment,0,3093.0,34006.0,0.33225387,0.14358647,69.0,321200.0,1091.0,0.19089834,0.28487948,0.091299675,0.075978018,0.085677333,0.86647266,0.0084060784,0.0,0.25572139,Metro,Less Likely,622.0,0.0025184270173271,0.1318327974276527,132.0,175000.0,0.0,0.7186495176848875,0.0144694533762057,0.0,40605.32797427653,766.0,3.0,159.0,10.0,0.5991649269311065,1,1,1,Advances to Scoring,0.0028800755429650615,0.09068980489113083,0.4996167657926993,0.8133790357142858,0.7198655653457335,0.41550664712675395,0.3333333333333333,0.33894241949095166,94.0,1
24510250206,Maryland,Baltimore city,Likely to attract capital even without OZ designation,0,2713.0,63233.0,0.19719867,0.087478556,3427.0,134100.0,1106.0,0.64457256,0.02972973,0.029822927,0.01437523,0.44084039,0.34684852,0.13195725,0.027644673,0.26594535,Metro,Already Attractive,1221.0,0.034879027506267,0.1351351351351351,256.0,100000.0,0.0,0.8574938574938575,0.0442260442260442,0.0671580671580671,30507.424242424244,608.0,2.0,79.0,32.0,0.6388140161725068,1,1,1,Advances to Scoring,0.16142587346553353,0.0931380482111797,0.5711015959198603,0.7042809642857142,0.4600030230014849,0.2531430816500328,0.3333333333333333,0.3386083808919959,95.0,1
24045010503,Maryland,Wicomico County,Likely to attract capital even without OZ designation,0,4147.0,39442.0,0.2918559,0.13671209,1106.0,285000.0,1517.0,0.1104034,0.38663486,0.064857706,0.24837232,0.53460336,0.30865687,0.09380275,0.004099349,0.24651162,Metro,Already Attractive,,,,,,,,,,,,,,,,0,0,0,Advances to Scoring,0.05184135977337111,0.06880408228527743,0.7166438256167657,0.9576575,0.6715331063118493,0.3956137520310307,0.0,0.3379243161615886,96.0,1
24510272007,Maryland,Baltimore city,Less likely to attract OZ investment,0,3305.0,43422.0,0.24977155,0.098807499,882.0,203600.0,1564.0,0.36666667,0.32714137,0.1216992,0.052042361,0.32012102,0.5331316,0.10378215,0.020877458,0.38575152,Metro,Less Likely,797.0,0.0357142857142857,0.041405269761606,143.0,125000.0,0.0,0.7565872020075283,0.0238393977415307,0.0,41155.45796737767,312.0,0.0,54.0,7.0,0.5445544554455446,1,1,1,Advances to Scoring,0.04126534466477809,0.02867418581679275,0.5180026727618009,0.8920412499999999,0.6361462065776956,0.2859264707912249,0.3333333333333333,0.3379156987946962,97.0,1
24510151300,Maryland,Baltimore city,Less likely to attract OZ investment,0,4060.0,49591.0,0.23346496,0.060622316,473.0,142900.0,1222.0,0.45404071,0.37401131,0.24988431,0.015270936,0.059359606,0.8726601,0.030541873,0.0,0.19652359,Metro,Less Likely,1793.0,0.0075200905126805,0.286670384829894,430.0,48000.0,0.0,0.8276631344116007,0.0273284997211377,0.0117122141662018,20346.90462911321,1942.0,1.0,467.0,29.0,0.6156405990016639,1,1,1,Advances to Scoring,0.021954674220963172,0.19721612766918553,0.6023661206185332,0.8338034285714285,0.5812965119897573,0.17542722000351824,0.3333333333333333,0.337723292733416,98.0,1
24510090400,Maryland,Baltimore city,Less likely to attract OZ investment,0,1419.0,39129.0,0.29664722,0.038516406,320.0,122000.0,1220.0,0.3472023,0.32747254,0.12216625,0.018322762,0.12544045,0.70401692,0.12403101,0.0,0.10724365,Metro,Less Likely,582.0,0.0,0.2268041237113402,146.0,63000.0,0.0,0.788659793814433,0.0876288659793814,0.0017182130584192,6595.876288659794,877.0,9.0,141.0,9.0,0.2710144927536232,1,1,1,Advances to Scoring,0.014730878186968839,0.15599835872185466,0.4664634146341463,0.940545642857143,0.6743160459140578,0.1114577349553394,0.3333333333333333,0.3372154777825322,99.0,1
24011955600,Maryland,Caroline County,Less likely to attract OZ investment,1,4518.0,40931.0,0.29072347,0.063859984,2290.0,185600.0,1003.0,0.56078225,0.31407943,0.10880829,0.031872511,0.51903498,0.32226649,0.081673309,0.026339088,0.11423896,Outside CBSA,Less Likely,,,,,,,,,,,,,,,,0,0,0,Advances to Scoring,0.10774315391879132,0.06880408228527743,0.7166438256167657,0.961701892857143,0.6582941380444737,0.1847962961789377,0.0,0.3371122200388811,100.0,1
24510090900,Maryland,Baltimore city,"More likely to attract OZ investment, with larger impact",0,2268.0,43769.0,0.20723104,0.038194444,149.0,115800.0,1263.0,0.22765957,0.23829201,0.33143669,0.02425044,0.0,1.0,0.0,0.0,0.078431375,Metro,Goldilocks,1225.0,0.0006393861892583,0.4571428571428571,280.0,42722.0,0.0,0.713469387755102,0.0155102040816326,0.0,16906.69387755102,1473.0,47.0,410.0,8.0,0.7127906976744186,1,1,1,Advances to Scoring,0.006657223796033994,0.3144313551123212,0.641477016970939,0.7401108571428571,0.6330609668270043,0.11052605001927107,0.3333333333333333,0.3370414407050533,101.0,1
24033805908,Maryland,Prince George's County,"More likely to attract OZ investment, with larger impact",0,2952.0,72566.0,0.14055537,0.040352505,5902.0,279900.0,1924.0,0.215395,0.25129089,0.17904656,0.033197831,0.1104336,0.54098916,0.2862466,0.047425475,0.47307336,Metro,Goldilocks,,,,,,,,,,,,,,,,0,1,1,Advances to Scoring,0.27828139754485365,0.06880408228527743,0.7166438256167657,0.5019834642857143,0.37702163224297824,0.11677098862946887,0.3333333333333333,0.3357466536568784,102.0,1
24510160200,Maryland,Baltimore city,Less likely to attract OZ investment,0,1796.0,40990.0,0.16982183,0.09662398,54.0,120300.0,1170.0,0.40832397,0.21673004,0.20977777,0.061247215,0.016146993,0.84910911,0.033407573,0.094654791,0.06849315,Metro,Less Likely,1168.0,0.0012792397660818,0.5059931506849316,175.0,48200.0,0.0,0.7363013698630136,0.0017123287671232,0.0008561643835616,29320.804794520547,700.0,0.0,237.0,4.0,0.6470588235294118,1,1,1,Advances to Scoring,0.0021718602455146362,0.34803461866059104,0.6135611082618142,0.6065065357142857,0.6577695583750478,0.27960786250851166,0.3333333333333333,0.3328933883344353,103.0,1
24031701509,Maryland,Montgomery County,Less likely to attract OZ investment,0,6390.0,63200.0,0.2117371,0.034767237,2454.0,626300.0,1765.0,0.21758051,0.28476083,0.0051948051,0.03943662,0.12801252,0.43286386,0.29342723,0.1140845,0.40110859,Metro,Less Likely,,,,,,,,,,,,,,,,0,1,1,Advances to Scoring,0.11548630783758262,0.06880408228527743,0.7166438256167657,0.7562039285714286,0.46029643196912984,0.1006084910070651,0.3333333333333333,0.33207567655037706,104.0,1
24037875903,Maryland,St. Mary's County,Likely to attract capital even without OZ designation,1,2913.0,74019.0,0.26707861,0.033268102,1043.0,304100.0,,0.45771512,0.24350205,0.07607951,0.01888088,0.57844144,0.1764504,0.030552695,0.01888088,0.32026768,Metro,Already Attractive,,,,,,,,,,,,,,,,0,1,1,Advances to Scoring,0.04886685552407932,0.06880408228527743,0.7166438256167657,0.9538521785714285,0.3641027464857608,0.09627033465124436,0.3333333333333333,0.33177065729952354,105.0,1
24510210200,Maryland,Baltimore city,"More likely to attract OZ investment, with larger impact",0,3251.0,63777.0,0.17866161,0.06926883,4116.0,209200.0,1492.0,0.45352942,0.1227126,0.095744684,0.020609044,0.32205474,0.54352504,0.049215626,0.031374961,0.40145984,Metro,Goldilocks,1769.0,0.059540846750149,0.1079706048615036,493.0,132000.0,0.0,0.9174674957603166,0.0226116449971735,0.0265686828716789,39314.81062747315,1802.0,2.0,375.0,70.0,0.6872659176029963,1,1,1,Advances to Scoring,0.19395656279508972,0.07458877037579051,0.5642108895201258,0.6380771785714285,0.4551662206257613,0.20044826858472883,0.3333333333333333,0.3308227705707031,106.0,1
24510080102,Maryland,Baltimore city,Less likely to attract OZ investment,0,1697.0,48799.0,0.31426886,0.09137056,268.0,113100.0,1355.0,0.4034833,0.23357664,0.24534501,0.044784915,0.022981733,0.94755453,0.0,0.0,0.13470533,Metro,Less Likely,926.0,0.0270544932220127,0.0691144708423326,304.0,67000.0,0.0,0.9406047516198704,0.0453563714902807,0.0010799136069114,5598.488120950324,1090.0,0.0,246.0,20.0,0.641566265060241,1,1,1,Advances to Scoring,0.012275731822474031,0.04768554953268355,0.5972480740057883,0.8776112142857144,0.5883383272132372,0.2644056576618528,0.3333333333333333,0.3307577603683722,107.0,1
24005430900,Maryland,Baltimore County,Less likely to attract OZ investment,0,5768.0,60711.0,0.24861304,0.051483948,485.0,341000.0,1177.0,0.37106299,0.32394367,0.041961338,0.13228156,0.40360612,0.28432733,0.12239944,0.15013869,0.38304552,Metro,Less Likely,,,,,,,,,,,,,,,,0,1,1,Advances to Scoring,0.022521246458923512,0.06880408228527743,0.7166438256167657,0.8879037142857142,0.4824265810742324,0.1489828576071837,0.3333333333333333,0.33002409023244195,108.0,1
24001001100,Maryland,Allegany County,Less likely to attract OZ investment,1,1423.0,47054.0,0.21763869,0.027944112,1168.0,128400.0,871.0,0.27169275,0.1953125,0.26770833,0.06324666,0.8875615,0.0070274067,0.0042164442,0.013352073,0.29326922,Metro,Less Likely,,,,,,,,,,,,,,,,0,1,1,Advances to Scoring,0.05476864966949953,0.06880408228527743,0.7166438256167657,0.7772810357142856,0.6038534377750708,0.08086391624541289,0.3333333333333333,0.32979807977104264,109.0,1
24510180300,Maryland,Baltimore city,"More likely to attract OZ investment, with larger impact",0,1885.0,67895.0,0.25251991,0.04173765,1109.0,213100.0,1473.0,0.14915967,0.091358028,0.17432784,0.040318303,0.22228117,0.61697614,0.028647214,0.0,0.45333335,Metro,Goldilocks,1106.0,0.0118499029390118,0.2414104882459312,257.0,105000.0,0.0,0.8282097649186256,0.1066907775768535,0.0009041591320072,22909.358047016274,991.0,1.0,236.0,67.0,0.6353135313531353,1,1,1,Advances to Scoring,0.05198300283286119,0.16610953899479616,0.5660263383404458,0.9018568214285714,0.41855233793600133,0.12077928380334138,0.3333333333333333,0.3289267790754316,110.0,1
24510150701,Maryland,Baltimore city,Less likely to attract OZ investment,0,2195.0,56318.0,0.25649202,0.077568136,257.0,260100.0,1226.0,0.70412517,0.38942307,0.090556271,0.022779044,0.0,0.84282458,0.13895217,0.0,0.27620396,Metro,Less Likely,724.0,0.0,0.1256906077348066,109.0,100000.0,0.0,0.9267955801104972,0.0041436464088397,0.0013812154696132,48968.64640883978,789.0,0.0,189.0,3.0,0.64375,1,1,1,Advances to Scoring,0.011756373937677055,0.08645137571809458,0.5728843419329529,0.9160429285714284,0.5214855384943675,0.22446457603722733,0.3333333333333333,0.328701670678899,111.0,1
24011955302,Maryland,Caroline County,Less likely to attract OZ investment,1,3255.0,53636.0,0.18532944,0.074124917,1961.0,238900.0,978.0,0.45035461,0.14193548,0.044715445,0.050691243,0.76559138,0.16774194,0.0359447,0.0061443932,0.15320088,Outside CBSA,Less Likely,,,,,,,,,,,,,,,,0,1,1,Advances to Scoring,0.09220963172804533,0.06880408228527743,0.7166438256167657,0.6618908571428571,0.5453316855011514,0.2145006819320715,0.3333333333333333,0.3285606136304329,112.0,1
24043000302,Maryland,Washington County,Less likely to attract OZ investment,0,2936.0,52500.0,0.22002725,0.099925429,131.0,124900.0,1207.0,0.45044053,0.24849699,0.10453649,0.015667574,0.67064035,0.12125341,0.047683924,0.0,0.068351522,Metro,Less Likely,,,,,,,,,,,,,,,,0,1,1,Advances to Scoring,0.005807365439093485,0.06880408228527743,0.7166438256167657,0.7858116071428571,0.5554320669328093,0.28916150641834504,0.3333333333333333,0.328210950345815,113.0,1
24510080700,Maryland,Baltimore city,"More likely to attract OZ investment, with larger impact",0,1024.0,55500.0,0.390625,0.10515464,49.0,277500.0,1500.0,0.47513813,0.55263156,0.36155203,0.017578125,0.0390625,0.70898438,0.12304688,0.005859375,0.37205651,Metro,Goldilocks,1330.0,0.00091456487162,0.6180451127819548,254.0,34500.0,0.0,0.6157894736842106,0.0142857142857142,0.0030075187969924,13653.609022556391,1423.0,0.0,308.0,18.0,0.5219251336898396,1,1,1,Advances to Scoring,0.001935788479697828,0.4251031915848924,0.5788082224412892,0.6049107142857144,0.5287585244196282,0.30429365591493995,0.3333333333333333,0.3274298938362405,114.0,0
24001001800,Maryland,Allegany County,Less likely to attract OZ investment,1,4098.0,47468.0,0.26856947,0.083379045,1624.0,218500.0,988.0,0.46748802,0.25321338,0.17317487,0.14470473,0.77989262,0.14226452,0.011713031,0.027330404,0.50665122,Metro,Less Likely,,,,,,,,,,,,,,,,0,0,0,Advances to Scoring,0.07629839471199244,0.06880408228527743,0.7166438256167657,0.9591766785714284,0.6001724889082519,0.24128002748852825,0.0,0.3260065437251293,115.0,0
24033803900,Maryland,Prince George's County,Less likely to attract OZ investment,0,4453.0,82308.0,0.23063104,0.12951666,903.0,343900.0,1820.0,0.47534516,0.38157895,0.033365108,0.06490007,0.016842578,0.15562542,0.78845721,0.006961599,0.10133104,Metro,Less Likely,,,,,,,,,,,,,,,,0,1,1,Advances to Scoring,0.042256846081208686,0.06880408228527743,0.7166438256167657,0.8236822857142857,0.29040374852184114,0.3747918111201966,0.3333333333333333,0.3251739888592151,116.0,0
24510151200,Maryland,Baltimore city,Less likely to attract OZ investment,0,3453.0,40179.0,0.20764552,0.070036098,179.0,147000.0,672.0,0.47384807,0.32781065,0.1730175,0.0,0.011294526,0.95366347,0.0,0.0,0.12765957,Metro,Less Likely,1524.0,0.0012718023255813,0.2769028871391076,374.0,57500.0,0.0,0.8818897637795275,0.0039370078740157,0.0,23431.430446194227,1762.0,6.0,414.0,6.0,0.5046968403074296,1,1,1,Advances to Scoring,0.008073654390934845,0.19046378729055938,0.5550553335076216,0.7415911428571428,0.6649803060344444,0.2026685679912652,0.3333333333333333,0.32473347161422683,117.0,0
24005401507,Maryland,Baltimore County,Less likely to attract OZ investment,0,6311.0,76759.0,0.076740131,0.09154705,3300.0,261800.0,1498.0,0.33730975,0.079453759,0.030701755,0.022975756,0.16716844,0.53272063,0.16178101,0.12850578,0.3263889,Metro,Less Likely,,,,,,,,,,,,,,,,0,2,1,Advances to Scoring,0.15542965061378658,0.06880408228527743,0.7166438256167657,0.2740718964285713,0.3397409109903886,0.2649163796550281,0.6666666666666666,0.32282795355577265,118.0,0
24005490605,Maryland,Baltimore County,Likely to attract capital even without OZ designation,0,5521.0,2499.0,0.85589522,0.11985428,8133.0,,1226.0,0.0,0.52479339,0.23659305,0.3627966,0.47726861,0.3588118,0.082050353,0.039847855,0.26345608,Metro,Already Attractive,,,,,,,,,,,,,,,,0,0,0,Advances to Scoring,0.3836166194523135,0.06880408228527743,0.7166438256167657,0.0,1.0,0.346831076957259,0.0,0.32275234442818457,119.0,0
24033806713,Maryland,Prince George's County,Likely to attract capital even without OZ designation,0,3408.0,63293.0,0.10035212,0.069952302,1903.0,,1877.0,0.0,0.32615384,0.021820918,0.077758215,0.063673712,0.47769952,0.38644367,0.013497652,0.15887851,Metro,Already Attractive,,,,,,,,,,,,,,,,0,2,1,Advances to Scoring,0.08947119924457035,0.06880408228527743,0.7166438256167657,0.3584004285714285,0.4594695521512212,0.20242608139066393,0.6666666666666666,0.3226633382213705,120.0,0
24510150300,Maryland,Baltimore city,Less likely to attract OZ investment,0,1489.0,30990.0,0.4439221,0.19785276,206.0,82300.0,1557.0,0.53707051,0.4921875,0.41170213,0.049697783,0.006044325,0.96306247,0.014775016,0.0067159166,0.1627385,Metro,Less Likely,1172.0,0.0017490196078431,0.333617747440273,258.0,47450.0,0.0,0.7738907849829352,0.0093856655290102,0.0025597269624573,28183.0204778157,1306.0,5.0,306.0,2.0,0.583030303030303,1,1,1,Advances to Scoring,0.009348441926345609,0.2294754970849046,0.59100735678325,0.41456392857142876,0.7466813667523184,0.5725409708336331,0.3333333333333333,0.32209833153405404,121.0,0
24510080800,Maryland,Baltimore city,"More likely to attract OZ investment, with larger impact",0,2015.0,69250.0,0.29603255,0.05815161,131.0,284300.0,1154.0,0.34647551,0.37111518,0.10672358,0.032754343,0.059057072,0.83076924,0.077915631,0.0014888338,0.22916667,Metro,Goldilocks,886.0,0.0141695153272667,0.3623024830699774,191.0,175000.0,0.0,0.7392776523702032,0.0158013544018058,0.0022573363431151,30213.205417607223,665.0,3.0,128.0,12.0,0.4393939393939394,1,1,1,Advances to Scoring,0.005807365439093485,0.2492730535301926,0.44191173656362176,0.9427408928571429,0.40650478790088107,0.16827755774010333,0.3333333333333333,0.32136996704958115,122.0,0
24005450504,Maryland,Baltimore County,Less likely to attract OZ investment,0,6929.0,41634.0,0.20457526,0.06215287,133.0,193100.0,1282.0,0.16546762,0.35818964,0.044016507,0.06710925,0.29253861,0.51219511,0.074180976,0.0,0.21750593,Metro,Less Likely,,,,,,,,,,,,,,,,0,1,1,Advances to Scoring,0.005901794145420208,0.06880408228527743,0.7166438256167657,0.7306259285714285,0.6520436379155516,0.17985629581258605,0.3333333333333333,0.32087816742181224,123.0,0
24510250207,Maryland,Baltimore city,Less likely to attract OZ investment,0,1515.0,41292.0,0.19009902,0.12452351,766.0,92700.0,1176.0,0.068268016,0.26865673,0.12403101,0.042904291,0.054785479,0.90165019,0.0072607263,0.0,0.13177571,Metro,Less Likely,252.0,0.0,0.1666666666666666,31.0,59900.0,0.0,0.7658730158730159,0.0396825396825396,0.0634920634920634,125486.90476190476,155.0,1.0,23.0,10.0,0.3478260869565217,1,1,1,Advances to Scoring,0.03578847969782814,0.11463515754560527,0.49656852339937113,0.6789250714285714,0.6550844217620542,0.3603427685669466,0.3333333333333333,0.320324239530605,124.0,0
24510200600,Maryland,Baltimore city,Less likely to attract OZ investment,0,2232.0,49266.0,0.18670887,0.09760426,824.0,91700.0,1432.0,0.48450705,0.24954462,0.19011407,0.011200717,0.10573477,0.78673834,0.058243729,0.0,0.12459859,Metro,Less Likely,1347.0,0.0308035714285714,0.170007423904974,302.0,53000.0,0.0,0.8930957683741648,0.0334075723830735,0.0378619153674833,50621.90051967335,1053.0,5.0,232.0,19.0,0.6767515923566879,1,1,1,Advances to Scoring,0.038526912181303115,0.1171013166609895,0.6206268096590897,0.6668173928571428,0.5841861457620187,0.2824445702849854,0.3333333333333333,0.31870970174719077,125.0,0
24005450503,Maryland,Baltimore County,Less likely to attract OZ investment,0,5792.0,63816.0,0.22220305,0.10186436,27.0,182700.0,1420.0,0.45296609,0.27343145,0.053349379,0.06457182,0.23100829,0.59098756,0.059392266,0.0041436465,0.18184099,Metro,Less Likely,,,,,,,,,,,,,,,,0,1,1,Advances to Scoring,0.0008970727101038716,0.06880408228527743,0.7166438256167657,0.7935823214285714,0.45481946457308997,0.29477233255551605,0.3333333333333333,0.318291075524977,126.0,0
24510150702,Maryland,Baltimore city,Less likely to attract OZ investment,0,1779.0,41447.0,0.35091743,0.1273585,66.0,168300.0,1358.0,0.74065423,0.46846846,0.10740355,0.028105678,0.0,0.95334458,0.0,0.0,0.13773885,Metro,Less Likely,1040.0,0.0493421052631578,0.0865384615384615,214.0,89900.0,0.0,0.9567307692307692,0.0038461538461538,0.0,3105.8653846153848,1207.0,2.0,249.0,7.0,0.5106382978723404,1,1,1,Advances to Scoring,0.0027384324834749765,0.05979176877920351,0.5325061079280243,0.7467234642857146,0.6537062887322065,0.36854658602647383,0.3333333333333333,0.3181100281895451,127.0,0
24033803100,Maryland,Prince George's County,"More likely to attract OZ investment, with larger impact",0,3447.0,62563.0,0.26399767,0.17177244,605.0,340900.0,1735.0,0.51705426,0.33226323,0.030803908,0.029010734,0.047867712,0.82564551,0.034232665,0.031331591,0.40528825,Metro,Goldilocks,,,,,,,,,,,,,,,,0,0,0,Advances to Scoring,0.02818696883852691,0.06880408228527743,0.7166438256167657,0.9428488214285714,0.46596011416276195,0.4970704455174747,0.0,0.3161659333594278,128.0,0
24005430101,Maryland,Baltimore County,Less likely to attract OZ investment,0,4980.0,61061.0,0.19598393,0.099541858,702.0,193700.0,1382.0,0.34565917,0.1932842,0.086637296,0.035943776,0.27991968,0.39257029,0.26987952,0.026506023,0.16855307,Metro,Less Likely,,,,,,,,,,,,,,,,0,1,1,Advances to Scoring,0.03276676109537299,0.06880408228527743,0.7166438256167657,0.699942607142857,0.47931466778102805,0.2880515390227746,0.3333333333333333,0.31571788173587506,129.0,0
24033807000,Maryland,Prince George's County,"More likely to attract OZ investment, with larger impact",0,8443.0,45761.0,0.43134186,0.045560997,2993.0,436000.0,1575.0,0.26223564,0.43284193,0.13914174,0.12566623,0.27644202,0.27277035,0.24777922,0.14686723,0.47719142,Metro,Goldilocks,,,,,,,,,,,,,,,,0,1,1,Advances to Scoring,0.14093484419263455,0.06880408228527743,0.7166438256167657,0.4594933571428572,0.6153497345982519,0.1318431820436988,0.3333333333333333,0.3132077572884499,130.0,0
24510130300,Maryland,Baltimore city,Less likely to attract OZ investment,0,1789.0,48047.0,0.37003914,0.017587939,197.0,220400.0,1314.0,0.33615479,0.34790528,0.31483015,0.030743431,0.080491893,0.84237003,0.017328117,0.0089435438,0.27189782,Metro,Less Likely,1282.0,0.0,0.3720748829953198,316.0,46000.0,0.0,0.8127925117004681,0.0421216848673947,0.0,38361.70046801872,1221.0,1.0,273.0,13.0,0.6818181818181818,1,1,1,Advances to Scoring,0.008923512747875353,0.2559171769855869,0.6277920928054559,0.6784316428571431,0.595024495203208,0.05089550264561747,0.3333333333333333,0.3115051605037203,131.0,0
24510270102,Maryland,Baltimore city,Less likely to attract OZ investment,0,3785.0,69625.0,0.29978758,0.077805489,127.0,198100.0,1318.0,0.8252427,0.30158731,0.091367356,0.044914134,0.11334214,0.83196831,0.020607661,0.0,0.35147801,Metro,Less Likely,1479.0,0.0617682926829268,0.0466531440162271,268.0,133500.0,0.0,0.9621365787694388,0.0121703853955375,0.0,3597.90398918188,1087.0,2.0,255.0,20.0,0.7199367088607594,1,1,1,Advances to Scoring,0.005618508026440038,0.03242612325525148,0.5748674172772381,0.9293300714285715,0.4031705950867335,0.22515142173526195,0.3333333333333333,0.310792112888066,132.0,0
24001000700,Maryland,Allegany County,Less likely to attract OZ investment,1,3293.0,36673.0,0.39295477,0.048259493,742.0,129200.0,736.0,0.45219266,0.26640421,0.21810006,0.046462193,0.89705437,0.021257212,0.028849075,0.0,0.14109589,Metro,Less Likely,,,,,,,,,,,,,,,,0,1,1,Advances to Scoring,0.03465533522190746,0.06880408228527743,0.7166438256167657,0.5965901071428572,0.6961527860515155,0.13965201685414408,0.3333333333333333,0.31059342902739373,133.0,0
24510200100,Maryland,Baltimore city,"More likely to attract OZ investment, with larger impact",0,1587.0,88125.0,0.14718889,0.26530612,336.0,96300.0,1774.0,0.23902439,0.057692308,0.34713376,0.063642092,0.011342155,0.94770008,0.02016383,0.0,0.10666667,Metro,Goldilocks,898.0,0.0030075187969924,0.3273942093541203,272.0,28000.0,0.0,0.8853006681514477,0.0044543429844097,0.0055679287305122,14311.915367483296,1012.0,0.0,208.0,20.0,0.695142378559464,1,1,1,Advances to Scoring,0.015486307837582624,0.22520175750415,0.6463239503097086,0.5256746071428571,0.2386837495887829,0.7677356813870293,0.3333333333333333,0.3104409188240128,134.0,0
24510120400,Maryland,Baltimore city,Less likely to attract OZ investment,0,2081.0,60313.0,0.12830371,0.010752688,187.0,319300.0,986.0,0.31904161,0.12777779,0.16963351,0.031234983,0.24699664,0.68765014,0.044209514,0.00096107641,0.40000001,Metro,Less Likely,857.0,0.0005800837898807,0.4247374562427071,154.0,171750.0,0.0,0.5647607934655776,0.0186697782963827,0.0,101352.27537922988,754.0,1.0,168.0,19.0,0.6462882096069869,1,2,1,Advances to Scoring,0.008451369216241738,0.29214224158381213,0.5191135757018208,0.45822753571428565,0.48596527104764786,0.031115837992814237,0.6666666666666666,0.30932376182644483,135.0,0
24510090300,Maryland,Baltimore city,"More likely to attract OZ investment, with larger impact",0,4390.0,72701.0,0.25782856,0.067481883,655.0,212400.0,1052.0,0.46032482,0.23473775,0.059362724,0.020501139,0.18063781,0.7615034,0.013211845,0.018223235,0.41974199,Metro,Goldilocks,1651.0,0.0671751412429378,0.049061175045427,307.0,130000.0,0.0,0.9454875832828588,0.0199878861296184,0.0,41305.90551181103,1425.0,7.0,287.0,24.0,0.6267123287671232,1,1,1,Advances to Scoring,0.030547686496694995,0.03411194322101028,0.5438649347936265,0.9208162857142855,0.375821322829885,0.1952772496400942,0.3333333333333333,0.3089709877262312,136.0,0
24031700822,Maryland,Montgomery County,Less likely to attract OZ investment,0,1555.0,48693.0,0.24437299,0.0,2717.0,164600.0,1855.0,0.52519083,0.44051448,0.033923306,0.077170417,0.3118971,0.30482316,0.18778135,0.17234726,0.31777558,Metro,Less Likely,,,,,,,,,,,,,,,,0,0,0,Advances to Scoring,0.12790368271954675,0.06880408228527743,0.7166438256167657,0.8727606785714286,0.5892807923820362,0.0,0.0,0.3081341582756918,137.0,0
24510250203,Maryland,Baltimore city,Less likely to attract OZ investment,0,1682.0,42750.0,0.1843044,0.080898874,843.0,77800.0,1249.0,0.14526589,0.29135054,0.095070422,0.060642093,0.026159335,0.95124853,0.016646849,0.0,0.27468231,Metro,Less Likely,594.0,0.0318964532109852,0.074074074074074,79.0,85000.0,0.0,0.7306397306397306,0.0134680134680134,0.0033670033670033,237054.095959596,384.0,3.0,61.0,16.0,0.6410256410256411,1,1,1,Advances to Scoring,0.039423984891406985,0.05112328152052613,0.5833333027952505,0.65823,0.6421210801006482,0.23410297566386115,0.3333333333333333,0.307970165592584,138.0,0
24005420302,Maryland,Baltimore County,Less likely to attract OZ investment,0,2386.0,72028.0,0.21668063,0.09137056,123.0,189300.0,1365.0,0.60548526,0.13101605,0.098001905,0.051131602,0.83570832,0.092204526,0.029337805,0.013830679,0.21925829,Metro,Less Likely,,,,,,,,,,,,,,,,0,1,1,Advances to Scoring,0.005429650613786591,0.06880408228527743,0.7166438256167657,0.7738593928571429,0.38180508753367537,0.2644056576618528,0.3333333333333333,0.306961637914933,139.0,0
24047950000,Maryland,Worcester County,Likely to attract capital even without OZ designation,1,1837.0,62083.0,0.22509848,0.087235995,2777.0,435200.0,1169.0,0.52048725,0.16397229,0.83782327,0.10941753,0.72237343,0.023407729,0.22536744,0.026129559,0.31837073,Metro,Already Attractive,,,,,,,,,,,,,,,,0,0,0,Advances to Scoring,0.13073654390934844,0.06880408228527743,0.7166438256167657,0.8039231428571427,0.4702278809648709,0.25244116518232024,0.0,0.3069483883483585,140.0,0
24510271001,Maryland,Baltimore city,Less likely to attract OZ investment,0,1808.0,50078.0,0.19966814,0.053624626,76.0,189600.0,1124.0,0.39701173,0.1840708,0.11184834,0.071902655,0.024336284,0.81028759,0.030420354,0.052544247,0.21596579,Metro,Less Likely,865.0,0.0044117647058823,0.2057803468208092,189.0,68318.0,0.0,0.8739884393063584,0.0393063583815028,0.0,29012.60115606937,748.0,2.0,181.0,7.0,0.6961451247165533,1,1,1,Advances to Scoring,0.003210576015108593,0.14156208633460252,0.6159559326119747,0.7131004999999999,0.5769665069217843,0.15517749376167655,0.3333333333333333,0.30662214161899487,141.0,0
24033802001,Maryland,Prince George's County,Less likely to attract OZ investment,0,4546.0,65842.0,0.17630185,0.1233616,589.0,310600.0,1607.0,0.24026845,0.24440518,0.013680494,0.054333478,0.029476462,0.90233171,0.036295645,0.0,0.18255749,Metro,Less Likely,,,,,,,,,,,,,,,,0,1,1,Advances to Scoring,0.027431539187913124,0.06880408228527743,0.7166438256167657,0.6296494642857142,0.43680593219585495,0.3569804648041823,0.3333333333333333,0.304836784239061,142.0,0
24005421102,Maryland,Baltimore County,Less likely to attract OZ investment,0,2614.0,66023.0,0.21690895,0.055705301,161.0,178800.0,1883.0,0.62361622,0.42156863,0.051618546,0.041315991,0.7054323,0.058148433,0.22264728,0.0,0.13371488,Metro,Less Likely,,,,,,,,,,,,,,,,0,1,1,Advances to Scoring,0.0072237960339943345,0.06880408228527743,0.7166438256167657,0.7746748214285712,0.43519662846422635,0.16119849485607254,0.3333333333333333,0.30470477689530223,143.0,0
24510120300,Maryland,Baltimore city,Less likely to attract OZ investment,0,3186.0,59583.0,0.24168237,0.044329897,533.0,276900.0,1277.0,0.42251655,0.27637616,0.13018434,0.037664782,0.46453232,0.39453861,0.083804145,0.011613308,0.55758077,Metro,Less Likely,1367.0,0.0242207098544081,0.1046086320409656,297.0,169000.0,0.0,0.8939283101682517,0.0409656181419166,0.0,20608.99780541332,1283.0,0.0,259.0,21.0,0.5703794369645043,1,1,1,Advances to Scoring,0.024787535410764873,0.07208333471762111,0.49379338352375823,0.8631513214285713,0.4924558330591886,0.12828065812847372,0.3333333333333333,0.3044463333122023,144.0,0
24003730511,Maryland,Anne Arundel County,Likely to attract capital even without OZ designation,0,1316.0,40368.0,0.16641337,0.068571426,227.0,,1499.0,0.014184397,0.45467627,0.083224967,0.044832826,0.12537993,0.69756842,0.072948329,0.0053191488,0.1361015,Metro,Already Attractive,,,,,,,,,,,,,,,,0,1,1,Advances to Scoring,0.010339943342776204,0.06880408228527743,0.7166438256167657,0.5943334642857143,0.663299872856114,0.19843013973364151,0.3333333333333333,0.30437727354590255,145.0,0
24031703213,Maryland,Montgomery County,Less likely to attract OZ investment,0,6334.0,61892.0,0.18543047,0.11375256,118.0,272500.0,1902.0,0.1632653,0.32012194,0.047773279,0.066150934,0.11240922,0.16924535,0.4422166,0.078465424,0.23227753,Metro,Less Likely,,,,,,,,,,,,,,,,0,1,1,Advances to Scoring,0.005193578847969783,0.06880408228527743,0.7166438256167657,0.6622516785714285,0.4719260965048768,0.3291740844919783,0.3333333333333333,0.304343234285861,146.0,0
24510250402,Maryland,Baltimore city,Less likely to attract OZ investment,0,4186.0,40000.0,0.39727664,0.12850344,30.0,138600.0,938.0,0.36305732,0.31299999,0.15952891,0.048494983,0.2314859,0.3530817,0.3475872,0.018633541,0.06343434,Metro,Less Likely,1383.0,0.0,0.1033984092552422,402.0,70700.0,0.0,0.8966015907447578,0.0137382501807664,0.0,19059.21908893709,910.0,0.0,219.0,11.0,0.7073170731707317,1,1,1,Advances to Scoring,0.0010387157695939567,0.07111855760963798,0.6181753943301491,0.5811548571428573,0.6665718274043976,0.3718597824617737,0.3333333333333333,0.3042425749858599,147.0,0
24510160802,Maryland,Baltimore city,Less likely to attract OZ investment,0,2998.0,52122.0,0.35639906,0.093888395,11.0,140600.0,1670.0,0.74924773,0.34400001,0.19983949,0.021681121,0.00066711142,0.95096731,0.0,0.0056704469,0.18938547,Metro,Less Likely,1369.0,0.0185643564356435,0.1176040905770635,303.0,85000.0,0.0,0.9276844411979548,0.0,0.0007304601899196,12411.395178962746,1237.0,1.0,286.0,1.0,0.6106770833333334,1,1,1,Advances to Scoring,0.00014164305949008498,0.08099083985978182,0.572372211324951,0.7271462142857145,0.5587929332894701,0.2716917005520248,0.3333333333333333,0.3036851763494821,148.0,0
24033802803,Maryland,Prince George's County,Less likely to attract OZ investment,0,5903.0,96250.0,0.23855257,0.089430891,594.0,359800.0,1572.0,0.6875,0.40428573,0.069767445,0.059291884,0.036252752,0.72437745,0.17025241,0.013721837,0.29091868,Metro,Less Likely,,,,,,,,,,,,,,,,0,1,1,Advances to Scoring,0.027667610953729934,0.06880408228527743,0.7166438256167657,0.8519734642857142,0.16644290528225059,0.2587926959202228,0.3333333333333333,0.3033648815667288,149.0,0
24005420600,Maryland,Baltimore County,Less likely to attract OZ investment,0,4935.0,66750.0,0.20974667,0.037257824,675.0,174800.0,1807.0,0.74265236,0.16155989,0.083442837,0.065045595,0.46788248,0.16798379,0.24640325,0.0,0.19690032,Metro,Less Likely,,,,,,,,,,,,,,,,0,1,1,Advances to Scoring,0.03149197355996223,0.06880408228527743,0.7166438256167657,0.7490952499999999,0.4287327399951988,0.10781568437108807,0.3333333333333333,0.3032312807531054,150.0,0
24033801801,Maryland,Prince George's County,Less likely to attract OZ investment,0,1768.0,43649.0,0.3229638,0.10997442,533.0,315600.0,1707.0,0.31763285,0.44247788,0.043879908,0.071266972,0.084276021,0.87669683,0.010746607,0.0,0.17211704,Metro,Less Likely,,,,,,,,,,,,,,,,0,0,0,Advances to Scoring,0.024787535410764873,0.06880408228527743,0.7166438256167657,0.8465578571428571,0.6341279085275315,0.3182410050467111,0.0,0.30321288288705794,151.0,0
24510280404,Maryland,Baltimore city,"More likely to attract OZ investment, with larger impact",0,2806.0,62220.0,0.20146945,0.12688822,83.0,259100.0,1294.0,0.37957448,0.436214,0.036885247,0.067712046,0.13506772,0.71489668,0.044191018,0.0039201709,0.13961694,Metro,Goldilocks,850.0,0.0,0.148235294117647,133.0,140000.0,0.0,0.8611764705882353,0.0152941176470588,0.0,28308.117647058825,448.0,26.0,115.0,0.0,0.6716417910447762,1,1,1,Advances to Scoring,0.0035410764872521247,0.10195785776997363,0.5524703097861124,0.7195337499999999,0.4690097891901024,0.36718570246961235,0.3333333333333333,0.3027501944737629,152.0,0
24510280301,Maryland,Baltimore city,Less likely to attract OZ investment,0,3727.0,52303.0,0.18486251,0.029072957,295.0,380000.0,1414.0,0.21239838,0.29870969,0.048815854,0.03005098,0.11376442,0.66595119,0.1524014,0.0072444323,0.27937433,Metro,Less Likely,527.0,0.0043885049039402,0.4535104364326375,78.0,200000.0,0.0,0.8519924098671727,0.01707779886148,0.0,155310.74762808348,242.0,0.0,44.0,6.0,0.6462585034013606,1,1,1,Advances to Scoring,0.013550519357884797,0.3119534263222236,0.49757083441570205,0.66022325,0.5571836295578416,0.08413053740460569,0.3333333333333333,0.30273894385575506,153.0,0
24005420701,Maryland,Baltimore County,Less likely to attract OZ investment,0,2690.0,42935.0,0.16319703,0.039484978,864.0,182400.0,1251.0,0.47954544,0.45414847,0.028697573,0.01858736,0.63085502,0.16691449,0.057249069,0.10557621,0.12924866,Metro,Less Likely,,,,,,,,,,,,,,,,0,1,1,Advances to Scoring,0.04041548630783758,0.06880408228527743,0.7166438256167657,0.5828465357142856,0.6404762116456686,0.11426056243776758,0.3333333333333333,0.3026609648449922,154.0,0
24031701900,Maryland,Montgomery County,Less likely to attract OZ investment,0,2992.0,47227.0,0.38944891,0.081868134,132.0,613800.0,1451.0,0.16075471,0.34622303,0.070827492,0.11397059,0.33155081,0.13402407,0.46323529,0.012700534,0.3572585,Metro,Less Likely,,,,,,,,,,,,,,,,0,1,1,Advances to Scoring,0.0058545797922568464,0.06880408228527743,0.7166438256167657,0.6091110357142859,0.6023152634901441,0.23690779406209936,0.3333333333333333,0.30222805160471217,155.0,0
24005451200,Maryland,Baltimore County,Less likely to attract OZ investment,0,3655.0,77938.0,0.11792066,0.06857425,7741.0,262100.0,1443.0,0.87367767,0.088669948,0.031927712,0.034746923,0.7849521,0.10998632,0.0076607387,0.063201092,0.21536906,Metro,Less Likely,,,,,,,,,,,,,,,,0,0,0,Advances to Scoring,0.3651085930122757,0.06880408228527743,0.7166438256167657,0.4211452142857143,0.3292582087827084,0.198438311748536,0.0,0.30142611830060345,156.0,0
24510150800,Maryland,Baltimore city,Less likely to attract OZ investment,0,4917.0,64914.0,0.2113138,0.086150996,226.0,227400.0,1176.0,0.48351115,0.41032863,0.11273666,0.025422005,0.022167988,0.86678869,0.019320725,0.0,0.24493499,Metro,Less Likely,1181.0,0.0219310127528677,0.1566469093988145,279.0,123900.0,0.0,0.8518204911092294,0.0160880609652836,0.0,13149.703640982218,1568.0,7.0,385.0,26.0,0.693304535637149,1,1,1,Advances to Scoring,0.010292728989612842,0.10786331765308924,0.5725656581556252,0.7546921428571428,0.4450569480132657,0.24930142439319242,0.3333333333333333,0.3009416128121704,157.0,0
24510270701,Maryland,Baltimore city,Likely to attract capital even without OZ designation,0,2522.0,49855.0,0.19706582,0.0,265.0,,1292.0,0.0,0.20190641,0.091338582,0.070975415,0.041237112,0.92743856,0.0,0.0,0.18841463,Metro,Already Attractive,6.0,0.1687598894888861,0.0,3.0,,0.0,0.0,0.1666666666666666,0.0,1061733.3333333333,21.0,0.0,2.0,1.0,1.3333333333333333,1,1,1,Advances to Scoring,0.012134088762983946,0.0009223177396974894,0.8370349556931901,0.7038065,0.5789492402485974,0.0,0.3333333333333333,0.3009202993518376,158.0,0
24510270401,Maryland,Baltimore city,Less likely to attract OZ investment,0,4666.0,65485.0,0.2218302,0.11151079,409.0,207000.0,1233.0,0.69638032,0.28113878,0.11477762,0.042648949,0.18516931,0.73810542,0.010930133,0.0040720105,0.24638137,Metro,Less Likely,1846.0,0.0813552030196938,0.0574214517876489,327.0,140000.0,0.0,0.937703141928494,0.0341278439869989,0.0,16314.788732394369,1235.0,0.0,251.0,25.0,0.5652724968314322,1,1,1,Advances to Scoring,0.018932955618508027,0.03993973088382968,0.514052551178784,0.7922507142857143,0.4399800837549235,0.3226869110394285,0.3333333333333333,0.30052847791099413,159.0,0
24005452500,Maryland,Baltimore County,Less likely to attract OZ investment,0,4189.0,66310.0,0.20100263,0.067544363,271.0,225000.0,1853.0,0.78554595,0.25274727,0.050708428,0.039150156,0.61184055,0.1224636,0.039627597,0.0064454526,0.13622047,Metro,Less Likely,,,,,,,,,,,,,,,,0,1,1,Advances to Scoring,0.012417374881964116,0.06880408228527743,0.7166438256167657,0.7178665357142856,0.4326448595637987,0.1954580525758616,0.3333333333333333,0.30022719542009074,160.0,0
24033805202,Maryland,Prince George's County,Less likely to attract OZ investment,0,3829.0,54675.0,0.16533481,0.1083146,206.0,379200.0,1774.0,0.29794827,0.33926302,0.046768706,0.060067903,0.021676678,0.48263255,0.47975972,0.014102899,0.17092924,Metro,Less Likely,,,,,,,,,,,,,,,,0,1,1,Advances to Scoring,0.009348441926345609,0.06880408228527743,0.7166438256167657,0.5904814642857142,0.536093748610753,0.3134378627796582,0.3333333333333333,0.29998202854011863,161.0,0
24510272006,Maryland,Baltimore city,Less likely to attract OZ investment,0,3556.0,40370.0,0.21446665,0.024691358,434.0,233500.0,895.0,0.32118165,0.35277778,0.069590643,0.03430821,0.38048369,0.48818898,0.029246343,0.033183351,0.30868444,Metro,Less Likely,880.0,0.0401314736859737,0.0420454545454545,135.0,94500.0,0.0,0.5772727272727273,0.025,0.0,28392.773863636365,508.0,28.0,102.0,8.0,0.5209580838323353,1,1,1,Advances to Scoring,0.020113314447592068,0.02913865302675925,0.5327272424486604,0.7659523214285714,0.6632820904944385,0.07145118461082269,0.3333333333333333,0.29974050897495014,162.0,0
24033805602,Maryland,Prince George's County,Less likely to attract OZ investment,0,6200.0,86289.0,0.34125304,0.10065046,262.0,213300.0,1790.0,0.030973451,0.31202435,0.0,0.059999999,0.0,0.052741937,0.94064516,0.0024193549,0.0746888,Metro,Less Likely,,,,,,,,,,,,,,,,0,1,1,Advances to Scoring,0.011992445703493861,0.06880408228527743,0.7166438256167657,0.7812391428571429,0.2550079576068498,0.29125958153554066,0.3333333333333333,0.29950603985905766,163.0,0
24510271101,Maryland,Baltimore city,Likely to attract capital even without OZ designation,0,3588.0,68929.0,0.20721705,0.10144927,718.0,273900.0,856.0,0.57437068,0.15860215,0.06423983,0.16081382,0.41471571,0.30128205,0.14576365,0.08166109,0.61322957,Metro,Already Attractive,725.0,7.233796296296296e-05,0.1558620689655172,147.0,174900.0,0.0,0.5558620689655173,0.0303448275862068,0.0,418426.4827586207,474.0,0.0,64.0,31.0,0.6122448979591837,1,1,1,Advances to Scoring,0.03352219074598678,0.10720403233370882,0.5044171227852058,0.7400608928571428,0.40935885694979146,0.29357115632940056,0.3333333333333333,0.2987935655122643,164.0,0
24510280101,Maryland,Baltimore city,"More likely to attract OZ investment, with larger impact",0,2754.0,86686.0,0.097267762,0.015375154,3191.0,151500.0,1421.0,0.64232975,0.32568806,0.10433505,0.045025416,0.050108932,0.69753087,0.15141612,0.085330427,0.37233537,Metro,Goldilocks,1208.0,0.0386585365853658,0.1291390728476821,208.0,100000.0,0.0,0.8054635761589404,0.1142384105960264,0.0455298013245033,13877.235099337748,829.0,1.0,120.0,79.0,0.7452631578947368,1,2,1,Advances to Scoring,0.15028328611898017,0.08903454696499219,0.6095481933226745,0.34738486428571413,0.25147815881427216,0.04449220520288227,0.6666666666666666,0.2975388727442755,165.0,0
24005420301,Maryland,Baltimore County,Less likely to attract OZ investment,0,2424.0,64227.0,0.18358889,0.091378041,212.0,178900.0,1539.0,0.45735708,0.17789292,0.030881017,0.04579208,0.66831684,0.092409238,0.13778877,0.0,0.15857406,Metro,Less Likely,,,,,,,,,,,,,,,,0,1,1,Advances to Scoring,0.009631728045325779,0.06880408228527743,0.7166438256167657,0.6556746071428571,0.4511651892487841,0.26442730597751346,0.3333333333333333,0.29743228532401567,166.0,0
24005402503,Maryland,Baltimore County,Less likely to attract OZ investment,0,5996.0,51509.0,0.22778647,0.10622104,971.0,310200.0,1513.0,0.28917676,0.44268078,0.028420625,0.061040692,0.13842562,0.64009339,0.1769513,0.016344229,0.32336885,Metro,Less Likely,,,,,,,,,,,,,,,,0,0,0,Advances to Scoring,0.04546742209631728,0.06880408228527743,0.7166438256167657,0.813523107142857,0.5642432271429969,0.3073795754204196,0.0,0.29660425388416684,167.0,0
24510070300,Maryland,Baltimore city,"More likely to attract OZ investment, with larger impact",0,1028.0,66607.0,0.19747081,0.074141048,208.0,234200.0,1073.0,0.49189189,0.15957446,0.2025862,0.023346303,0.087548636,0.73151749,0.045719843,0.0048638131,0.30026454,Metro,Goldilocks,838.0,0.0041176470588235,0.2971360381861575,227.0,80000.0,0.0,0.788782816229117,0.1109785202863961,0.0,59283.05489260143,1505.0,0.0,272.0,55.0,0.4842209072978303,1,1,1,Advances to Scoring,0.009442870632672332,0.20439592333745918,0.5305105811205347,0.7052528928571428,0.43000417885499376,0.21454736138400596,0.3333333333333333,0.29636357082714154,168.0,0
24031701601,Maryland,Montgomery County,Less likely to attract OZ investment,0,2035.0,63274.0,0.20197532,0.048528243,27.0,514700.0,1915.0,0.12817089,0.32618684,0.01317523,0.064864866,0.033906635,0.60491401,0.24864864,0.045208845,0.3494918,Metro,Less Likely,,,,,,,,,,,,,,,,0,1,1,Advances to Scoring,0.0008970727101038716,0.06880408228527743,0.7166438256167657,0.7213404285714285,0.45963848458713796,0.1404297183424202,0.3333333333333333,0.2955892844607627,169.0,0
24510200702,Maryland,Baltimore city,"More likely to attract OZ investment, with larger impact",0,1265.0,50901.0,0.18418972,0.083032489,44.0,106100.0,1375.0,0.68296796,0.21808511,0.080620155,0.044268776,0.049011856,0.9217391,0.0,0.029249012,0.21462488,Metro,Goldilocks,634.0,0.0,0.167192429022082,145.0,54950.0,0.0,0.9353312302839116,0.028391167192429,0.0,11172.082018927444,589.0,0.0,115.0,5.0,0.5102564102564102,1,1,1,Advances to Scoring,0.0016997167138810198,0.11499678264827283,0.5590068997952873,0.6578204285714285,0.5696490650923349,0.2402771730997989,0.3333333333333333,0.29507036355441746,170.0,0
24033802501,Maryland,Prince George's County,Less likely to attract OZ investment,0,2755.0,61772.0,0.30127043,0.11455332,58.0,362200.0,1778.0,0.43984374,0.38075313,0.063643016,0.022867514,0.026497278,0.83303088,0.12196007,0.0,0.26167756,Metro,Less Likely,,,,,,,,,,,,,,,,0,0,0,Advances to Scoring,0.002360717658168083,0.06880408228527743,0.7166438256167657,0.9240341785714288,0.47299303820540406,0.3314913021431485,0.0,0.2930528225110669,171.0,0
24039930101,Maryland,Somerset County,"More likely to attract OZ investment, with larger impact",1,6288.0,67857.0,0.23295684,0.12459017,1234.0,216600.0,1003.0,0.41018906,0.24398932,0.29376855,0.10130407,0.22709924,0.7010178,0.032601781,0.0,0.25416923,Metro,Goldilocks,,,,,,,,,,,,,,,,0,0,0,Advances to Scoring,0.057884796978281396,0.06880408228527743,0.7166438256167657,0.8319887142857142,0.41889020280783495,0.36053566747376886,0.0,0.2928164923509364,172.0,0
24510260301,Maryland,Baltimore city,Less likely to attract OZ investment,0,4178.0,50342.0,0.19152543,0.054111406,172.0,136700.0,1547.0,0.52610439,0.33898306,0.11492891,0.03015797,0.066778362,0.85615128,0.014121589,0.0,0.19911326,Metro,Less Likely,1701.0,0.1036576406555345,0.0393885949441505,376.0,75000.0,0.0,0.9659024103468548,0.0188124632569077,0.0005878894767783,7311.861258083481,925.0,0.0,234.0,15.0,0.7720306513409961,1,1,1,Advances to Scoring,0.007743153918791312,0.027658423333518867,0.6382707777273804,0.6840193928571427,0.5746192351806243,0.15658612457270185,0.3333333333333333,0.2920607571608477,173.0,0
24033803612,Maryland,Prince George's County,Less likely to attract OZ investment,0,3992.0,75957.0,0.14529058,0.067059353,2306.0,360900.0,1853.0,0.281602,0.21951219,0.023824068,0.00501002,0.029559119,0.61097193,0.32064128,0.0027555111,0.31970534,Metro,Less Likely,,,,,,,,,,,,,,,,0,1,1,Advances to Scoring,0.1084985835694051,0.06880408228527743,0.7166438256167657,0.5188949285714286,0.34687163802224574,0.19405454374301026,0.3333333333333333,0.29051621409411105,174.0,0
24510280403,Maryland,Baltimore city,Less likely to attract OZ investment,0,4262.0,72949.0,0.23457088,0.02721943,642.0,319900.0,1326.0,0.55982435,0.32543641,0.093081132,0.050680432,0.26208353,0.56546223,0.12200845,0.0030502111,0.42257398,Metro,Less Likely,1284.0,0.0008189833675941,0.072429906542056,210.0,175000.0,0.0,0.9353582554517134,0.0054517133956386,0.0,46739.02258566978,798.0,0.0,158.0,3.0,0.7461706783369803,1,1,1,Advances to Scoring,0.029933899905571295,0.04982255844698551,0.5527113314111605,0.8377531428571428,0.3736163099821287,0.07876685105498715,0.3333333333333333,0.28955596063760897,175.0,0
24510260302,Maryland,Baltimore city,Less likely to attract OZ investment,0,4814.0,51715.0,0.20806485,0.022549869,186.0,154600.0,1398.0,0.74932617,0.10138249,0.04557148,0.06211051,0.056501869,0.90091401,0.014125467,0.0,0.16449553,Metro,Less Likely,2474.0,0.0483870967741935,0.0137429264349232,497.0,74900.0,0.0,0.9854486661277284,0.0028294260307194,0.0,4553.8803556992725,1123.0,0.0,274.0,9.0,0.7410852713178294,1,1,1,Advances to Scoring,0.008404154863078377,0.009716983592211724,0.6271703494246752,0.7430887499999999,0.5624116438904251,0.06525420160644334,0.3333333333333333,0.2893291324500144,176.0,0
24005491600,Maryland,Baltimore County,Less likely to attract OZ investment,0,3085.0,39306.0,0.19827288,0.095148079,887.0,208600.0,1542.0,0.58745873,0.53600001,0.15540069,0.076499186,0.42625609,0.33938411,0.14813614,0.05445705,0.22227579,Metro,Less Likely,,,,,,,,,,,,,,,,0,0,0,Advances to Scoring,0.0415014164305949,0.06880408228527743,0.7166438256167657,0.7081174285714286,0.6727423069057801,0.27533694007409965,0.0,0.2878900975473086,177.0,0
24005451300,Maryland,Baltimore County,Less likely to attract OZ investment,0,3379.0,60685.0,0.2139535,0.10332951,1499.0,241200.0,1327.0,0.53168243,0.1881804,0.11132686,0.052086417,0.52263981,0.23231725,0.10062148,0.042616159,0.1853117,Metro,Less Likely,,,,,,,,,,,,,,,,0,0,0,Advances to Scoring,0.07039660056657224,0.06880408228527743,0.7166438256167657,0.7641196428571427,0.48265775177601333,0.299012144036624,0.0,0.2878445457349842,178.0,0
24510260604,Maryland,Baltimore city,"More likely to attract OZ investment, with larger impact",0,1449.0,41467.0,0.39958593,0.060509555,59.0,141300.0,866.0,0.27366608,0.1563981,0.15429403,0.063492067,0.18702553,0.54520357,0.24775708,0.018633541,0.071668535,Metro,Goldilocks,284.0,0.0,0.1866197183098591,41.0,70000.0,0.0,0.8838028169014085,0.0211267605633802,0.0,97300.7042253521,62.0,1.0,11.0,2.0,0.55,1,1,1,Advances to Scoring,0.0024079320113314447,0.1283590848574031,0.5618901902574952,0.5729073928571431,0.653528465115452,0.17510091526856195,0.3333333333333333,0.28761151747363894,179.0,0
24033805601,Maryland,Prince George's County,Less likely to attract OZ investment,0,6662.0,61023.0,0.40674123,0.064353816,868.0,452700.0,1595.0,0.06815511,0.40290037,0.047032475,0.072200537,0.0,0.027319124,0.95646954,0.001951366,0.031801175,Metro,Less Likely,,,,,,,,,,,,,,,,0,1,1,Advances to Scoring,0.04060434372049103,0.06880408228527743,0.7166438256167657,0.5473527500000002,0.4796525326528617,0.18622533387701537,0.3333333333333333,0.2870683680275046,180.0,0
24001000800,Maryland,Allegany County,Less likely to attract OZ investment,1,1890.0,28056.0,0.37625861,0.073717952,944.0,91300.0,856.0,0.47426471,0.22610722,0.2243346,0.074074075,0.84285712,0.017460318,0.053968254,0.0063492064,0.11860068,Metro,Less Likely,,,,,,,,,,,,,,,,0,0,0,Advances to Scoring,0.04419263456090652,0.06880408228527743,0.7166438256167657,0.6562192500000001,0.7727680913302095,0.21332301761141553,0.0,0.28595420084611606,181.0,0
24510260402,Maryland,Baltimore city,Less likely to attract OZ investment,0,3253.0,37155.0,0.1653858,0.024495678,398.0,215200.0,1124.0,0.25617284,0.27697095,0.022624435,0.035351984,0.046418689,0.88410699,0.030740855,0.0,0.102649,Metro,Less Likely,528.0,0.0304024851431658,0.1212121212121212,74.0,143600.0,0.0,0.8768939393939394,0.034090909090909,0.0113636363636363,53928.97727272727,288.0,0.0,58.0,10.0,0.6647398843930635,1,1,1,Advances to Scoring,0.018413597733711047,0.08353718134753955,0.547233622322643,0.5906635714285713,0.691867236887731,0.07088493111416828,0.3333333333333333,0.2837289572062746,182.0,0
24033803200,Maryland,Prince George's County,Less likely to attract OZ investment,0,2936.0,62891.0,0.10675381,0.14528875,1184.0,272200.0,1634.0,0.41087344,0.12254161,0.047538199,0.029972753,0.006811989,0.74114442,0.23228882,0.0,0.19175911,Metro,Less Likely,,,,,,,,,,,,,,,,0,1,1,Advances to Scoring,0.055524079320113315,0.06880408228527743,0.7166438256167657,0.3812636071428571,0.4630438068479875,0.4204326589945221,0.3333333333333333,0.28370663070773294,183.0,0
24510200701,Maryland,Baltimore city,Less likely to attract OZ investment,0,4555.0,46023.0,0.15127529,0.091116175,207.0,122500.0,982.0,0.56706369,0.39354068,0.1360179,0.035345774,0.01053787,0.88232714,0.099012077,0.0,0.12869777,Metro,Less Likely,1868.0,0.0214061212855936,0.1124197002141327,432.0,70000.0,0.0,0.965203426124197,0.0032119914346895,0.0,14614.82869379015,1577.0,0.0,338.0,11.0,0.5961538461538461,1,1,1,Advances to Scoring,0.00939565627950897,0.07744049042530236,0.578559731345,0.5402688928571429,0.6130202452187675,0.2636695252224291,0.3333333333333333,0.2834034493376315,184.0,0
24033806601,Maryland,Prince George's County,"More likely to attract OZ investment, with larger impact",0,5850.0,85192.0,0.18153846,0.10074074,452.0,348300.0,1761.0,0.52203858,0.21613833,0.062621042,0.051282052,0.059487179,0.092478633,0.78034186,0.056410257,0.17995444,Metro,Goldilocks,,,,,,,,,,,,,,,,0,1,1,Advances to Scoring,0.020963172804532578,0.06880408228527743,0.7166438256167657,0.6483516428571429,0.2647615829858363,0.29152083136014184,0.3333333333333333,0.283260395513236,185.0,0
24003730513,Maryland,Anne Arundel County,Less likely to attract OZ investment,0,1483.0,80887.0,0.16260162,0.13247362,357.0,285200.0,1741.0,0.68823528,0.24528302,0.022988506,0.05124747,0.39919084,0.42211732,0.095751852,0.037086986,0.21678966,Metro,Less Likely,,,,,,,,,,,,,,,,0,1,1,Advances to Scoring,0.01647780925401322,0.06880408228527743,0.7166438256167657,0.5807200714285714,0.3030381164922513,0.38334858207004946,0.3333333333333333,0.28294392414122865,186.0,0
24047951300,Maryland,Worcester County,Less likely to attract OZ investment,1,2984.0,49167.0,0.17471848,0.11772575,1594.0,215200.0,989.0,0.58978873,0.23390558,0.076422766,0.05764075,0.60656834,0.31769437,0.039209116,0.0211126,0.20844613,Metro,Less Likely,,,,,,,,,,,,,,,,0,0,0,Advances to Scoring,0.0748819641170916,0.06880408228527743,0.7166438256167657,0.6239945714285714,0.5850663726649536,0.34067159435692274,0.0,0.28174501220037224,187.0,0
24510260202,Maryland,Baltimore city,Less likely to attract OZ investment,0,5580.0,31294.0,0.38817203,0.0045471769,112.0,122200.0,1339.0,0.2293932,0.3818844,0.10738885,0.050896056,0.10985663,0.76415771,0.057885304,0.02078853,0.21064411,Metro,Less Likely,1479.0,0.0326086956521739,0.0358350236646382,275.0,80000.0,0.0,0.9546991210277216,0.0162271805273833,0.0,9679.377958079784,918.0,0.0,192.0,11.0,0.6570397111913358,1,1,1,Advances to Scoring,0.004910292728989613,0.024825936706669455,0.59292813441812,0.6136713214285716,0.7439784477776494,0.013158497646827218,0.3333333333333333,0.28124623646910607,188.0,0
24003730206,Maryland,Anne Arundel County,Less likely to attract OZ investment,0,3338.0,65032.0,0.2483523,0.093447909,151.0,363200.0,1215.0,0.56972361,0.48321167,0.032218844,0.038346317,0.42989814,0.25943679,0.25014979,0.023367286,0.1985786,Metro,Less Likely,,,,,,,,,,,,,,,,0,0,0,Advances to Scoring,0.006751652502360718,0.06880408228527743,0.7166438256167657,0.8869724999999999,0.4440077886744138,0.27041703406731854,0.0,0.2810263847794449,189.0,0
24510260401,Maryland,Baltimore city,Less likely to attract OZ investment,0,2361.0,35625.0,0.40872511,0.02373247,267.0,45300.0,828.0,0.45882353,0.24247491,0.056362085,0.018212622,0.38034731,0.0,0.55993223,0.047013976,0.061212476,Metro,Less Likely,1550.0,0.0,0.0103225806451612,2.0,675000.0,0.0,0.9767741935483872,0.0090322580645161,0.0083870967741935,7710.129032258064,227.0,1.0,64.0,3.0,0.7874015748031497,1,2,1,Advances to Scoring,0.01222851746931067,0.0070999839512116214,0.18650527309442932,0.5402674642857144,0.7054707435694534,0.06867638042592923,0.6666666666666666,0.28025238505825834,190.0,0
24033805907,Maryland,Prince George's County,Less likely to attract OZ investment,0,3701.0,59095.0,0.14131023,0.10636364,31.0,123400.0,1553.0,0.33914423,0.13309352,0.061011903,0.060524184,0.031613078,0.46636045,0.41691434,0.085112132,0.27251279,Metro,Less Likely,,,,,,,,,,,,,,,,0,1,1,Advances to Scoring,0.0010859301227573181,0.06880408228527743,0.7166438256167657,0.5046793928571429,0.4967947293079994,0.30779222744731516,0.3333333333333333,0.2802514115278937,191.0,0
24510271002,Maryland,Baltimore city,"More likely to attract OZ investment, with larger impact",0,3830.0,63482.0,0.14655633,0.16065574,168.0,164900.0,1693.0,0.58081472,0.29937303,0.11563045,0.032637075,0.039164491,0.89530027,0.062663183,0.0,0.19719909,Metro,Goldilocks,1707.0,0.0,0.1206795547744581,379.0,100000.0,0.0,0.9162272993555948,0.0199179847685998,0.0,10195.02050380785,1589.0,4.0,326.0,21.0,0.574826560951437,1,1,1,Advances to Scoring,0.007554296506137866,0.08300471864462106,0.5479910297855227,0.5234154642857143,0.45778911897289076,0.4649012394347986,0.3333333333333333,0.2785092888626783,192.0,0
24005402307,Maryland,Baltimore County,Less likely to attract OZ investment,0,5956.0,55966.0,0.12510997,0.072151043,883.0,229600.0,1569.0,0.3915132,0.31513157,0.077888519,0.029885828,0.088985898,0.78257221,0.099059768,0.0,0.26339397,Metro,Less Likely,,,,,,,,,,,,,,,,0,1,1,Advances to Scoring,0.04131255901794145,0.06880408228527743,0.7166438256167657,0.44682132142857134,0.5246152341492474,0.2087887386856732,0.3333333333333333,0.27850246086535657,193.0,0
24005450200,Maryland,Baltimore County,Less likely to attract OZ investment,0,3320.0,60741.0,0.14909638,0.058742225,473.0,278200.0,1234.0,0.88160002,0.067567565,0.067859806,0.03373494,0.84578311,0.054216869,0.062650606,0.0087349396,0.10518175,Metro,Less Likely,,,,,,,,,,,,,,,,0,1,1,Advances to Scoring,0.021954674220963172,0.06880408228527743,0.7166438256167657,0.5324870714285714,0.48215984564910064,0.16998666346846877,0.3333333333333333,0.27819525305887205,194.0,0
24005451500,Maryland,Baltimore County,Less likely to attract OZ investment,0,4598.0,79640.0,0.17746846,0.058942065,387.0,186200.0,1827.0,0.63649744,0.34615386,0.089752175,0.084167026,0.46759459,0.35102218,0.12092214,0.0,0.23011468,Metro,Less Likely,,,,,,,,,,,,,,,,0,1,1,Advances to Scoring,0.01789423984891407,0.06880408228527743,0.7166438256167657,0.6338159285714284,0.31412541899689694,0.17056495506071845,0.3333333333333333,0.27541927198084554,195.0,0
24510260203,Maryland,Baltimore city,Less likely to attract OZ investment,0,2440.0,63702.0,0.17622951,0.071482316,287.0,170800.0,1307.0,0.4186489,0.28314239,0.069087692,0.024180328,0.073770493,0.89303279,0.0,0.0028688523,0.20824054,Metro,Less Likely,774.0,0.0,0.0684754521963824,137.0,99166.5,0.0,0.9121447028423773,0.0129198966408268,0.0,26362.403100775195,433.0,0.0,89.0,4.0,0.6848249027237354,1,1,1,Advances to Scoring,0.013172804532577903,0.047098165503233175,0.5883547934371685,0.6293911071428571,0.45583305918859085,0.20685359456232277,0.3333333333333333,0.2749793601191517,196.0,0
24043000601,Maryland,Washington County,Less likely to attract OZ investment,0,2271.0,57813.0,0.16910331,0.077677839,2428.0,226200.0,1081.0,0.34326825,0.14084508,0.078598484,0.026860414,0.50418317,0.22721268,0.13474241,0.019374724,0.15767635,Metro,Less Likely,,,,,,,,,,,,,,,,0,0,0,Advances to Scoring,0.11425873465533522,0.06880408228527743,0.7166438256167657,0.6039403928571428,0.5081932231419655,0.2247820316144119,0.0,0.2735914366044313,197.0,0
24510080500,Maryland,Baltimore city,Less likely to attract OZ investment,0,1543.0,27140.0,0.51911861,0.14135021,255.0,47600.0,1066.0,0.46536413,0.3654485,0.2442953,0.12119249,0.081659108,0.87880754,0.0,0.0,0.034313727,Metro,Less Likely,805.0,0.0,0.2782608695652174,250.0,32000.0,0.0,0.893167701863354,0.0136645962732919,0.0037267080745341,27410.186335403727,848.0,0.0,228.0,12.0,0.9859484777517564,1,1,1,Advances to Scoring,0.011661945231350331,0.19139087172831495,0.7483065945665343,0.07300248214285715,0.7809124129775675,0.4090354183633219,0.3333333333333333,0.2730605947217074,198.0,0
24510020200,Maryland,Baltimore city,Less likely to attract OZ investment,0,1512.0,63533.0,0.2308201,0.028634362,208.0,330900.0,1649.0,0.44141069,0.299389,0.15154441,0.012566137,0.48875663,0.17460318,0.1712963,0.12103175,0.54841268,Metro,Less Likely,883.0,0.0,0.0464326160815402,189.0,259900.0,0.0,0.8924122310305775,0.0849377123442808,0.0,7997.055492638731,802.0,7.0,135.0,39.0,0.4962686567164179,1,1,1,Advances to Scoring,0.009442870632672332,0.031936861558571804,0.39774300518365435,0.8243574999999999,0.45733566875016674,0.08286134304460395,0.3333333333333333,0.2724556844137807,199.0,0
24005411307,Maryland,Baltimore County,Less likely to attract OZ investment,0,3697.0,79327.0,0.24749798,0.010224949,1822.0,316600.0,1741.0,0.57767916,0.44444445,0.034883723,0.045712739,0.42629158,0.23478496,0.15093319,0.12009738,0.48519948,Metro,Less Likely,,,,,,,,,,,,,,,,0,0,0,Advances to Scoring,0.08564683663833805,0.06880408228527743,0.7166438256167657,0.883921357142857,0.3169083585991056,0.02958868113431618,0.0,0.2722610573494957,200.0,0
24033802106,Maryland,Prince George's County,Less likely to attract OZ investment,0,4640.0,56476.0,0.23217833,0.060126584,114.0,351600.0,1765.0,0.30038652,0.36464089,0.15135895,0.022413794,0.011853448,0.75150859,0.17413794,0.030172413,0.17557523,Metro,Less Likely,,,,,,,,,,,,,,,,0,0,0,Advances to Scoring,0.005004721435316336,0.06880408228527743,0.7166438256167657,0.8292083214285713,0.5200807319220065,0.17399268413677926,0.0,0.2717310250039334,201.0,0
24510151100,Maryland,Baltimore city,Less likely to attract OZ investment,0,5933.0,65855.0,0.17403035,0.075870648,453.0,197600.0,1177.0,0.78006387,0.45967743,0.03788396,0.0043822685,0.028653296,0.84881175,0.069442101,0.0,0.35334441,Metro,Less Likely,2172.0,0.1136669430203231,0.0552486187845303,378.0,145000.0,0.0,0.9488950276243094,0.0119705340699815,0.0013812154696132,19041.206261510128,1601.0,2.0,375.0,19.0,0.7104700854700855,1,1,1,Advances to Scoring,0.021010387157695938,0.03862182482630457,0.5626830809107657,0.6215369642857143,0.43669034684496444,0.21955243112957762,0.3333333333333333,0.2716698170352617,202.0,0
24039930600,Maryland,Somerset County,Less likely to attract OZ investment,1,2805.0,50440.0,0.17647059,0.13242376,642.0,126300.0,771.0,0.56820154,0.15895373,0.29688454,0.0171123,0.56684494,0.23778966,0.10338681,0.022459893,0.25594923,Metro,Less Likely,,,,,,,,,,,,,,,,0,0,0,Advances to Scoring,0.029933899905571295,0.06880408228527743,0.7166438256167657,0.6302521071428571,0.5737478994585271,0.383204298549285,0.0,0.2714699923088053,203.0,0
24510080200,Maryland,Baltimore city,Likely to attract capital even without OZ designation,0,1264.0,54766.0,0.46044305,0.067460321,362.0,,1613.0,0.5106383,0.53623188,0.30655739,0.059335444,0.024525316,0.75632912,0.21360759,0.0,0.18455498,Metro,Already Attractive,1417.0,0.0005896226415094,0.662667607621736,223.0,25436.5,0.0,0.6993648553281581,0.0261115031757233,0.0105857445306986,18064.925899788286,929.0,0.0,266.0,13.0,0.6983546617915904,1,1,1,Advances to Scoring,0.01671388101983003,0.45579325604528487,0.6494380287301542,0.1777802678571429,0.5352846511545198,0.1952148541071074,0.3333333333333333,0.2704658515269906,204.0,0
24510280200,Maryland,Baltimore city,Less likely to attract OZ investment,0,4557.0,72598.0,0.19973339,0.058277462,250.0,227900.0,788.0,0.87387389,0.18571429,0.082644626,0.054860655,0.03511082,0.91288126,0.0054860655,0.0,0.24676497,Metro,Less Likely,1528.0,0.0847446135426292,0.0890052356020942,293.0,175000.0,0.0,0.943717277486911,0.0117801047120418,0.0,25719.46269633508,1392.0,4.0,310.0,14.0,0.629976580796253,1,1,1,Advances to Scoring,0.011425873465533523,0.061681927115727085,0.5107451152777451,0.7133335357142857,0.376737114456171,0.168641744857136,0.3333333333333333,0.27006918621265263,205.0,0
24510250401,Maryland,Baltimore city,Less likely to attract OZ investment,0,3942.0,46637.0,0.14459665,0.021621622,261.0,127300.0,1272.0,0.36838579,0.11876988,0.12995338,0.056823947,0.28386605,0.19254185,0.44622019,0.059107054,0.20684105,Metro,Less Likely,1514.0,0.0032240172954486,0.1486129458388375,395.0,79900.0,0.0,0.8203434610303831,0.0885072655217965,0.0178335535006605,35708.18361955086,1126.0,0.0,280.0,36.0,0.6881559220389805,1,1,1,Advances to Scoring,0.011945231350330501,0.10223523087044036,0.6042427012932479,0.5164166071428571,0.607561060184403,0.06256806551941879,0.3333333333333333,0.2695001095702992,206.0,0
24033805906,Maryland,Prince George's County,Less likely to attract OZ investment,0,3945.0,78026.0,0.19091374,0.014574518,36.0,146400.0,1774.0,0.22845849,0.22540984,0.13533835,0.044106465,0.025855513,0.25095057,0.67832702,0.023574144,0.18725447,Metro,Less Likely,,,,,,,,,,,,,,,,0,1,1,Advances to Scoring,0.0013220018885741266,0.06880408228527743,0.7166438256167657,0.6818347857142857,0.32847578486898843,0.04217534637956156,0.3333333333333333,0.2688142970568887,207.0,0
24005450300,Maryland,Baltimore County,Likely to attract capital even without OZ designation,0,3285.0,64583.0,0.1150685,0.076492541,941.0,266100.0,,0.63218391,0.27083334,0.1,0.022526637,0.75098932,0.11293759,0.0152207,0.036834095,0.13743293,Metro,Already Attractive,,,,,,,,,,,,,,,,0,1,1,Advances to Scoring,0.044050991501416434,0.06880408228527743,0.7166438256167657,0.41095892857142857,0.4479999288705533,0.22135204828919994,0.3333333333333333,0.2672881659222404,208.0,0
24015030505,Maryland,Cecil County,"More likely to attract OZ investment, with larger impact",0,3710.0,89439.0,0.21314685,0.043934099,2823.0,290400.0,1556.0,0.77615064,0.47352025,0.041443851,0.032075472,0.6908356,0.14555256,0.091374665,0.0072776279,0.22678019,Metro,Goldilocks,,,,,,,,,,,,,,,,0,0,0,Advances to Scoring,0.13290840415486307,0.06880408228527743,0.7166438256167657,0.76123875,0.22700073796800957,0.1271353085706813,0.0,0.26685010466482423,209.0,0
24510090500,Maryland,Baltimore city,Less likely to attract OZ investment,0,1379.0,68569.0,0.11457578,0.097651422,1360.0,179000.0,1589.0,0.5332253,0.16319445,0.14661135,0.03408267,0.16751269,0.74764323,0.017403916,0.018129079,0.2966466,Metro,Less Likely,754.0,0.0123655146375886,0.156498673740053,142.0,74000.0,0.0,0.863395225464191,0.0557029177718832,0.0,115367.10875331564,761.0,1.0,156.0,34.0,0.6365591397849463,1,1,1,Advances to Scoring,0.06383380547686497,0.10770908154985771,0.5901042677411489,0.40919921428571426,0.4125596820513733,0.2825810464062508,0.3333333333333333,0.26632799226365184,210.0,0
24005402403,Maryland,Baltimore County,"More likely to attract OZ investment, with larger impact",0,2141.0,64976.0,0.14600939,0.05021834,125.0,258200.0,2277.0,0.90951824,0.85714287,0.042744655,0.052312005,0.06772536,0.84353107,0.05464736,0.009341429,0.25623003,Metro,Goldilocks,,,,,,,,,,,,,,,,0,1,1,Advances to Scoring,0.005524079320113315,0.06880408228527743,0.7166438256167657,0.5214621071428571,0.4445056948013265,0.14532047537397746,0.3333333333333333,0.2658736198134233,211.0,0
24510270803,Maryland,Baltimore city,Less likely to attract OZ investment,0,6260.0,60046.0,0.096571706,0.046149325,2783.0,204800.0,1244.0,0.39952233,0.16931818,0.040589198,0.021405751,0.022523962,0.92156547,0.0087859426,0.012939297,0.21910967,Metro,Less Likely,1473.0,0.046909483302879,0.0454854039375424,234.0,119300.0,0.0,0.9477257298031228,0.0074677528852681,0.0,153204.33333333334,951.0,2.0,230.0,18.0,0.8011363636363636,1,1,1,Advances to Scoring,0.13101983002832862,0.031541731497480796,0.6150177426096971,0.3448989499999999,0.48833921633132094,0.1335456697132598,0.3333333333333333,0.2658451487593589,212.0,0
24019970400,Maryland,Dorchester County,Less likely to attract OZ investment,1,3386.0,62798.0,0.12335723,0.090909094,3705.0,293100.0,1057.0,0.52207792,0.2173913,0.23383084,0.033372711,0.67011225,0.15416421,0.066450089,0.0094506796,0.31163132,Micro,Less Likely,,,,,,,,,,,,,,,,0,0,0,Advances to Scoring,0.17455146364494806,0.06880408228527743,0.7166438256167657,0.4405615357142856,0.46387068666589615,0.2630702798200339,0.0,0.26580323293872943,213.0,0
24005430104,Maryland,Baltimore County,Less likely to attract OZ investment,0,3226.0,73428.0,0.16274023,0.011568123,503.0,286400.0,1554.0,0.88899523,0.05172414,0.035977859,0.046187229,0.39305642,0.061996281,0.35244885,0.036577806,0.17601381,Metro,Less Likely,,,,,,,,,,,,,,,,0,1,1,Advances to Scoring,0.023371104815864022,0.06880408228527743,0.7166438256167657,0.5812151071428571,0.36935743436085744,0.03347552176246053,0.3333333333333333,0.2637282551291802,214.0,0
24005408507,Maryland,Baltimore County,Less likely to attract OZ investment,0,6513.0,53858.0,0.20819898,0.04987013,407.0,344600.0,1564.0,0.091403008,0.26802674,0.038709678,0.083064638,0.32765239,0.27713802,0.21403347,0.12482727,0.42870611,Metro,Less Likely,,,,,,,,,,,,,,,,0,0,0,Advances to Scoring,0.018838526912181304,0.06880408228527743,0.7166438256167657,0.7435677857142857,0.543357843355176,0.14431283468473977,0.0,0.2629884094770039,215.0,0
24001001700,Maryland,Allegany County,Less likely to attract OZ investment,1,4382.0,58840.0,0.20701168,0.042907622,851.0,152900.0,818.0,0.52352941,0.087542087,0.098360658,0.074395254,0.90004563,0.046097673,0.020538567,0.016430853,0.22195207,Metro,Less Likely,,,,,,,,,,,,,,,,0,0,0,Advances to Scoring,0.03980169971671388,0.06880408228527743,0.7166438256167657,0.7393274285714285,0.49906198042161976,0.12416491716386749,0.0,0.2625998880519097,216.0,0
24005420702,Maryland,Baltimore County,"More likely to attract OZ investment, with larger impact",0,2679.0,81053.0,0.1728534,0.027821939,189.0,240800.0,2065.0,0.77980536,0.24861878,0.017921148,0.038073909,0.46211272,0.087346025,0.33743933,0.081746921,0.12216405,Metro,Goldilocks,,,,,,,,,,,,,,,,0,1,1,Advances to Scoring,0.008545797922568462,0.06880408228527743,0.7166438256167657,0.6173335714285713,0.3015621804731886,0.08051037531917231,0.3333333333333333,0.2616816955998187,217.0,0
24510270901,Maryland,Baltimore city,Less likely to attract OZ investment,0,3243.0,51784.0,0.14600807,0.053240743,26.0,162200.0,1328.0,0.49108684,0.12881356,0.047645126,0.051803887,0.012642615,0.94480419,0.017267961,0.012642615,0.18474068,Metro,Less Likely,1137.0,0.044009167842031,0.0246262093227792,207.0,141000.0,0.0,0.9604221635883904,0.0061565523306948,0.0,9666.051011433598,736.0,0.0,156.0,2.0,0.8775510204081632,1,1,1,Advances to Scoring,0.0008498583569405099,0.017178698135456787,0.6260770491128327,0.5214573928571428,0.5617981524126219,0.15406662350893643,0.3333333333333333,0.2616478602451688,218.0,0
24510160801,Maryland,Baltimore city,"More likely to attract OZ investment, with larger impact",0,3335.0,74396.0,0.1934033,0.0354493,63.0,180400.0,1511.0,0.7471087,0.59451222,0.040680472,0.017991005,0.0041979011,0.96611696,0.0,0.0,0.17235567,Metro,Goldilocks,1049.0,0.0,0.0352716873212583,227.0,109900.0,0.0,0.9818875119161106,0.0,0.0,5701.811248808389,785.0,1.0,168.0,8.0,0.7367256637168141,1,1,1,Advances to Scoring,0.0025967894239848914,0.02426025259783065,0.5989189458990545,0.6907260714285713,0.3607507713099377,0.10258222648687192,0.3333333333333333,0.26147272769306984,219.0,0
24033804300,Maryland,Prince George's County,"More likely to attract OZ investment, with larger impact",0,3704.0,79375.0,0.074537538,0.013963964,4011.0,351400.0,1575.0,0.31897926,0.31850117,0.027152831,0.073434122,0.033477321,0.47084233,0.45815334,0.029427646,0.24353628,Metro,Goldilocks,,,,,,,,,,,,,,,,0,1,1,Advances to Scoring,0.18899905571293674,0.06880408228527743,0.7166438256167657,0.2662054928571429,0.31648158191889464,0.040408541711755265,0.3333333333333333,0.2614322546071922,220.0,0
24510130200,Maryland,Baltimore city,Less likely to attract OZ investment,0,2026.0,59194.0,0.089426875,0.074708171,84.0,353200.0,1160.0,0.33607307,0.22833562,0.20421511,0.045409676,0.27147087,0.69990128,0.013326752,0.0083909184,0.28924599,Metro,Less Likely,765.0,0.0041922192410885,0.1908496732026143,217.0,285000.0,0.0,0.8797385620915033,0.0026143790849673,0.0,28621.176470588234,1256.0,2.0,592.0,9.0,1.6553911205073997,1,1,1,Advances to Scoring,0.0035882908404154864,0.131291405725266,0.7972560975609756,0.3193816964285715,0.4959145024050644,0.21618848659753384,0.3333333333333333,0.261350849327849,221.0,0
24033801907,Maryland,Prince George's County,Less likely to attract OZ investment,0,3243.0,55117.0,0.1884058,0.02489019,1497.0,358000.0,1200.0,0.40297714,0.27515584,0.068350665,0.0064754859,0.031144002,0.89515883,0.036077704,0.0083256243,0.19546743,Metro,Less Likely,,,,,,,,,,,,,,,,0,0,0,Advances to Scoring,0.07030217186024551,0.06880408228527743,0.7166438256167657,0.6728778571428571,0.5321638466804777,0.07202655927990889,0.0,0.26092171197585257,222.0,0
24047951500,Maryland,Worcester County,Less likely to attract OZ investment,1,4953.0,52264.0,0.15178753,0.08792904,1652.0,193300.0,870.0,0.59304982,0.39438203,0.13625592,0.03452453,0.58590752,0.33414093,0.01312336,0.011306279,0.19407798,Metro,Less Likely,,,,,,,,,,,,,,,,0,0,0,Advances to Scoring,0.07762039660056658,0.06880408228527743,0.7166438256167657,0.5420983214285714,0.5575303856105129,0.2544466800769894,0.0,0.260630512597576,223.0,0
24510250204,Maryland,Baltimore city,Likely to attract capital even without OZ designation,0,4306.0,21016.0,0.48954946,0.1263911,185.0,,561.0,0.015065913,0.2332696,0.084482759,0.078959592,0.0074314908,0.91244775,0.080120765,0.0,0.028611632,Metro,Already Attractive,250.0,0.0007279481282707,0.192,58.0,54525.0,0.0,0.848,0.008,0.02,313074.8,191.0,0.0,36.0,1.0,0.6324786324786325,1,1,1,Advances to Scoring,0.008356940509915015,0.13206367992292334,0.6034742470834722,0.1258045357142858,0.8353620044278081,0.3657471500459777,0.3333333333333333,0.26036880125567446,224.0,0
24023000700,Maryland,Garrett County,Less likely to attract OZ investment,1,5458.0,53750.0,0.15711094,0.052934408,2086.0,211900.0,803.0,0.76923078,0.20108695,0.10479042,0.017039208,0.94705021,0.0029314768,0.016489556,0.001832173,0.17456791,Outside CBSA,Less Likely,,,,,,,,,,,,,,,,0,0,0,Advances to Scoring,0.09811142587346554,0.06880408228527743,0.7166438256167657,0.5611105,0.5443180908856505,0.15318015956322084,0.0,0.26020709705157224,225.0,0
24003730404,Maryland,Anne Arundel County,Less likely to attract OZ investment,0,2019.0,63536.0,0.13670133,0.014155713,561.0,325400.0,1762.0,0.56850195,0.40059346,0.033415843,0.04408123,0.5785042,0.10797425,0.23922734,0.036156513,0.21835443,Metro,Less Likely,,,,,,,,,,,,,,,,0,1,1,Advances to Scoring,0.026109537299339,0.06880408228527743,0.7166438256167657,0.4882190357142857,0.45730899520765356,0.04096341978682674,0.3333333333333333,0.2599945620865659,226.0,0
24031701422,Maryland,Montgomery County,Likely to attract capital even without OZ designation,0,2604.0,61157.0,0.11021505,0.06793651,411.0,,1770.0,0.0,0.38401389,0.026226735,0.034946237,0.063748077,0.80107528,0.082949311,0.016129032,0.22692977,Metro,Already Attractive,,,,,,,,,,,,,,,,0,1,1,Advances to Scoring,0.01902738432483475,0.06880408228527743,0.7166438256167657,0.3936251785714284,0.47846111442060624,0.1965928369685054,0.3333333333333333,0.2582464029186156,227.0,0
24019970600,Maryland,Dorchester County,Less likely to attract OZ investment,1,4912.0,47610.0,0.15859121,0.031283326,1771.0,222000.0,1160.0,0.46499768,0.18110919,0.13199195,0.034405537,0.36929968,0.44645765,0.078583062,0.037866451,0.14102565,Micro,Less Likely,,,,,,,,,,,,,,,,0,0,0,Advances to Scoring,0.08323890462700662,0.06880408228527743,0.7166438256167657,0.5663971785714286,0.5989099412292946,0.09052684349182209,0.0,0.25698526221200135,228.0,0
24005451402,Maryland,Baltimore County,Less likely to attract OZ investment,0,5202.0,53735.0,0.35313341,0.023310944,376.0,236700.0,1760.0,0.41084462,0.5,0.10624418,0.07285659,0.27470204,0.5695886,0.0082660513,0.09150327,0.29001367,Metro,Less Likely,,,,,,,,,,,,,,,,0,0,0,Advances to Scoring,0.01737488196411709,0.06880408228527743,0.7166438256167657,0.7388092500000002,0.5444514585982164,0.06745657987691683,0.0,0.25579639677512,229.0,0
24510100200,Maryland,Baltimore city,Likely to attract capital even without OZ designation,0,2796.0,24360.0,0.47782004,0.06577345,40.0,,473.0,0.15242881,0.12351779,0.019704433,0.039341915,0.017167382,0.92560804,0.0064377682,0.019670958,0.057860263,Metro,Already Attractive,344.0,0.0,0.2587209302325581,47.0,59000.0,0.0,0.1860465116279069,0.0261627906976744,0.0,155678.1976744186,140.0,1.0,49.0,1.0,0.7948717948717948,1,1,1,Advances to Scoring,0.001510859301227573,0.17795108758532915,0.6587155129243318,0.14674992857142866,0.8056298957064487,0.1903334323871824,0.3333333333333333,0.25548109304037475,230.0,0
24031701417,Maryland,Montgomery County,Less likely to attract OZ investment,0,6576.0,78750.0,0.10888078,0.085362442,1051.0,360000.0,1911.0,0.23748212,0.29924953,0.023060797,0.029349148,0.057633821,0.62241483,0.17533454,0.079683699,0.49535382,Metro,Less Likely,,,,,,,,,,,,,,,,0,1,1,Advances to Scoring,0.049244570349386216,0.06880408228527743,0.7166438256167657,0.3888599285714286,0.32203856994247404,0.2470195281350116,0.3333333333333333,0.25498865207148835,231.0,0
24011955100,Maryland,Caroline County,Less likely to attract OZ investment,1,5834.0,62717.0,0.12307165,0.017699115,566.0,283900.0,1122.0,0.75981736,0.15969582,0.0886392,0.031367842,0.71631813,0.06222146,0.16283853,0.0078848135,0.14077297,Outside CBSA,Less Likely,,,,,,,,,,,,,,,,0,1,1,Advances to Scoring,0.026345609065155807,0.06880408228527743,0.7166438256167657,0.43954160714285717,0.46459087231375196,0.051217220750401055,0.3333333333333333,0.25431226111829247,232.0,0
24510090100,Maryland,Baltimore city,Less likely to attract OZ investment,0,3626.0,69029.0,0.13954771,0.087019935,417.0,201500.0,1159.0,0.57109827,0.23315364,0.090909094,0.03226696,0.10976283,0.82239383,0.017098732,0.0099282954,0.31529501,Metro,Less Likely,1601.0,0.0133457374830852,0.0811992504684572,324.0,109355.0,0.0,0.9500312304809494,0.0106183635227982,0.0,21338.750780762024,1279.0,4.0,287.0,7.0,0.61489898989899,1,1,1,Advances to Scoring,0.01931067044381492,0.05592267122976282,0.5553337894373785,0.49838467857142854,0.4084697388660188,0.25181593659234097,0.3333333333333333,0.2537872512241573,233.0,0
24033803300,Maryland,Prince George's County,"More likely to attract OZ investment, with larger impact",0,4551.0,83281.0,0.065260381,0.032412965,3735.0,267900.0,1835.0,0.69239902,0.23359074,0.0576385,0.064381458,0.016479895,0.60843772,0.33926609,0.026587563,0.18478261,Metro,Goldilocks,,,,,,,,,,,,,,,,0,1,1,Advances to Scoring,0.1759678942398489,0.06880408228527743,0.7166438256167657,0.2330727892857143,0.28175262956673275,0.0937957623067607,0.3333333333333333,0.2533510830419358,234.0,0
24045010504,Maryland,Wicomico County,Less likely to attract OZ investment,0,4466.0,71425.0,0.20143723,0.062811181,814.0,231400.0,1352.0,0.28946114,0.29463089,0.089448549,0.12651142,0.48589343,0.1965965,0.12494402,0.060680699,0.24543947,Metro,Less Likely,,,,,,,,,,,,,,,,0,0,0,Advances to Scoring,0.0380547686496695,0.06880408228527743,0.7166438256167657,0.7194186785714285,0.3871664695788247,0.18176129839658062,0.0,0.2525076556461339,235.0,0
24005421200,Maryland,Baltimore County,"More likely to attract OZ investment, with larger impact",0,1841.0,64886.0,0.20601092,0.063357972,206.0,237600.0,1653.0,0.88348269,0.0,0.02375,0.040195547,0.82129276,0.04997284,0.071156979,0.0070613795,0.17015342,Metro,Goldilocks,,,,,,,,,,,,,,,,0,0,0,Advances to Scoring,0.009348441926345609,0.06880408228527743,0.7166438256167657,0.7357532857142857,0.44530590107672197,0.18334358741788664,0.0,0.2522864749720595,236.0,0
24033805700,Maryland,Prince George's County,Less likely to attract OZ investment,0,6927.0,95985.0,0.16792202,0.046448905,296.0,344700.0,1767.0,0.47238204,0.23227917,0.0,0.043308791,0.043020066,0.27197921,0.65136421,0.011982099,0.13674614,Metro,Less Likely,,,,,,,,,,,,,,,,0,1,1,Advances to Scoring,0.013597733711048159,0.06880408228527743,0.7166438256167657,0.5997215,0.16879906820424817,0.13441258622249797,0.3333333333333333,0.251591331267449,237.0,0
24510261000,Maryland,Baltimore city,Likely to attract capital even without OZ designation,0,2024.0,98125.0,0.22885835,0.030583873,169.0,261800.0,,0.74237645,0.23673469,0.20351759,0.017786561,0.44812253,0.38488144,0.06768775,0.049407113,0.55342293,Metro,Already Attractive,1341.0,0.0,0.0492170022371364,356.0,147500.0,0.0,0.9545115585384042,0.0298284862043251,0.0,6184.936614466816,1384.0,0.0,310.0,17.0,0.5498320268756999,1,1,1,Advances to Scoring,0.007601510859301228,0.03385199283225924,0.5027594008835048,0.8173512499999999,0.14977194121151227,0.08850278529989948,0.3333333333333333,0.2512787369311551,238.0,0
24033802700,Maryland,Prince George's County,"More likely to attract OZ investment, with larger impact",0,2524.0,87292.0,0.10660303,0.1503268,244.0,330600.0,1744.0,0.64231187,0.24085365,0.051706307,0.050316956,0.011885895,0.60103011,0.34746435,0.0,0.22627737,Metro,Goldilocks,,,,,,,,,,,,,,,,0,1,1,Advances to Scoring,0.011142587346553353,0.06880408228527743,0.7166438256167657,0.380725107142857,0.2460901032266095,0.43501163195455755,0.3333333333333333,0.24978235559032994,239.0,0
24031701219,Maryland,Montgomery County,Likely to attract capital even without OZ designation,0,4557.0,87188.0,0.076804914,0.029149519,6861.0,,1988.0,0.0041429312,0.10192408,0.046419755,0.030721966,0.1781874,0.20013167,0.45468509,0.096554749,0.47139663,Metro,Already Attractive,,,,,,,,,,,,,,,,0,0,0,Advances to Scoring,0.32355996222851746,0.06880408228527743,0.7166438256167657,0.2743032642857143,0.24701478603373317,0.08435209045147227,0.0,0.24958399658681335,240.0,0
24510130804,Maryland,Baltimore city,Less likely to attract OZ investment,0,1525.0,71250.0,0.14950819,0.026532479,1283.0,242900.0,1601.0,0.66046512,0.36643836,0.081196584,0.0,0.75409836,0.12327868,0.030163934,0.059016392,0.59419209,Metro,Less Likely,1005.0,0.0613518740506894,0.1024875621890547,212.0,209000.0,0.0,0.8985074626865671,0.0398009950248756,0.0228855721393034,27137.00497512438,801.0,22.0,184.0,9.0,0.602,1,1,1,Advances to Scoring,0.06019830028328612,0.07082737135878273,0.4747260845981979,0.5339578214285714,0.38872242622542696,0.07677897081285591,0.3333333333333333,0.24913961660971645,241.0,0
24001002100,Maryland,Allegany County,Less likely to attract OZ investment,1,2839.0,54299.0,0.17950556,0.053555749,453.0,87700.0,850.0,0.69243842,0.27900553,0.16995768,0.022895386,0.94152868,0.0073969709,0.027122226,0.010919338,0.13561708,Metro,Less Likely,,,,,,,,,,,,,,,,0,0,0,Advances to Scoring,0.021010387157695938,0.06880408228527743,0.7166438256167657,0.6410912857142856,0.5394368326057384,0.15497817936015842,0.0,0.248729619049748,242.0,0
24033801906,Maryland,Prince George's County,Less likely to attract OZ investment,0,1930.0,76806.0,0.14025027,0.024083769,224.0,311400.0,1791.0,0.52158272,0.27318296,0.085526317,0.037823834,0.05803109,0.66476685,0.22849742,0.0041450779,0.29433963,Metro,Less Likely,,,,,,,,,,,,,,,,0,1,1,Advances to Scoring,0.010198300283286119,0.06880408228527743,0.7166438256167657,0.5008938214285714,0.33932302549101545,0.069692959979901,0.3333333333333333,0.24762217508267503,243.0,0
24033803803,Maryland,Prince George's County,Less likely to attract OZ investment,0,5930.0,91553.0,0.026664402,0.10135135,4145.0,361200.0,1503.0,0.82289296,0.077170417,0.031973541,0.0306914,0.029510962,0.3301855,0.59797639,0.011635751,0.13485159,Metro,Less Likely,,,,,,,,,,,,,,,,0,1,1,Advances to Scoring,0.19532577903682719,0.06880408228527743,0.7166438256167657,0.09523000714285701,0.20820478167705458,0.29328779807923505,0.3333333333333333,0.2470866092324308,244.0,0
24005404502,Maryland,Baltimore County,Less likely to attract OZ investment,0,3584.0,71944.0,0.20982143,0.056965593,236.0,284200.0,1539.0,0.70897615,0.3060241,0.12729499,0.047433037,0.44754463,0.28013393,0.21512277,0.018415179,0.28405449,Metro,Less Likely,,,,,,,,,,,,,,,,0,0,0,Advances to Scoring,0.01076487252124646,0.06880408228527743,0.7166438256167657,0.7493622499999999,0.38255194672404447,0.16484549379211905,0.0,0.24699750586805774,245.0,0
24001002200,Maryland,Allegany County,Less likely to attract OZ investment,1,3577.0,49911.0,0.18920471,0.0063157897,448.0,102100.0,548.0,0.76766306,0.043859649,0.18987341,0.041375455,0.97455966,0.0027956387,0.019289907,0.002516075,0.13636364,Metro,Less Likely,,,,,,,,,,,,,,,,0,0,0,Advances to Scoring,0.02077431539187913,0.06880408228527743,0.7166438256167657,0.6757311071428571,0.5784513341216847,0.018276461578898676,0.0,0.2468200834633825,246.0,0
24005451600,Maryland,Baltimore County,Less likely to attract OZ investment,0,1804.0,73542.0,0.08361204,0.028625954,1976.0,219200.0,1464.0,0.69101125,0.23999999,0.093686357,0.073725052,0.83980042,0.054323725,0.067627497,0.0011086474,0.15827863,Metro,Less Likely,,,,,,,,,,,,,,,,0,1,1,Advances to Scoring,0.09291784702549576,0.06880408228527743,0.7166438256167657,0.2986144285714285,0.36834383974535656,0.0828370122013912,0.3333333333333333,0.24604973577991981,247.0,0
24003730514,Maryland,Anne Arundel County,Likely to attract capital even without OZ designation,0,3000.0,61587.0,0.090666667,0.06623181,284.0,,1705.0,0.018936636,0.20861173,0.075420879,0.074666664,0.27700001,0.35299999,0.186,0.12366667,0.37523451,Metro,Already Attractive,,,,,,,,,,,,,,,,0,1,1,Advances to Scoring,0.013031161473087818,0.06880408228527743,0.7166438256167657,0.32380952500000004,0.4746379066603835,0.1916598221701266,0.3333333333333333,0.2451982260674847,248.0,0
24033801405,Maryland,Prince George's County,Less likely to attract OZ investment,0,4297.0,66991.0,0.12395908,0.020774316,3626.0,347200.0,1746.0,0.50846434,0.28413284,0.058622651,0.025599256,0.053060275,0.36746567,0.45566675,0.095648125,0.2457315,Metro,Less Likely,,,,,,,,,,,,,,,,0,0,0,Advances to Scoring,0.1708215297450425,0.06880408228527743,0.7166438256167657,0.44271099999999997,0.4265899654133065,0.06011615431113864,0.0,0.24504227024564434,249.0,0
24033802407,Maryland,Prince George's County,Less likely to attract OZ investment,0,3438.0,66116.0,0.091041729,0.051282052,759.0,321100.0,1563.0,0.22777222,0.15135835,0.099009901,0.018615475,0.017452007,0.86096567,0.055846423,0.0,0.2664609,Metro,Less Likely,,,,,,,,,,,,,,,,0,1,1,Advances to Scoring,0.03545797922568461,0.06880408228527743,0.7166438256167657,0.3251490321428572,0.4343697486463177,0.14839861641768787,0.3333333333333333,0.24463948520309062,250.0,0
24001002300,Maryland,Allegany County,"More likely to attract OZ investment, with larger impact",1,5673.0,72188.0,0.17839783,0.052775249,1302.0,157800.0,849.0,0.80940592,0.073593073,0.18902643,0.076150186,0.88365942,0.016922263,0.020095188,0.010400141,0.14942247,Metro,Goldilocks,,,,,,,,,,,,,,,,0,0,0,Advances to Scoring,0.06109537299338999,0.06880408228527743,0.7166438256167657,0.637135107142857,0.380382498599639,0.15271958954955558,0.0,0.24407556742928377,251.0,0
24033802104,Maryland,Prince George's County,Less likely to attract OZ investment,0,1988.0,52344.0,0.13782696,0.065372832,1284.0,308300.0,1592.0,0.38551649,0.4731369,0.1248835,0.017605634,0.036720321,0.86770624,0.074949697,0.0035211267,0.26105264,Metro,Less Likely,,,,,,,,,,,,,,,,0,0,0,Advances to Scoring,0.06024551463644948,0.06880408228527743,0.7166438256167657,0.49223914285714276,0.5568190911434947,0.1891741348436282,0.0,0.24264623815725586,252.0,0
24019970200,Maryland,Dorchester County,Less likely to attract OZ investment,1,5688.0,69475.0,0.1391643,0.019948281,3020.0,230200.0,880.0,0.82878643,0.49725273,0.10859539,0.033931084,0.60302389,0.2783052,0.039556962,0.00052742613,0.12621857,Micro,Less Likely,,,,,,,,,,,,,,,,0,0,0,Advances to Scoring,0.14220963172804532,0.06880408228527743,0.7166438256167657,0.49701535714285705,0.4045042722123925,0.05772579654790825,0.0,0.24220455647082392,253.0,0
24017850906,Maryland,Charles County,Less likely to attract OZ investment,0,5189.0,72679.0,0.12141068,0.0098784193,521.0,349000.0,1790.0,0.43707317,0.30762565,0.049605936,0.022162266,0.154365,0.59240699,0.10753517,0.0079013295,0.19993761,Metro,Less Likely,,,,,,,,,,,,,,,,0,1,1,Advances to Scoring,0.024220963172804533,0.06880408228527743,0.7166438256167657,0.43360957142857137,0.37601692880831505,0.028585902851816163,0.3333333333333333,0.24211716221101373,254.0,0
24510270702,Maryland,Baltimore city,Less likely to attract OZ investment,0,2166.0,63873.0,0.10251631,0.089541547,397.0,240600.0,1252.0,0.46241674,0.20707965,0.077260755,0.02631579,0.24238227,0.64358264,0.037396122,0.0,0.31980321,Metro,Less Likely,597.0,0.0886734803676487,0.0686767169179229,111.0,165950.0,0.0,0.9061976549413736,0.0536013400335008,0.0,61483.75209380234,481.0,0.0,99.0,16.0,0.842911877394636,1,1,1,Advances to Scoring,0.018366383380547687,0.047721221767077604,0.5945495441033175,0.36612967857142853,0.4543126672653395,0.25911290926305697,0.3333333333333333,0.24177116728983816,255.0,0
24510280401,Maryland,Baltimore city,Less likely to attract OZ investment,0,3460.0,70107.0,0.21314335,0.072261073,281.0,232700.0,1121.0,0.6997534,0.41683778,0.055329062,0.029479768,0.24393064,0.71618497,0.013294797,0.0,0.34579438,Metro,Less Likely,1239.0,0.0371668139537581,0.0774818401937046,176.0,139000.0,0.0,0.943502824858757,0.0080710250201775,0.0,22445.03712671509,873.0,3.0,170.0,34.0,0.7672064777327935,1,0,0,Advances to Scoring,0.012889518413597733,0.05349598428158705,0.5877479267853732,0.76122625,0.39888504592294904,0.20910714052662208,0.0,0.23986217965083176,256.0,0
24005402404,Maryland,Baltimore County,Less likely to attract OZ investment,0,4842.0,59741.0,0.17650793,0.055621304,214.0,282100.0,1423.0,0.45089847,0.23363775,0.031566169,0.016522098,0.055142503,0.66377532,0.23791821,0.043163981,0.32587859,Metro,Less Likely,,,,,,,,,,,,,,,,0,0,0,Advances to Scoring,0.009726156751652502,0.06880408228527743,0.7166438256167657,0.6303854642857143,0.49105102648682775,0.1609554266071024,0.0,0.23937807588151375,257.0,0
24005411411,Maryland,Baltimore County,Less likely to attract OZ investment,0,2954.0,74864.0,0.19032922,0.04799474,753.0,295600.0,1916.0,0.75505257,0.31023103,0.09708029,0.062288422,0.59004742,0.28097495,0.063642517,0.011848342,0.32841328,Metro,Less Likely,,,,,,,,,,,,,,,,0,0,0,Advances to Scoring,0.03517469310670444,0.06880408228527743,0.7166438256167657,0.6797472142857142,0.3565896986778814,0.13888588177646755,0.0,0.23920520292068384,258.0,0
24005401302,Maryland,Baltimore County,Less likely to attract OZ investment,0,2910.0,63013.0,0.14467354,0.15139443,35.0,224500.0,1167.0,0.51426631,0.32727271,0.030941408,0.028522337,0.19587629,0.7927835,0.0,0.0,0.23908524,Metro,Less Likely,,,,,,,,,,,,,,,,0,0,0,Advances to Scoring,0.0012747875354107649,0.06880408228527743,0.7166438256167657,0.5166912142857142,0.4619590827857848,0.43810111080080216,0.0,0.23905098798203284,259.0,0
24033803801,Maryland,Prince George's County,Less likely to attract OZ investment,0,2648.0,93452.0,0.098676749,0.10506707,912.0,361800.0,1848.0,0.85653406,0.2970297,0.063829787,0.014728096,0.067598186,0.26510575,0.61782479,0.037764352,0.1622276,Metro,Less Likely,,,,,,,,,,,,,,,,0,1,1,Advances to Scoring,0.04268177525967894,0.06880408228527743,0.7166438256167657,0.35241696071428574,0.19132042926621085,0.30404024821511355,0.3333333333333333,0.23904321190478656,260.0,0
24023000100,Maryland,Garrett County,Less likely to attract OZ investment,1,4029.0,59094.0,0.15588972,0.045843828,1047.0,206700.0,675.0,0.82522124,0.10759494,0.15117371,0.018863242,0.94440305,0.0027302061,0.01811864,0.0019856044,0.19877577,Outside CBSA,Less Likely,,,,,,,,,,,,,,,,0,0,0,Advances to Scoring,0.04905571293673277,0.06880408228527743,0.7166438256167657,0.5567489999999999,0.4968036204888371,0.13266163074930112,0.0,0.23844322882575747,261.0,0
24510270802,Maryland,Baltimore city,Less likely to attract OZ investment,0,5637.0,61595.0,0.1400426,0.0074047954,255.0,192200.0,1153.0,0.615942,0.035639413,0.038327526,0.016498137,0.035479866,0.74365795,0.15451482,0.0,0.2275175,Metro,Less Likely,1340.0,0.0868664809717666,0.0253731343283582,208.0,114725.0,0.0,0.96044776119403,0.0044776119402985,0.0,34497.08955223881,807.0,1.0,161.0,13.0,0.7025316455696202,1,1,1,Advances to Scoring,0.011661945231350331,0.017926667959481026,0.5828913849758565,0.5001521428571427,0.4745667772136818,0.021427796848224007,0.3333333333333333,0.238132645119926,262.0,0
24025301601,Maryland,Harford County,"More likely to attract OZ investment, with larger impact",0,6797.0,82298.0,0.084477924,0.048310529,1581.0,235900.0,1547.0,0.66653025,0.11656442,0.11030215,0.046638224,0.51331472,0.25364131,0.16816242,0.0058849491,0.23638444,Metro,Goldilocks,,,,,,,,,,,,,,,,0,1,1,Advances to Scoring,0.0742681775259679,0.06880408228527743,0.7166438256167657,0.30170687142857133,0.2904926603302185,0.13979970345193257,0.3333333333333333,0.23769059871716236,263.0,0
24033802203,Maryland,Prince George's County,Less likely to attract OZ investment,0,4402.0,68333.0,0.12588069,0.067468621,2278.0,341600.0,1847.0,0.70625722,0.20118344,0.10754912,0.036801454,0.015674694,0.78805089,0.14516129,0.0045433892,0.15873544,Metro,Less Likely,,,,,,,,,,,,,,,,0,0,0,Advances to Scoring,0.10717658168083097,0.06880408228527743,0.7166438256167657,0.4495738928571428,0.4146580007290769,0.19523887242283836,0.0,0.23659484073546533,264.0,0
24023000601,Maryland,Garrett County,Less likely to attract OZ investment,1,4130.0,76382.0,0.11138799,0.042239185,3732.0,230700.0,699.0,0.66422212,0.074882992,0.10417644,0.027360775,0.92808717,0.0016949152,0.023486683,0.015012107,0.29455677,Outside CBSA,Less Likely,,,,,,,,,,,,,,,,0,0,0,Advances to Scoring,0.17582625118035883,0.06880408228527743,0.7166438256167657,0.3978142499999999,0.3430928861662117,0.12223061223468115,0.0,0.23642862288541314,265.0,0
24510270801,Maryland,Baltimore city,Less likely to attract OZ investment,0,3316.0,61410.0,0.13148372,0.022362385,174.0,195900.0,1753.0,0.70750707,0.13801453,0.11250786,0.071773224,0.098009653,0.85735828,0.0,0.00090470444,0.33273941,Metro,Less Likely,1477.0,0.0331392528751792,0.0277589708869329,252.0,127750.0,0.0,0.978334461746784,0.0013540961408259,0.0,11244.7528774543,922.0,0.0,186.0,0.0,0.7330827067669173,1,1,1,Advances to Scoring,0.007837582625118036,0.019274038848076408,0.5839980238601716,0.46958471428571424,0.47621164566866125,0.06471166547313,0.3333333333333333,0.2362997667828954,266.0,0
24033802600,Maryland,Prince George's County,Less likely to attract OZ investment,0,3617.0,67895.0,0.16698922,0.10367299,75.0,331900.0,1683.0,0.81875002,0.36206895,0.060895085,0.075476915,0.017970694,0.58833289,0.39369643,0.0,0.13213345,Metro,Less Likely,,,,,,,,,,,,,,,,0,0,0,Advances to Scoring,0.0031633616619452312,0.06880408228527743,0.7166438256167657,0.5963900714285714,0.41855233793600133,0.3000060971796681,0.0,0.23618411321675273,267.0,0
24510030100,Maryland,Baltimore city,"More likely to attract OZ investment, with larger impact",0,1322.0,57200.0,0.5,0.14164306,712.0,279400.0,1515.0,0.16388889,0.15614618,0.26530612,0.064296521,0.17246597,0.72617245,0.022692889,0.025718609,0.34619394,Metro,Goldilocks,710.0,0.0095498154127619,0.3915492957746478,114.0,158497.5,0.0,0.4591549295774648,0.2563380281690141,0.0408450704225352,172280.9323943662,731.0,132.0,208.0,41.0,0.3818525519848771,1,1,1,Advances to Scoring,0.03323890462700661,0.2693640835324951,0.43370744359459473,0.1071428571428572,0.5136435169954922,0.4098828597804071,0.3333333333333333,0.23589251482487122,268.0,0
24033804802,Maryland,Prince George's County,Likely to attract capital even without OZ designation,0,3103.0,66420.0,0.076897904,0.085858583,116.0,,1589.0,0.01350278,0.19967794,0.063244045,0.040283598,0.029970996,0.31453434,0.64357072,0.0,0.32763818,Metro,Already Attractive,,,,,,,,,,,,,,,,0,1,1,Advances to Scoring,0.0050991501416430595,0.06880408228527743,0.7166438256167657,0.2746353714285714,0.4316668296716487,0.24845524755489928,0.3333333333333333,0.23568902596424532,269.0,0
24510250102,Maryland,Baltimore city,Less likely to attract OZ investment,0,3289.0,61199.0,0.10003041,0.078961901,227.0,158000.0,1431.0,0.3713851,0.15375303,0.087499999,0.033748861,0.040133778,0.83764064,0.059288539,0.0057768319,0.10836502,Metro,Less Likely,781.0,0.0170454545454545,0.0448143405889884,140.0,80200.0,0.0,0.9603072983354674,0.0,0.0,31339.948783610755,344.0,0.0,66.0,1.0,0.6538461538461539,1,1,1,Advances to Scoring,0.010339943342776204,0.030916951910913162,0.5916222674604787,0.3572514642857143,0.47808768482542163,0.22849781553418425,0.3333333333333333,0.23565055734632437,270.0,0
24510280402,Maryland,Baltimore city,Less likely to attract OZ investment,0,1299.0,54444.0,0.10734017,0.044036698,80.0,161500.0,1560.0,0.90969902,0.16666667,0.024469821,0.010007698,0.0076982295,0.94765204,0.027713627,0.0,0.26673326,Metro,Less Likely,713.0,0.0576923076923076,0.093969144460028,125.0,128500.0,0.0,0.9509116409537168,0.0168302945301542,0.0,26777.98036465638,443.0,0.0,98.0,11.0,0.6468401486988847,1,1,1,Advances to Scoring,0.0033994334277620396,0.06494830990359163,0.552277860439232,0.38335775000000005,0.5381476113842679,0.12743220678461858,0.3333333333333333,0.23555441344187905,271.0,0
24005402305,Maryland,Baltimore County,Less likely to attract OZ investment,0,2717.0,48912.0,0.066617593,0.039175257,73.0,336800.0,1243.0,0.33054781,0.2662968,0.0037002775,0.039749723,0.18181819,0.72580051,0.062937066,0.0040485831,0.37585422,Metro,Less Likely,,,,,,,,,,,,,,,,0,1,1,Advances to Scoring,0.003068932955618508,0.06880408228527743,0.7166438256167657,0.23791997499999995,0.587333623778574,0.11336430017674295,0.3333333333333333,0.23433205496459222,272.0,0
24001001300,Maryland,Allegany County,Less likely to attract OZ investment,1,4972.0,63750.0,0.13719663,0.054414783,1608.0,138200.0,927.0,0.7744534,0.045918368,0.12838516,0.065567173,0.48531777,0.43181819,0.036806114,0.006436042,0.044062205,Metro,Less Likely,,,,,,,,,,,,,,,,0,0,0,Advances to Scoring,0.07554296506137866,0.06880408228527743,0.7166438256167657,0.48998796428571434,0.4554062825083799,0.1574640287379437,0.0,0.2342197071470541,273.0,0
24027606907,Maryland,Howard County,Less likely to attract OZ investment,0,6402.0,90578.0,0.080599815,0.021217478,2387.0,284300.0,1956.0,0.35963878,0.13427345,0.059453472,0.087160259,0.18962824,0.37675726,0.2753827,0.10074977,0.34155995,Metro,Less Likely,,,,,,,,,,,,,,,,0,1,1,Advances to Scoring,0.1123229461756374,0.06880408228527743,0.7166438256167657,0.2878564821428572,0.21687368299383836,0.061398564532338364,0.3333333333333333,0.23339548207200053,274.0,0
24033804801,Maryland,Prince George's County,Likely to attract capital even without OZ designation,0,2402.0,61339.0,0.086594507,0.030606238,106.0,,1434.0,0.0047748978,0.2159013,0.0,0.0,0.0083263945,0.59825146,0.39342216,0.0,0.24699739,Metro,Already Attractive,,,,,,,,,,,,,,,,0,1,1,Advances to Scoring,0.004627006610009443,0.06880408228527743,0.7166438256167657,0.3092660964285714,0.47684291950813984,0.08856750453258896,0.3333333333333333,0.2324685811966195,275.0,0
24001000200,Maryland,Allegany County,Less likely to attract OZ investment,1,4030.0,67724.0,0.12251767,0.025732666,2727.0,186800.0,663.0,0.90096796,0.24060151,0.13522215,0.085111663,0.75136477,0.17196029,0.033250619,0.0042183623,0.10744067,Metro,Less Likely,,,,,,,,,,,,,,,,0,0,0,Advances to Scoring,0.12837582625118035,0.06880408228527743,0.7166438256167657,0.43756310714285707,0.4200727298592526,0.07446449356469742,0.0,0.23203251885379358,276.0,0
24031702602,Maryland,Montgomery County,Less likely to attract OZ investment,0,5025.0,84167.0,0.093930349,0.077280954,334.0,298400.0,1950.0,0.19991289,0.20958084,0.056696795,0.030845771,0.31502488,0.37373134,0.20199005,0.070248753,0.64669096,Metro,Less Likely,,,,,,,,,,,,,,,,0,1,1,Advances to Scoring,0.015391879131255903,0.06880408228527743,0.7166438256167657,0.3354655321428571,0.27387504334450663,0.2236335365253906,0.3333333333333333,0.2301364532531971,277.0,0
24005408506,Maryland,Baltimore County,Less likely to attract OZ investment,0,5235.0,59322.0,0.13111782,0.065162197,1070.0,472600.0,1534.0,0.092189498,0.26986367,0.049878344,0.05425024,0.25940782,0.37784144,0.28462273,0.028844317,0.21461058,Metro,Less Likely,,,,,,,,,,,,,,,,0,0,0,Advances to Scoring,0.050141643059490086,0.06880408228527743,0.7166438256167657,0.46827792857142847,0.4947764312578353,0.18856460497206337,0.0,0.22976786616301978,278.0,0
24019970500,Maryland,Dorchester County,Less likely to attract OZ investment,1,3988.0,16605.0,0.54242188,0.2037984,726.0,320200.0,871.0,0.21688837,0.40768096,0.11514841,0.068706118,0.20436309,0.64694083,0.064443327,0.0,0.13557161,Micro,Less Likely,,,,,,,,,,,,,,,,0,0,0,Advances to Scoring,0.03389990557129367,0.06880408228527743,0.7166438256167657,0.03138950000000007,0.8745810031030221,0.5897463032122529,0.0,0.2294370736745804,279.0,0
24033800209,Maryland,Prince George's County,Less likely to attract OZ investment,0,4161.0,59096.0,0.13935451,0.083784908,357.0,296200.0,1792.0,0.17095484,0.30068967,0.0090651559,0.056476809,0.06849315,0.71449172,0.1737563,0.0038452295,0.32294074,Metro,Less Likely,,,,,,,,,,,,,,,,0,0,0,Advances to Scoring,0.01647780925401322,0.06880408228527743,0.7166438256167657,0.49769467857142846,0.4967858381271617,0.2424545028713607,0.0,0.22859336104025313,280.0,0
24001001600,Maryland,Allegany County,Less likely to attract OZ investment,1,1299.0,52049.0,0.13776337,0.061999999,308.0,181600.0,931.0,0.75671405,0.045454547,0.18637532,0.026943803,0.95381063,0.010777521,0.0038491148,0.031562742,0.35364637,Metro,Less Likely,,,,,,,,,,,,,,,,0,0,0,Advances to Scoring,0.014164305949008499,0.06880408228527743,0.7166438256167657,0.49201203571428564,0.5594419894906242,0.1794139218434167,0.0,0.228269282274291,281.0,0
24001001503,Maryland,Allegany County,Less likely to attract OZ investment,1,1709.0,60216.0,0.14921007,0.070215173,132.0,130200.0,895.0,0.79916316,0.25694445,0.12347189,0.026916325,0.87419546,0.0017554126,0.0023405501,0.0,0.17772512,Metro,Less Likely,,,,,,,,,,,,,,,,0,0,0,Advances to Scoring,0.0058545797922568464,0.06880408228527743,0.7166438256167657,0.5328931071428571,0.48682771558890736,0.20318677038759284,0.0,0.22654892563491363,282.0,0
24033802103,Maryland,Prince George's County,Less likely to attract OZ investment,0,2767.0,74074.0,0.11722142,0.10659561,1608.0,324400.0,2144.0,0.83646619,0.045977011,0.061728396,0.042284064,0.021322733,0.75533068,0.10336104,0.0057824356,0.24402174,Metro,Less Likely,,,,,,,,,,,,,,,,0,0,0,Advances to Scoring,0.07554296506137866,0.06880408228527743,0.7166438256167657,0.41864792857142863,0.3636137315396858,0.3084634959654004,0.0,0.22641940407123837,283.0,0
24510260800,Maryland,Baltimore city,Less likely to attract OZ investment,0,2325.0,65093.0,0.12172043,0.047653429,424.0,267200.0,1574.0,0.39818549,0.082077049,0.11349419,0.029247312,0.41290322,0.15741935,0.3711828,0.032258064,0.30170777,Metro,Less Likely,1096.0,0.0,0.0346715328467153,261.0,120000.0,0.0,0.9197080291970804,0.0547445255474452,0.0155109489051094,7793.339416058394,999.0,1.0,148.0,33.0,0.3972027972027972,1,1,1,Advances to Scoring,0.01964117091595845,0.023847459781385028,0.4685941504081187,0.43471582142857135,0.44346542664331245,0.13789820522701632,0.3333333333333333,0.22619923378614384,284.0,0
24005400701,Maryland,Baltimore County,Less likely to attract OZ investment,0,3303.0,88438.0,0.086587951,0.05574083,910.0,337700.0,1557.0,0.46095717,0.24182244,0.012437811,0.064184077,0.43233424,0.32667273,0.030578263,0.13987285,0.54891074,Metro,Less Likely,,,,,,,,,,,,,,,,0,1,1,Advances to Scoring,0.042587346553352216,0.06880408228527743,0.7166438256167657,0.3092426821428571,0.23590080998657437,0.16130130771626588,0.3333333333333333,0.2255776643393028,285.0,0
24005491401,Maryland,Baltimore County,Less likely to attract OZ investment,0,4833.0,65602.0,0.066903614,0.035610463,408.0,213400.0,1420.0,0.23466542,0.21554342,0.10370679,0.019035796,0.037450857,0.70473826,0.062073246,0.1394579,0.33323479,Metro,Less Likely,,,,,,,,,,,,,,,,0,1,1,Advances to Scoring,0.018885741265344664,0.06880408228527743,0.7166438256167657,0.23894147857142856,0.4389398155969094,0.10304859562158837,0.3333333333333333,0.2235656858106455,286.0,0
24015030507,Maryland,Cecil County,Less likely to attract OZ investment,0,3837.0,66445.0,0.17200938,0.02739726,146.0,361200.0,1586.0,0.40435061,0.45864663,0.0,0.10007819,0.52150118,0.24367996,0.086004689,0.082877249,0.28261742,Metro,Less Likely,,,,,,,,,,,,,,,,0,0,0,Advances to Scoring,0.006515580736543909,0.06880408228527743,0.7166438256167657,0.6143192142857141,0.4314445501507055,0.07928145070395512,0.0,0.22351039987111712,287.0,0
24005450501,Maryland,Baltimore County,Less likely to attract OZ investment,0,3979.0,64054.0,0.058497228,0.029926594,664.0,230600.0,980.0,0.65577596,0.11694916,0.098843321,0.025131943,0.74415684,0.027142499,0.11937673,0.050012566,0.081812032,Metro,Less Likely,,,,,,,,,,,,,,,,0,1,1,Advances to Scoring,0.03097261567516525,0.06880408228527743,0.7166438256167657,0.20891867142857146,0.4527033635337109,0.08660076908961989,0.3333333333333333,0.22274885573328582,288.0,0
24510260102,Maryland,Baltimore city,Less likely to attract OZ investment,0,5435.0,70996.0,0.093027696,0.075688876,195.0,185200.0,1409.0,0.74487245,0.3764706,0.029140359,0.033118676,0.10965961,0.85924566,0.010855566,0.0058877645,0.25203252,Metro,Less Likely,1873.0,0.0127118644067796,0.0464495461825947,319.0,125000.0,0.0,0.9535504538174052,0.0144153764014949,0.0,13758.248798718632,1244.0,1.0,257.0,14.0,0.7645390070921986,1,1,1,Advances to Scoring,0.00882908404154863,0.03201797999175132,0.5974552390780895,0.33224177142857136,0.39098078615820964,0.21902642422752394,0.3333333333333333,0.22269286498759228,289.0,0
24510260101,Maryland,Baltimore city,Less likely to attract OZ investment,0,4452.0,58977.0,0.096361183,0.025912838,438.0,241800.0,1294.0,0.56431538,0.20119047,0.040796019,0.063566938,0.18216532,0.73247981,0.046046719,0.0067385444,0.25453976,Metro,Less Likely,1564.0,0.1328508771929824,0.0786445012787723,265.0,160000.0,0.0,0.9156010230179028,0.0485933503836317,0.0,14332.608695652174,1147.0,9.0,215.0,27.0,0.6409155937052933,1,1,1,Advances to Scoring,0.020302171860245515,0.05481861418944286,0.5261289224851333,0.34414708214285716,0.49784388864685114,0.0749858704299837,0.3333333333333333,0.2226870983298325,290.0,0
24001000600,Maryland,Allegany County,Less likely to attract OZ investment,1,2830.0,52250.0,0.13382353,0.025541795,657.0,128500.0,604.0,0.73017049,0.25274727,0.1148294,0.03533569,0.87915194,0.027208481,0.0081272088,0.0,0.23953262,Metro,Less Likely,,,,,,,,,,,,,,,,0,0,0,Advances to Scoring,0.03064211520302172,0.06880408228527743,0.7166438256167657,0.4779411785714285,0.5576548621422411,0.07391215622230206,0.0,0.22248314249453893,291.0,0
24005404201,Maryland,Baltimore County,Less likely to attract OZ investment,0,5807.0,80379.0,0.11537799,0.18622361,469.0,349100.0,1773.0,0.50906736,0.32541776,0.054693878,0.087308422,0.26502496,0.58291715,0.0,0.075770624,0.34774438,Metro,Less Likely,,,,,,,,,,,,,,,,0,0,0,Advances to Scoring,0.021765816808309725,0.06880408228527743,0.7166438256167657,0.4120642499999999,0.30755483635781666,0.5388888507875447,0.0,0.22212684667718802,292.0,0
24023000400,Maryland,Garrett County,Less likely to attract OZ investment,1,2651.0,55994.0,0.12184874,0.092827007,199.0,148000.0,764.0,0.81741333,0.018518519,0.18694158,0.036967181,0.89173895,0.007167107,0.016974727,0.0,0.104843,Outside CBSA,Less Likely,,,,,,,,,,,,,,,,0,0,0,Advances to Scoring,0.009017941454202077,0.06880408228527743,0.7166438256167657,0.43517407142857145,0.524366281085791,0.26862028463671905,0.0,0.22182861646597282,293.0,0
24033802405,Maryland,Prince George's County,Less likely to attract OZ investment,0,3053.0,70286.0,0.032099575,0.024110219,5566.0,332200.0,1486.0,0.30310881,0.17007434,0.16765499,0.014412054,0.014084507,0.96659023,0.0,0.0045856535,0.20943953,Metro,Less Likely,,,,,,,,,,,,,,,,0,0,0,Advances to Scoring,0.2624173748819641,0.06880408228527743,0.7166438256167657,0.1146413392857143,0.39729352455299594,0.06976950027521227,0.0,0.2211531982706728,294.0,0
24005450400,Maryland,Baltimore County,Less likely to attract OZ investment,0,2618.0,87639.0,0.091289781,0.044182621,513.0,246400.0,1493.0,0.76550168,0.20192307,0.031659387,0.02406417,0.75401068,0.10198625,0.050038196,0.0026737968,0.11560103,Metro,Less Likely,,,,,,,,,,,,,,,,0,1,1,Advances to Scoring,0.02384324834749764,0.06880408228527743,0.7166438256167657,0.32603493214285717,0.2430048634759182,0.12785447481912543,0.3333333333333333,0.22050793109470956,295.0,0
24005404202,Maryland,Baltimore County,Less likely to attract OZ investment,0,9517.0,61786.0,0.037,0.032553788,4652.0,398900.0,1602.0,0.17831247,0.15322904,0.058056504,0.076704845,0.14426816,0.4145214,0.37879583,0.034359567,0.26279256,Metro,Less Likely,,,,,,,,,,,,,,,,0,0,0,Advances to Scoring,0.21926345609065157,0.06880408228527743,0.7166438256167657,0.13214285714285712,0.47286856167367586,0.09420327209907144,0.0,0.2203444557698272,296.0,0
24021753002,Maryland,Frederick County,Less likely to attract OZ investment,1,2470.0,84931.0,0.15496957,0.0084745763,1870.0,309200.0,812.0,0.75187165,0.3275862,0.077909268,0.061943319,0.92631578,0.0089068823,0.04089069,0.0,0.22668998,Metro,Less Likely,,,,,,,,,,,,,,,,0,0,0,Advances to Scoring,0.08791312559017941,0.06880408228527743,0.7166438256167657,0.55346275,0.2670821811844831,0.02452349991077051,0.0,0.21798432072427365,297.0,0
24033802404,Maryland,Prince George's County,Less likely to attract OZ investment,0,4119.0,54651.0,0.1309842,0.053857353,118.0,242600.0,1477.0,0.23999999,0.3089245,0.080490403,0.047827143,0.0029133286,0.9774217,0.0029133286,0.0,0.21989736,Metro,Less Likely,,,,,,,,,,,,,,,,0,0,0,Advances to Scoring,0.005193578847969783,0.06880408228527743,0.7166438256167657,0.46780071428571424,0.5363071369508585,0.15585095286590736,0.0,0.21774784315751636,298.0,0
24005421101,Maryland,Baltimore County,Less likely to attract OZ investment,0,3367.0,69583.0,0.072765075,0.025329815,166.0,336600.0,1279.0,0.5788337,0.26153848,0.060851928,0.052272052,0.64092666,0.20641521,0.083754085,0.004752005,0.14964569,Metro,Less Likely,,,,,,,,,,,,,,,,0,1,1,Advances to Scoring,0.007459867799811143,0.06880408228527743,0.7166438256167657,0.2598752678571429,0.40354402468191797,0.07329873422607965,0.3333333333333333,0.2173584241607028,299.0,0
24033804102,Maryland,Prince George's County,"More likely to attract OZ investment, with larger impact",0,7114.0,85163.0,0.15599367,0.068847269,787.0,359100.0,1944.0,0.41989881,0.38154069,0.058730159,0.070705652,0.01068316,0.58504355,0.39302784,0.0036547652,0.1977879,Metro,Goldilocks,,,,,,,,,,,,,,,,0,0,0,Advances to Scoring,0.03677998111425874,0.06880408228527743,0.7166438256167657,0.5571202499999999,0.2650194272301304,0.19922836675366215,0.0,0.21696311633349347,300.0,0
24031700725,Maryland,Montgomery County,Less likely to attract OZ investment,0,6313.0,72104.0,0.092868462,0.15565164,906.0,249600.0,1895.0,0.26826549,0.31173781,0.0,0.036749564,0.13099952,0.13575162,0.67859972,0.038492002,0.25670713,Metro,Less Likely,,,,,,,,,,,,,,,,0,0,0,Advances to Scoring,0.04239848914069877,0.06880408228527743,0.7166438256167657,0.33167307857142847,0.3811293577900081,0.45042051006742173,0.0,0.2165379575482283,301.0,0
24001000100,Maryland,Allegany County,Less likely to attract OZ investment,1,3334.0,63415.0,0.12860577,0.083276913,169.0,199300.0,771.0,0.78403419,0.15841584,0.30475718,0.03389322,0.97180563,0.0029994,0.0071985605,0.0,0.22434367,Metro,Less Likely,,,,,,,,,,,,,,,,0,0,0,Advances to Scoring,0.007601510859301228,0.06880408228527743,0.7166438256167657,0.4593063214285714,0.4583848280890185,0.24098448066657246,0.0,0.2162145151702136,302.0,0
24005441000,Maryland,Baltimore County,Less likely to attract OZ investment,0,3827.0,69875.0,0.15129344,0.055730809,119.0,226000.0,1596.0,0.44903582,0.068750001,0.012916383,0.029527044,0.10347531,0.84165144,0.0,0.015939377,0.39477977,Metro,Less Likely,,,,,,,,,,,,,,,,0,0,0,Advances to Scoring,0.0052407932011331445,0.06880408228527743,0.7166438256167657,0.5403337142857143,0.40094779987730167,0.161272309217237,0.0,0.21553973226421608,303.0,0
24025302902,Maryland,Harford County,Less likely to attract OZ investment,0,4813.0,69663.0,0.086432576,0.035768647,2850.0,233300.0,1224.0,0.69832891,0.06122449,0.038071066,0.02368585,0.55308539,0.25618118,0.076667361,0.0095574483,0.182951,Metro,Less Likely,,,,,,,,,,,,,,,,0,0,0,Advances to Scoring,0.13418319169027385,0.06880408228527743,0.7166438256167657,0.3086877714285713,0.40283273021489985,0.10350634420659849,0.0,0.21504277621529555,304.0,0
24033802804,Maryland,Prince George's County,Less likely to attract OZ investment,0,4940.0,73940.0,0.089676112,0.1458765,1147.0,343300.0,1694.0,0.6557802,0.33283132,0.085348509,0.029757084,0.014777328,0.82145751,0.088663965,0.034817815,0.22079405,Metro,Less Likely,,,,,,,,,,,,,,,,0,0,0,Advances to Scoring,0.05377714825306893,0.06880408228527743,0.7166438256167657,0.32027182857142855,0.36480514977194123,0.4221334740633008,0.0,0.214345984099803,305.0,0
24011955000,Maryland,Caroline County,Less likely to attract OZ investment,1,2939.0,59458.0,0.14052399,0.027346637,148.0,193900.0,1560.0,0.86203426,0.43065694,0.10054348,0.063286833,0.55835319,0.025178632,0.37189519,0.010547806,0.11597259,Outside CBSA,Less Likely,,,,,,,,,,,,,,,,0,0,0,Advances to Scoring,0.0066100094428706326,0.06880408228527743,0.7166438256167657,0.5018713928571428,0.4935672306639045,0.0791349592344072,0.0,0.21287210400248552,306.0,0
24033802805,Maryland,Prince George's County,Less likely to attract OZ investment,0,5238.0,85685.0,0.080565102,0.054074351,70.0,345900.0,845.0,0.74361646,0.30081302,0.019918283,0.01565483,0.01928217,0.76670486,0.1672394,0.0,0.20948617,Metro,Less Likely,,,,,,,,,,,,,,,,0,1,1,Advances to Scoring,0.0029272898961284232,0.06880408228527743,0.7166438256167657,0.28773250714285714,0.26037823083283695,0.1564788958149416,0.3333333333333333,0.21251507022465596,307.0,0
24005401101,Maryland,Baltimore County,Less likely to attract OZ investment,0,6848.0,78902.0,0.13846605,0.056382369,941.0,281300.0,1668.0,0.63914371,0.4031477,0.075151518,0.033440422,0.14705023,0.52701521,0.15186916,0.15318342,0.24240452,Metro,Less Likely,,,,,,,,,,,,,,,,0,0,0,Advances to Scoring,0.044050991501416434,0.06880408228527743,0.7166438256167657,0.4945216071428571,0.32068711045513953,0.1631577759398461,0.0,0.21243574407846497,308.0,0
24033807410,Maryland,Prince George's County,Likely to attract capital even without OZ designation,0,4947.0,85078.0,0.14259297,0.047373842,1193.0,329700.0,3070.0,0.39974937,0.30967292,0.054875642,0.0068728523,0.35415402,0.3185769,0.2811805,0.041843541,0.47161791,Metro,Already Attractive,,,,,,,,,,,,,,,,0,0,0,Advances to Scoring,0.05594900849858357,0.06880408228527743,0.7166438256167657,0.5092606071428571,0.2657751776013373,0.13708914392095994,0.0,0.210639315330724,309.0,0
24005491402,Maryland,Baltimore County,"More likely to attract OZ investment, with larger impact",0,3020.0,78789.0,0.048838798,0.080756016,220.0,195800.0,1693.0,0.72777778,0.0,0.096989967,0.051986754,0.21986754,0.67516553,0.0,0.036754966,0.30086789,Metro,Goldilocks,,,,,,,,,,,,,,,,0,1,1,Advances to Scoring,0.010009442870632672,0.06880408228527743,0.7166438256167657,0.17442427857142861,0.3216918138898027,0.23368957704353688,0.3333333333333333,0.2099516946352772,310.0,0
24005411412,Maryland,Baltimore County,Less likely to attract OZ investment,0,3248.0,64466.0,0.12192118,0.057653062,403.0,198900.0,1627.0,0.38192612,0.3425827,0.04534005,0.031711824,0.44796798,0.36453202,0.058805417,0.12869458,0.39721254,Metro,Less Likely,,,,,,,,,,,,,,,,0,0,0,Advances to Scoring,0.018649669499527857,0.06880408228527743,0.7166438256167657,0.4354327857142858,0.44904019702856734,0.1668348730086537,0.0,0.20908150068646011,311.0,0
24033802406,Maryland,Prince George's County,Less likely to attract OZ investment,0,2298.0,69148.0,0.094199739,0.10964608,771.0,315700.0,1737.0,0.35015774,0.22168285,0.096866094,0.018276762,0.0087032206,0.79677981,0.12184508,0.032637075,0.22182681,Metro,Less Likely,,,,,,,,,,,,,,,,0,0,0,Advances to Scoring,0.03602455146364495,0.06880408228527743,0.7166438256167657,0.3364276392857143,0.40741168834632924,0.3172908636265787,0.0,0.2073168216926197,312.0,0
24005451801,Maryland,Baltimore County,Less likely to attract OZ investment,0,5068.0,78950.0,0.14206788,0.062916361,306.0,338200.0,1654.0,0.67249602,0.45954692,0.041158538,0.053078137,0.58208364,0.2261247,0.031965271,0.025848461,0.18780418,Metro,Less Likely,,,,,,,,,,,,,,,,0,0,0,Advances to Scoring,0.014069877242681775,0.06880408228527743,0.7166438256167657,0.5073852857142858,0.3202603337749287,0.18206566543857836,0.0,0.20684091507843638,313.0,0
24033806711,Maryland,Prince George's County,Less likely to attract OZ investment,0,4920.0,75548.0,0.12726516,0.052755907,691.0,295100.0,1840.0,0.53104669,0.4035309,0.09475375,0.031097561,0.026219511,0.63739836,0.21199188,0.0652439,0.28429487,Metro,Less Likely,,,,,,,,,,,,,,,,0,0,0,Advances to Scoring,0.032247403210576016,0.06880408228527743,0.7166438256167657,0.45451842857142843,0.3505081309848761,0.15266361819258353,0.0,0.20503676023869125,314.0,0
24027601107,Maryland,Howard County,Less likely to attract OZ investment,0,5507.0,74777.0,0.13740022,0.049757674,301.0,345200.0,2089.0,0.42414698,0.34366453,0.0052219322,0.08480116,0.27328855,0.10386781,0.43126929,0.14036681,0.45354876,Metro,Less Likely,,,,,,,,,,,,,,,,0,0,0,Advances to Scoring,0.013833805476864967,0.06880408228527743,0.7166438256167657,0.4907150714285713,0.35736323141076365,0.14398741255054226,0.0,0.20493359093837477,315.0,0
24021750300,Maryland,Frederick County,"More likely to attract OZ investment, with larger impact",0,1500.0,86198.0,0.13793103,0.065976717,623.0,329300.0,1287.0,0.39806998,0.29659319,0.13914849,0.041333333,0.57466668,0.31666666,0.040666666,0.012666667,0.37579042,Metro,Goldilocks,,,,,,,,,,,,,,,,0,0,0,Advances to Scoring,0.02903682719546742,0.06880408228527743,0.7166438256167657,0.4926108214285714,0.25581705506308294,0.1909216409394333,0.0,0.2033789805902987,316.0,0
24033804400,Maryland,Prince George's County,Likely to attract capital even without OZ designation,0,2724.0,104583.0,0.076838233,0.050404482,635.0,357900.0,1714.0,0.75582683,0.26818183,0.061458334,0.041483112,0.1483113,0.2657856,0.48494861,0.060205579,0.27562401,Metro,Already Attractive,,,,,,,,,,,,,,,,0,1,1,Advances to Scoring,0.02960339943342776,0.06880408228527743,0.7166438256167657,0.27442226071428566,0.09235269536147095,0.14585912806395215,0.3333333333333333,0.20086923115434427,317.0,0
24021750702,Maryland,Frederick County,Less likely to attract OZ investment,0,4336.0,65455.0,0.1077496,0.019116977,1026.0,352400.0,1284.0,0.45051545,0.14352721,0.050416056,0.036669742,0.50922507,0.15590405,0.24123617,0.0085332105,0.31977987,Metro,Less Likely,,,,,,,,,,,,,,,,0,0,0,Advances to Scoring,0.04806421152030217,0.06880408228527743,0.7166438256167657,0.38481999999999994,0.44024681918005526,0.05532019149484817,0.0,0.20051343312959385,318.0,0
24019970804,Maryland,Dorchester County,Less likely to attract OZ investment,1,1823.0,80556.0,0.1449917,0.034557234,305.0,286500.0,1256.0,0.87962961,0.29670331,0.38486573,0.039495338,0.90290731,0.027975865,0.05430609,0.0060340101,0.21304348,Micro,Less Likely,,,,,,,,,,,,,,,,0,0,0,Advances to Scoring,0.014022662889518414,0.06880408228527743,0.7166438256167657,0.5178274999999999,0.30598109734953904,0.10000079000002343,0.0,0.20039996923772116,319.0,0
24003730403,Maryland,Anne Arundel County,Less likely to attract OZ investment,0,4545.0,95577.0,0.075991191,0.028657617,415.0,340300.0,1724.0,0.34564164,0.062904716,0.08476454,0.0094609465,0.44730473,0.28470847,0.19779979,0.021342134,0.25256798,Metro,Less Likely,,,,,,,,,,,,,,,,0,1,1,Advances to Scoring,0.019216241737488197,0.06880408228527743,0.7166438256167657,0.27139711071428574,0.17242666998604084,0.0829286377352453,0.3333333333333333,0.20027226958172287,320.0,0
24005420402,Maryland,Baltimore County,Less likely to attract OZ investment,0,2103.0,65455.0,0.090822637,0.094356261,353.0,217300.0,1677.0,0.76240212,0.36263737,0.021711366,0.01616738,0.66714215,0.13124108,0.10413694,0.029006181,0.17378712,Metro,Less Likely,,,,,,,,,,,,,,,,0,0,0,Advances to Scoring,0.016288951841359773,0.06880408228527743,0.7166438256167657,0.3243665607142856,0.44024681918005526,0.2730455985409133,0.0,0.19933087189673923,321.0,0
24001001502,Maryland,Allegany County,Less likely to attract OZ investment,1,1943.0,70345.0,0.12094699,0.027911453,517.0,150600.0,993.0,0.75768322,0.12682927,0.049438201,0.045805454,0.89089036,0.0041173445,0.0,0.0,0.15020862,Metro,Less Likely,,,,,,,,,,,,,,,,0,0,0,Advances to Scoring,0.024032105760151086,0.06880408228527743,0.7166438256167657,0.43195353571428574,0.39676894488356995,0.08076940851367109,0.0,0.1980619816905487,322.0,0
24021750505,Maryland,Frederick County,Less likely to attract OZ investment,0,6789.0,80307.0,0.11476381,0.03520041,1190.0,304300.0,1981.0,0.4882243,0.28195763,0.057766818,0.06039181,0.34143469,0.22286052,0.28796583,0.06039181,0.34375,Metro,Less Likely,,,,,,,,,,,,,,,,0,0,0,Advances to Scoring,0.05580736543909348,0.06880408228527743,0.7166438256167657,0.40987074999999995,0.30819500137813305,0.10186199532997128,0.0,0.1971121543318489,323.0,0
24021765100,Maryland,Frederick County,"More likely to attract OZ investment, with larger impact",0,5068.0,86402.0,0.098370671,0.034991976,2192.0,355700.0,1612.0,0.61398327,0.36989796,0.022617903,0.08168903,0.5714286,0.10635359,0.23105761,0.063141279,0.29042432,Metro,Goldilocks,,,,,,,,,,,,,,,,0,0,0,Advances to Scoring,0.10311614730878187,0.06880408228527743,0.7166438256167657,0.35132382500000003,0.2540032541721866,0.10125883465273465,0.0,0.19705532256798183,324.0,0
24033802408,Maryland,Prince George's County,Less likely to attract OZ investment,0,2047.0,58098.0,0.097215436,0.041558441,35.0,272200.0,1432.0,0.29694322,0.35279503,0.056836903,0.025891548,0.020029312,0.8251099,0.14167073,0.0039081583,0.1901723,Metro,Less Likely,,,,,,,,,,,,,,,,0,0,0,Advances to Scoring,0.0012747875354107649,0.06880408228527743,0.7166438256167657,0.3471979857142856,0.5056592366032133,0.12026069364143449,0.0,0.19256978570531202,325.0,0
24011955201,Maryland,Caroline County,Less likely to attract OZ investment,1,4058.0,79524.0,0.077307984,0.090369694,1311.0,356600.0,930.0,0.77234042,0.09968847,0.040163375,0.034746181,0.79448003,0.068506651,0.069985211,0.0088713653,0.14916727,Outside CBSA,Less Likely,,,,,,,,,,,,,,,,0,0,0,Advances to Scoring,0.06152030217186025,0.06880408228527743,0.7166438256167657,0.2760999428571428,0.3151567959740733,0.2615093786748204,0.0,0.1922283844074323,326.0,0
24031703216,Maryland,Montgomery County,Less likely to attract OZ investment,0,3746.0,57778.0,0.058578566,0.1097158,62.0,236800.0,1421.0,0.81484717,0.15330188,0.053327821,0.026161239,0.4081687,0.32007474,0.12066204,0.13694608,0.48335877,Metro,Less Likely,,,,,,,,,,,,,,,,0,0,0,Advances to Scoring,0.0025495750708215297,0.06880408228527743,0.7166438256167657,0.20920916428571423,0.5085044144712859,0.31749261747871865,0.0,0.18831697044543955,327.0,0
24029950200,Maryland,Kent County,Less likely to attract OZ investment,1,4288.0,72778.0,0.088669948,0.037494484,989.0,292800.0,1466.0,0.84994638,0.40357143,0.23618501,0.039412312,0.75862873,0.15951492,0.021688433,0.017723881,0.29037082,Outside CBSA,Less Likely,,,,,,,,,,,,,,,,0,0,0,Advances to Scoring,0.04631728045325779,0.06880408228527743,0.7166438256167657,0.31667838571428564,0.37513670190538007,0.10850052468444779,0.0,0.18751152659432385,328.0,0
24037876004,Maryland,St. Mary's County,Less likely to attract OZ investment,1,7315.0,114970.0,0.10758715,0.020916779,3092.0,297400.0,1991.0,0.47404718,0.10075914,0.061648503,0.081203006,0.45782638,0.29241285,0.10020506,0.064251535,0.3832258,Metro,Less Likely,,,,,,,,,,,,,,,,0,0,0,Advances to Scoring,0.14560906515580738,0.06880408228527743,0.7166438256167657,0.3842398214285715,0.0,0.06052840989113597,0.0,0.18608183798822867,329.0,0
24005411408,Maryland,Baltimore County,Less likely to attract OZ investment,0,3896.0,77971.0,0.095576622,0.021681417,1122.0,252600.0,1500.0,0.37881875,0.29289618,0.048449613,0.036704313,0.45379877,0.22227927,0.092915811,0.20559548,0.41786969,Metro,Less Likely,,,,,,,,,,,,,,,,0,0,0,Advances to Scoring,0.052596789423984894,0.06880408228527743,0.7166438256167657,0.3413450785714285,0.32896479981506344,0.06274109867473589,0.0,0.1848174389243048,330.0,0
24005401301,Maryland,Baltimore County,Less likely to attract OZ investment,0,3259.0,75514.0,0.089291193,0.030144928,839.0,219000.0,1745.0,0.84351712,0.29523811,0.043478262,0.023320036,0.11905493,0.83185029,0.0052163242,0.03191163,0.24129032,Metro,Less Likely,,,,,,,,,,,,,,,,0,0,0,Advances to Scoring,0.03923512747875354,0.06880408228527743,0.7166438256167657,0.3188971178571428,0.35081043113335886,0.08723257811935488,0.0,0.18158562772099163,331.0,0
24033801702,Maryland,Prince George's County,Less likely to attract OZ investment,0,3928.0,71518.0,0.081475787,0.079562403,67.0,313900.0,1561.0,0.26856506,0.24045801,0.15198864,0.046588596,0.041496944,0.72708756,0.1614053,0.040733196,0.23346303,Metro,Less Likely,,,,,,,,,,,,,,,,0,0,0,Advances to Scoring,0.002785646836638338,0.06880408228527743,0.7166438256167657,0.2909849535714285,0.3863395897609162,0.2302355319959993,0.0,0.1814571110583872,332.0,0
24031703218,Maryland,Montgomery County,Likely to attract capital even without OZ designation,0,1962.0,84279.0,0.086956523,0.072580643,745.0,278800.0,2454.0,0.78740692,0.42675158,0.10048721,0.0,0.69266057,0.14067279,0.029051987,0.10346585,0.58859783,Metro,Already Attractive,,,,,,,,,,,,,,,,0,0,0,Advances to Scoring,0.03479697828139754,0.06880408228527743,0.7166438256167657,0.3105590107142857,0.27287923109068113,0.21003190355772314,0.0,0.18103429292115794,333.0,0
24005402408,Maryland,Baltimore County,Less likely to attract OZ investment,0,2331.0,64583.0,0.063492067,0.076807231,251.0,203800.0,1778.0,0.26546147,0.32901555,0.10477002,0.027027028,0.11025311,0.7756328,0.015015015,0.020592021,0.24014126,Metro,Less Likely,,,,,,,,,,,,,,,,0,0,0,Advances to Scoring,0.011473087818696884,0.06880408228527743,0.7166438256167657,0.22675738214285712,0.4479999288705533,0.22226268970816038,0.0,0.17995741416665564,334.0,0
24033802107,Maryland,Prince George's County,Less likely to attract OZ investment,0,3950.0,81971.0,0.10151899,0.061511423,77.0,321000.0,1827.0,0.17887154,0.2244152,0.03139535,0.029367089,0.012911392,0.94253165,0.0,0.0,0.33373207,Metro,Less Likely,,,,,,,,,,,,,,,,0,0,0,Advances to Scoring,0.0032577903682719546,0.06880408228527743,0.7166438256167657,0.36256782142857136,0.2934000764641552,0.17800009381612,0.0,0.17886339791238226,335.0,0
24019970300,Maryland,Dorchester County,Less likely to attract OZ investment,1,4399.0,70274.0,0.063279442,0.070134699,598.0,261100.0,1196.0,0.8116107,0.063444108,0.082027167,0.024778359,0.7522164,0.052739259,0.10229598,0.0013639464,0.20927969,Micro,Less Likely,,,,,,,,,,,,,,,,0,0,0,Advances to Scoring,0.02785646836638338,0.06880408228527743,0.7166438256167657,0.22599800714285723,0.39740021872304865,0.20295389690082988,0.0,0.1781538476416247,336.0,0
24033801809,Maryland,Prince George's County,"More likely to attract OZ investment, with larger impact",0,4596.0,84524.0,0.084169209,0.088667817,326.0,360500.0,1436.0,0.63198757,0.41631505,0.057101026,0.050913837,0.046779808,0.79873806,0.12597911,0.013489991,0.32932073,Metro,Goldilocks,,,,,,,,,,,,,,,,0,0,0,Advances to Scoring,0.01501416430594901,0.06880408228527743,0.7166438256167657,0.3006043178571428,0.270700891785438,0.256584532997563,0.0,0.17711262122461482,337.0,0
24033801802,Maryland,Prince George's County,Less likely to attract OZ investment,0,3753.0,79754.0,0.058086865,0.088898718,822.0,321800.0,1633.0,0.52691066,0.2536974,0.06066734,0.039968025,0.026112443,0.81641352,0.1364242,0.0042632562,0.3232289,Metro,Less Likely,,,,,,,,,,,,,,,,0,0,0,Advances to Scoring,0.038432483474976395,0.06880408228527743,0.7166438256167657,0.20745308928571426,0.31311182438139606,0.2572527080723331,0.0,0.17445997995518617,338.0,0
24033801408,Maryland,Prince George's County,Less likely to attract OZ investment,0,3232.0,82625.0,0.071882948,0.092268042,139.0,278300.0,1672.0,0.49553263,0.083106264,0.059469942,0.017945545,0.059405942,0.69183171,0.1980198,0.021349009,0.2738803,Metro,Less Likely,,,,,,,,,,,,,,,,0,0,0,Advances to Scoring,0.006185080264400377,0.06880408228527743,0.7166438256167657,0.25672481428571425,0.28758524419628173,0.267002766823159,0.0,0.170403864423568,339.0,0
24033803002,Maryland,Prince George's County,Less likely to attract OZ investment,0,2480.0,74208.0,0.058870967,0.086666666,179.0,301100.0,1903.0,0.69753695,0.55700326,0.053171642,0.020564517,0.038709678,0.76733869,0.15241936,0.029435484,0.14658849,Metro,Less Likely,,,,,,,,,,,,,,,,0,0,0,Advances to Scoring,0.008073654390934845,0.06880408228527743,0.7166438256167657,0.21025345357142855,0.36242231330743035,0.2507936563055993,0.0,0.17018671062409557,340.0,0
24019970100,Maryland,Dorchester County,Likely to attract capital even without OZ designation,1,3156.0,85701.0,0.089576028,0.050381679,244.0,256600.0,,0.87096775,0.064102568,0.099105813,0.025665399,0.75728768,0.12198986,0.036438528,0.0044359951,0.12138989,Micro,Already Attractive,,,,,,,,,,,,,,,,0,0,0,Advances to Scoring,0.011142587346553353,0.06880408228527743,0.7166438256167657,0.31991438571428565,0.26023597193943326,0.1457931413586976,0.0,0.16893785499965783,341.0,0
24033802502,Maryland,Prince George's County,Less likely to attract OZ investment,0,2642.0,98871.0,0.094604865,0.082717873,337.0,343800.0,1589.0,0.92706132,0.0,0.014583333,0.062452689,0.08591976,0.75397426,0.13626041,0.014761544,0.24719101,Metro,Less Likely,,,,,,,,,,,,,,,,0,0,0,Advances to Scoring,0.015533522190745986,0.06880408228527743,0.7166438256167657,0.33787451785714273,0.14313912030656795,0.23936674582003895,0.0,0.16872535846796496,342.0,0
24510270302,Maryland,Baltimore city,Less likely to attract OZ investment,0,1899.0,90089.0,0.062137969,0.050572518,81.0,268600.0,1345.0,0.68200272,0.18297872,0.057397958,0.015797788,0.36650869,0.53291208,0.034755133,0.0,0.30438066,Metro,Less Likely,658.0,0.0,0.080547112462006,112.0,168500.0,0.0,0.8951367781155015,0.0273556231003039,0.0,14752.431610942249,882.0,0.0,125.0,15.0,0.4157303370786517,1,1,1,Advances to Scoring,0.0034466477809254013,0.055401185561553885,0.43831934138305495,0.22192131785714286,0.22122147042348694,0.14634538610035758,0.3333333333333333,0.16863204634891832,343.0,0
24033803524,Maryland,Prince George's County,Likely to attract capital even without OZ designation,0,5510.0,104569.0,0.11597096,0.057805356,255.0,339200.0,2503.0,0.70914286,0.074656188,0.040043883,0.061705988,0.0050816699,0.77931035,0.18275861,0.0,0.24283099,Metro,Already Attractive,,,,,,,,,,,,,,,,0,0,0,Advances to Scoring,0.011661945231350331,0.06880408228527743,0.7166438256167657,0.41418200000000005,0.09247717189319915,0.16727557727081382,0.0,0.1681765193763,344.0,0
24021750507,Maryland,Frederick County,Less likely to attract OZ investment,0,4310.0,66943.0,0.055220418,0.0,1022.0,291000.0,1695.0,0.35778177,0.2376973,0.067296997,0.039443154,0.21345708,0.11322506,0.51322508,0.1262181,0.17262773,Metro,Less Likely,,,,,,,,,,,,,,,,0,0,0,Advances to Scoring,0.047875354107648725,0.06880408228527743,0.7166438256167657,0.19721577857142858,0.4270167420935175,0.0,0.0,0.1665675196632705,345.0,0
24033801500,Maryland,Prince George's County,Less likely to attract OZ investment,0,2296.0,100366.0,0.064304464,0.11668107,716.0,356700.0,1484.0,0.93315506,0.12,0.027308192,0.053571429,0.072299652,0.53310102,0.34756097,0.025261324,0.23067632,Metro,Less Likely,,,,,,,,,,,,,,,,0,0,0,Advances to Scoring,0.03342776203966006,0.06880408228527743,0.7166438256167657,0.22965880000000005,0.129846804954166,0.3376485276005607,0.0,0.16439458375126934,346.0,0
24033801105,Maryland,Prince George's County,Likely to attract capital even without OZ designation,0,1552.0,89342.0,0.063175395,0.027504912,1328.0,,2729.0,0.025510205,0.37172773,0.10909091,0.13273196,0.37564433,0.22938144,0.35889176,0.012242268,0.29685536,Metro,Already Attractive,,,,,,,,,,,,,,,,0,0,0,Advances to Scoring,0.06232294617563739,0.06880408228527743,0.7166438256167657,0.22562641071428569,0.22786318250926907,0.07959297115275847,0.0,0.16161547383889152,347.0,0
24001002000,Maryland,Allegany County,Less likely to attract OZ investment,1,5369.0,65778.0,0.035107378,0.0,1141.0,163100.0,771.0,0.80366057,0.033898305,0.095900714,0.040603463,0.94263363,0.0037250884,0.0,0.027379401,0.18132992,Metro,Less Likely,,,,,,,,,,,,,,,,0,0,0,Advances to Scoring,0.053493862134088764,0.06880408228527743,0.7166438256167657,0.1253834928571428,0.4373749677694695,0.0,0.0,0.15851405178165484,348.0,0
24031700614,Maryland,Montgomery County,Less likely to attract OZ investment,0,5812.0,91402.0,0.061252579,0.0779844,479.0,333800.0,1890.0,0.65743637,0.23859191,0.024400871,0.017377838,0.28699243,0.29146594,0.27615279,0.094975911,0.52537596,Metro,Less Likely,,,,,,,,,,,,,,,,0,0,0,Advances to Scoring,0.022237960339943342,0.06880408228527743,0.7166438256167657,0.21875921071428572,0.2095473499835513,0.22566914955282089,0.0,0.15841440910761653,349.0,0
24510250101,Maryland,Baltimore city,Less likely to attract OZ investment,0,3776.0,66767.0,0.086656034,0.014948454,216.0,189800.0,1657.0,0.6167773,0.38267717,0.039976824,0.024364406,0.085540257,0.77860171,0.067266949,0.035487287,0.3395257,Metro,Less Likely,1294.0,0.108720450480091,0.061823802163833,214.0,117900.0,0.0,0.8021638330757341,0.0007727975270479,0.0,6141.06027820711,597.0,0.0,137.0,1.0,0.6583333333333333,1,0,0,Advances to Scoring,0.009820585457979225,0.04311727402270241,0.5645081611908697,0.3094858357142857,0.4285815899209574,0.043257432272473265,0.0,0.1573126935702415,350.0,0
24001001402,Maryland,Allegany County,Less likely to attract OZ investment,1,1399.0,73500.0,0.037518039,0.033613447,485.0,158700.0,959.0,0.78593749,0.02919708,0.14093959,0.071479626,0.91636884,0.037884202,0.0014295926,0.022873482,0.38166511,Metro,Less Likely,,,,,,,,,,,,,,,,0,0,0,Advances to Scoring,0.022521246458923512,0.06880408228527743,0.7166438256167657,0.13399299642857143,0.36871726934054116,0.09726968468089539,0.0,0.15142949754639837,351.0,0
24033801106,Maryland,Prince George's County,Likely to attract capital even without OZ designation,0,1578.0,79516.0,0.020356234,0.078767121,621.0,,2677.0,0.0,0.25,0.15862069,0.08491762,0.46831432,0.30608365,0.12737642,0.015842838,0.40841249,Metro,Already Attractive,,,,,,,,,,,,,,,,0,0,0,Advances to Scoring,0.028942398489140698,0.06880408228527743,0.7166438256167657,0.07270083571428565,0.31522792542077516,0.2279341664332115,0.0,0.14926624319652934,352.0,0
24033801406,Maryland,Prince George's County,Less likely to attract OZ investment,0,2640.0,78715.0,0.021590909,0.087338805,61.0,313600.0,1882.0,0.51987177,0.30974633,0.07692308,0.0045454544,0.030681819,0.67083335,0.21401516,0.015151516,0.35227767,Metro,Less Likely,,,,,,,,,,,,,,,,0,0,0,Advances to Scoring,0.002502360717658168,0.06880408228527743,0.7166438256167657,0.07711038928571423,0.3223497612717945,0.2527386739823563,0.0,0.1446922090898324,353.0,0
24009861004,Maryland,Calvert County,Less likely to attract OZ investment,1,7113.0,95276.0,0.054829188,0.018406594,57.0,292400.0,1902.0,0.93130988,0.058139537,0.058646616,0.052439194,0.70012653,0.1583017,0.052439194,0.0080134962,0.32896891,Metro,Less Likely,,,,,,,,,,,,,,,,0,0,0,Advances to Scoring,0.0023135033050047213,0.06880408228527743,0.7166438256167657,0.19581852857142856,0.17510291541819667,0.053264504364258176,0.0,0.13175915460408588,354.0,0
24017850201,Maryland,Charles County,Likely to attract capital even without OZ designation,1,1259.0,101518.0,0.023305085,0.0,173.0,265800.0,2854.0,0.49086162,0.12307692,0.047263682,0.22954726,0.53613979,0.26926133,0.081810959,0.069102459,0.39792898,Metro,Already Attractive,,,,,,,,,,,,,,,,0,0,0,Advances to Scoring,0.007790368271954674,0.06880408228527743,0.7166438256167657,0.08323244642857142,0.11960416462910439,0.0,0.0,0.1067032663446924,355.0,0
24033802901,Maryland,Prince George's County,Likely to attract capital even without OZ designation,0,4059.0,,0.16432619,0.21060383,529.0,349700.0,1310.0,0.51489359,0.11278196,0.035190616,0.01897019,0.010840109,0.72037446,0.24833703,0.0,0.27392739,Metro,Already Attractive,,,,,,,,,,,,,,,,0,1,1,Advances to Scoring,0.024598677998111426,0.06880408228527743,0.7166438256167657,0.58687925,,0.6094396726610305,0.3333333333333333,,356.0,0
24510271801,Maryland,Baltimore city,Likely to attract capital even without OZ designation,0,2537.0,,0.35925779,0.065352701,200.0,197500.0,751.0,0.43122977,0.48079658,0.17489986,0.012219156,0.023255814,0.94205755,0.002364998,0.015372487,0.13474801,Metro,Already Attractive,1260.0,0.0148896576292796,0.1809523809523809,287.0,60000.0,0.0,0.8944444444444445,0.0523809523809523,0.0,18030.846825396824,1138.0,3.0,286.0,21.0,0.7216338880484114,1,1,1,Advances to Scoring,0.009065155807365438,0.12454240413668557,0.6315017347016837,0.7169364642857143,,0.1891158802997752,0.3333333333333333,,356.0,0
24510150900,Maryland,Baltimore city,Likely to attract capital even without OZ designation,0,3820.0,,0.43769634,0.25078863,68.0,236800.0,,0.58708709,0.77454543,0.18681319,0.0094240839,0.039528795,0.78848165,0.15575916,0.0,0.1823656,Metro,Already Attractive,1399.0,0.0101175318671397,0.1515368120085775,333.0,110000.0,0.0,0.9285203716940672,0.0042887776983559,0.0,13766.333095067906,1313.0,0.0,310.0,6.0,0.5356725146198831,1,1,1,Advances to Scoring,0.0028328611898017,0.10428397291749777,0.5262276789112492,0.43679878571428576,,0.7257253610929503,0.3333333333333333,,356.0,0
24005492500,Maryland,Baltimore County,Likely to attract capital even without OZ designation,0,3491.0,,0.46808511,0.041345093,4006.0,,,1.0,,0.0,0.41506732,0.40991119,0.34574622,0.090232022,0.099684902,0.29761904,Metro,Already Attractive,,,,,,,,,,,,,,,,0,1,1,Advances to Scoring,0.18876298394711993,0.06880408228527743,0.7166438256167657,0.1641337321428572,,0.11964331296377594,0.3333333333333333,,356.0,0
24003740205,Maryland,Anne Arundel County,Less likely to attract OZ investment,0,3285.0,87404.0,0.22686084,0.036858007,1607.0,372100.0,1659.0,0.66936135,0.30073351,0.080297396,0.028310502,0.42496195,0.13394216,0.34185693,0.026788432,0.2868526,Metro,Less Likely,,,,,,,,,,,,,,,,0,1,1,Eliminated — Already Attractive,,,,,,,,,,0
24003751103,Maryland,Anne Arundel County,Less likely to attract OZ investment,0,5690.0,71875.0,0.080878213,0.011258956,407.0,375100.0,1584.0,0.69804919,0.38764045,0.019134775,0.067135327,0.65869945,0.20369069,0.03831283,0.026010545,0.20075758,Metro,Less Likely,,,,,,,,,,,,,,,,0,0,0,Eliminated — Already Attractive,,,,,,,,,,0
24005490303,Maryland,Baltimore County,Less likely to attract OZ investment,0,2563.0,75392.0,0.27719823,0.054730982,2766.0,376200.0,1675.0,0.2076412,0.2620545,0.14971751,0.093250096,0.54038239,0.32696059,0.034724932,0.024190402,0.4133054,Metro,Less Likely,,,,,,,,,,,,,,,,0,0,0,Eliminated — Already Attractive,,,,,,,,,,0
24017850802,Maryland,Charles County,"More likely to attract OZ investment, with larger impact",0,5818.0,86425.0,0.11627907,0.036453202,3585.0,406200.0,1782.0,0.74265325,0.17944536,0.0099750627,0.044517018,0.23547611,0.5080784,0.090237193,0.051564112,0.22698413,Metro,Goldilocks,,,,,,,,,,,,,,,,0,0,0,Eliminated — Already Attractive,,,,,,,,,,0
24017851200,Maryland,Charles County,Less likely to attract OZ investment,1,4748.0,104038.0,0.062855937,0.0046339203,493.0,441500.0,1216.0,0.78227574,0.29396984,0.20659722,0.019587195,0.69481885,0.12257793,0.090564445,0.010530749,0.20217641,Metro,Less Likely,,,,,,,,,,,,,,,,0,0,0,Eliminated — Already Attractive,,,,,,,,,,0
24021750508,Maryland,Frederick County,Less likely to attract OZ investment,0,5163.0,72111.0,0.16173609,0.044887781,469.0,421500.0,1749.0,0.23499492,0.22273937,0.013052209,0.036993995,0.2147976,0.30931628,0.38078636,0.050358318,0.26986301,Metro,Less Likely,,,,,,,,,,,,,,,,0,0,0,Eliminated — Already Attractive,,,,,,,,,,0
24021750801,Maryland,Frederick County,"More likely to attract OZ investment, with larger impact",0,3259.0,68438.0,0.081329115,0.033949077,3368.0,427000.0,1669.0,0.26353592,0.24606152,0.075587332,0.032832157,0.64191473,0.10647438,0.044492174,0.027002148,0.42431372,Metro,Goldilocks,,,,,,,,,,,,,,,,0,0,0,Eliminated — Already Attractive,,,,,,,,,,0
24021751001,Maryland,Frederick County,Likely to attract capital even without OZ designation,0,2300.0,90465.0,0.14117132,0.050724637,7.0,448800.0,1735.0,0.64988291,0.30100334,0.0,0.019565217,0.38043478,0.24391304,0.18565217,0.13956521,0.44089013,Metro,Already Attractive,,,,,,,,,,,,,,,,0,0,0,Eliminated — Already Attractive,,,,,,,,,,0
24021751600,Maryland,Frederick County,Less likely to attract OZ investment,1,3079.0,98026.0,0.067147069,0.058788598,211.0,540100.0,1549.0,0.91149634,0.0,0.022301517,0.035076324,0.85969472,0.0097434232,0.061383568,0.0337772,0.25120986,Metro,Less Likely,,,,,,,,,,,,,,,,0,0,0,Eliminated — Already Attractive,,,,,,,,,,0
24021753001,Maryland,Frederick County,Less likely to attract OZ investment,1,4731.0,97451.0,0.092580847,0.037159678,1222.0,381800.0,985.0,0.76942742,0.18403548,0.020530796,0.039737899,0.87486792,0.016698372,0.066793486,0.0029592053,0.33658105,Metro,Less Likely,,,,,,,,,,,,,,,,0,0,0,Eliminated — Already Attractive,,,,,,,,,,0
24021767500,Maryland,Frederick County,Less likely to attract OZ investment,1,2589.0,88009.0,0.032831211,0.042586751,228.0,428800.0,1697.0,0.87895215,0.42537314,0.063451774,0.047508691,0.90382385,0.0,0.0,0.056778681,0.26180482,Metro,Less Likely,,,,,,,,,,,,,,,,0,0,0,Eliminated — Already Attractive,,,,,,,,,,0
24021772200,Maryland,Frederick County,Likely to attract capital even without OZ designation,0,1895.0,68879.0,0.34706813,0.030858245,4108.0,441800.0,1277.0,0.44516128,0.36434108,0.097963139,0.03060686,0.59208441,0.28548813,0.029023746,0.071767807,0.38968092,Metro,Already Attractive,,,,,,,,,,,,,,,,0,1,1,Eliminated — Already Attractive,,,,,,,,,,0
24025305200,Maryland,Harford County,Less likely to attract OZ investment,1,2619.0,75000.0,0.11912944,0.012244898,534.0,394400.0,739.0,0.93235296,0.0,0.16049382,0.038946163,0.96907216,0.0076365024,0.0026727759,0.0,0.17018072,Metro,Less Likely,,,,,,,,,,,,,,,,0,0,0,Eliminated — Already Attractive,,,,,,,,,,0
24025306200,Maryland,Harford County,"More likely to attract OZ investment, with larger impact",0,2246.0,67569.0,0.20172258,0.014984227,773.0,380400.0,1563.0,0.5108481,0.24395162,0.087308727,0.037399821,0.74666071,0.044968832,0.15271594,0.00044523599,0.3968254,Metro,Goldilocks,,,,,,,,,,,,,,,,0,0,0,Eliminated — Already Attractive,,,,,,,,,,0
24031700309,Maryland,Montgomery County,Likely to attract capital even without OZ designation,0,5889.0,95424.0,0.12871455,0.035123367,6216.0,365100.0,1997.0,0.51263118,0.37639552,0.042069994,0.02615045,0.19901511,0.38614365,0.23722194,0.11954492,0.41793612,Metro,Already Attractive,,,,,,,,,,,,,,,,0,0,0,Eliminated — Already Attractive,,,,,,,,,,0
24031700706,Maryland,Montgomery County,"More likely to attract OZ investment, with larger impact",0,4324.0,100907.0,0.051572617,0.0296875,3247.0,496600.0,2066.0,0.43438914,0.20685714,0.054400977,0.061517112,0.21415356,0.23866791,0.30388528,0.16281222,0.51983684,Metro,Goldilocks,,,,,,,,,,,,,,,,0,0,0,Eliminated — Already Attractive,,,,,,,,,,0
24031700715,Maryland,Montgomery County,Likely to attract capital even without OZ designation,0,6461.0,106955.0,0.095650829,0.050168246,291.0,439100.0,2394.0,0.89073765,0.3857868,0.017973857,0.044420369,0.11995047,0.12258165,0.5465098,0.1394521,0.32492432,Metro,Already Attractive,,,,,,,,,,,,,,,,0,0,0,Eliminated — Already Attractive,,,,,,,,,,0
24031700724,Maryland,Montgomery County,Less likely to attract OZ investment,0,3640.0,70103.0,0.14749511,0.068746693,455.0,370700.0,1644.0,0.11278863,0.14114115,0.039249148,0.04368132,0.13763736,0.17527473,0.52829671,0.15879121,0.161542,Metro,Less Likely,,,,,,,,,,,,,,,,0,1,1,Eliminated — Already Attractive,,,,,,,,,,0
24031700727,Maryland,Montgomery County,Less likely to attract OZ investment,0,2251.0,90417.0,0.16303866,0.08527828,4260.0,468400.0,1721.0,0.6024735,0.36444443,0.02915952,0.019546868,0.16481563,0.026210573,0.70324302,0.066192806,0.20972222,Metro,Less Likely,,,,,,,,,,,,,,,,0,0,0,Eliminated — Already Attractive,,,,,,,,,,0
24031700729,Maryland,Montgomery County,Less likely to attract OZ investment,0,2924.0,110855.0,0.17675379,0.025440313,371.0,448400.0,1833.0,0.78260869,0.26666668,0.0,0.022913817,0.14569083,0.16176471,0.32489741,0.3012996,0.31586608,Metro,Less Likely,,,,,,,,,,,,,,,,0,0,0,Eliminated — Already Attractive,,,,,,,,,,0
24031700731,Maryland,Montgomery County,Less likely to attract OZ investment,0,4007.0,103148.0,0.22729553,0.06880375,631.0,487500.0,2095.0,0.34475806,0.41128206,0.050414804,0.09608186,0.14324932,0.16346394,0.54654354,0.063888192,0.31087881,Metro,Less Likely,,,,,,,,,,,,,,,,0,0,0,Eliminated — Already Attractive,,,,,,,,,,0
24031700732,Maryland,Montgomery County,Less likely to attract OZ investment,0,3263.0,92500.0,0.14679742,0.023373052,568.0,386900.0,1621.0,0.49665925,0.23451327,0.13152805,0.026662581,0.10052099,0.16304015,0.64327306,0.081520073,0.17928776,Metro,Less Likely,,,,,,,,,,,,,,,,0,0,0,Eliminated — Already Attractive,,,,,,,,,,0
24031700812,Maryland,Montgomery County,Less likely to attract OZ investment,0,4513.0,88954.0,0.095945045,0.12304439,339.0,367600.0,2211.0,0.72486454,0.75929976,0.085855804,0.066474631,0.35453135,0.16552183,0.23487702,0.20518503,0.47340089,Metro,Less Likely,,,,,,,,,,,,,,,,0,1,1,Eliminated — Already Attractive,,,,,,,,,,0
24031700818,Maryland,Montgomery County,Less likely to attract OZ investment,0,6356.0,88590.0,0.14458779,0.077903271,1612.0,410000.0,1749.0,0.23503236,0.19196193,0.0,0.042951543,0.11847074,0.37413469,0.31434864,0.10242291,0.31586608,Metro,Less Likely,,,,,,,,,,,,,,,,0,1,1,Eliminated — Already Attractive,,,,,,,,,,0
24031700819,Maryland,Montgomery County,Less likely to attract OZ investment,0,6669.0,103155.0,0.046933573,0.029301276,346.0,379600.0,1959.0,0.80830806,0.065462753,0.040680781,0.052931473,0.26045883,0.28759935,0.24291497,0.14649872,0.44535637,Metro,Less Likely,,,,,,,,,,,,,,,,0,1,1,Eliminated — Already Attractive,,,,,,,,,,0
24031700820,Maryland,Montgomery County,"More likely to attract OZ investment, with larger impact",0,3548.0,92560.0,0.101082,0.0066889632,1878.0,600400.0,2140.0,0.22361359,0.26382488,0.050933786,0.049323563,0.1302142,0.16685456,0.54030442,0.14007892,0.29448125,Metro,Goldilocks,,,,,,,,,,,,,,,,0,0,0,Eliminated — Already Attractive,,,,,,,,,,0
24031700830,Maryland,Montgomery County,Less likely to attract OZ investment,0,2516.0,83537.0,0.10095389,0.043043811,2045.0,480500.0,2224.0,0.19368421,0.21671018,0.03943377,0.017885532,0.12678856,0.34737679,0.16693164,0.2591415,0.53047013,Metro,Less Likely,,,,,,,,,,,,,,,,0,1,1,Eliminated — Already Attractive,,,,,,,,,,0
24031700832,Maryland,Montgomery County,Less likely to attract OZ investment,0,3004.0,80417.0,0.1394807,0.028864658,326.0,380000.0,1955.0,0.75666666,0.42465752,0.0055248621,0.065246336,0.22503328,0.13348868,0.57889479,0.048934754,0.27918234,Metro,Less Likely,,,,,,,,,,,,,,,,0,0,0,Eliminated — Already Attractive,,,,,,,,,,0
24031700836,Maryland,Montgomery County,Less likely to attract OZ investment,0,1484.0,72447.0,0.032345012,0.055614974,443.0,447000.0,1919.0,0.58402663,0.108,0.0,0.017520215,0.22304583,0.10107817,0.12398922,0.29649594,0.69114876,Metro,Less Likely,,,,,,,,,,,,,,,,0,1,1,Eliminated — Already Attractive,,,,,,,,,,0
24031700903,Maryland,Montgomery County,Likely to attract capital even without OZ designation,0,2072.0,105771.0,0.15830116,0.10776187,4054.0,553100.0,2103.0,0.35222054,0.2931442,0.054992765,0.0492278,0.2596525,0.12644787,0.48359072,0.093146719,0.38963965,Metro,Already Attractive,,,,,,,,,,,,,,,,0,1,1,Eliminated — Already Attractive,,,,,,,,,,0
24031700904,Maryland,Montgomery County,Likely to attract capital even without OZ designation,0,3979.0,81438.0,0.25131944,0.031694993,7542.0,598800.0,2037.0,0.04767184,0.25727591,0.072493576,0.060065344,0.23699422,0.14802714,0.2055793,0.36164865,0.61748254,Metro,Already Attractive,,,,,,,,,,,,,,,,0,1,1,Eliminated — Already Attractive,,,,,,,,,,0
24031701418,Maryland,Montgomery County,Likely to attract capital even without OZ designation,0,3473.0,108271.0,0.054995682,0.13229376,66.0,432000.0,2665.0,0.84210527,0.28813559,0.029437229,0.065649293,0.20587388,0.54938096,0.090411745,0.12957098,0.4950805,Metro,Already Attractive,,,,,,,,,,,,,,,,0,1,1,Eliminated — Already Attractive,,,,,,,,,,0
24031701423,Maryland,Montgomery County,Less likely to attract OZ investment,0,5456.0,89196.0,0.1380132,0.057767134,102.0,369300.0,1934.0,0.49895507,0.36704901,0.039638735,0.074230209,0.054618768,0.61473608,0.19666423,0.092192084,0.41160145,Metro,Less Likely,,,,,,,,,,,,,,,,0,1,1,Eliminated — Already Attractive,,,,,,,,,,0
24031701508,Maryland,Montgomery County,Less likely to attract OZ investment,0,4834.0,84755.0,0.11170873,0.11949685,95.0,529800.0,1870.0,0.18464351,0.24439462,0.042031523,0.07323128,0.095779896,0.77741003,0.084402151,0.02709971,0.37163904,Metro,Less Likely,,,,,,,,,,,,,,,,0,1,1,Eliminated — Already Attractive,,,,,,,,,,0
24031701602,Maryland,Montgomery County,Less likely to attract OZ investment,0,7158.0,79531.0,0.18357083,0.082093515,370.0,492600.0,1887.0,0.37075013,0.33962265,0.011205977,0.044425819,0.061050572,0.13048337,0.59709418,0.20592344,0.28392217,Metro,Less Likely,,,,,,,,,,,,,,,,0,1,1,Eliminated — Already Attractive,,,,,,,,,,0
24031701702,Maryland,Montgomery County,Less likely to attract OZ investment,0,2474.0,66548.0,0.072041169,0.085201792,1981.0,583300.0,1253.0,0.39922482,0.26774195,0.067750677,0.034357317,0.3270008,0.26637024,0.23605497,0.046079222,0.56821024,Metro,Less Likely,,,,,,,,,,,,,,,,0,1,1,Eliminated — Already Attractive,,,,,,,,,,0
24031702000,Maryland,Montgomery County,Less likely to attract OZ investment,0,5705.0,72821.0,0.11463286,0.099492081,382.0,396600.0,1570.0,0.47849461,0.18785796,0.0,0.073794916,0.077125326,0.19263804,0.67975461,0.021034181,0.18686722,Metro,Less Likely,,,,,,,,,,,,,,,,0,1,1,Eliminated — Already Attractive,,,,,,,,,,0
24031702101,Maryland,Montgomery County,Less likely to attract OZ investment,0,6285.0,71458.0,0.16894171,0.079725944,497.0,529500.0,1619.0,0.49599999,0.32380953,0.0234375,0.050119333,0.13062848,0.32474145,0.37024662,0.13937947,0.33880189,Metro,Less Likely,,,,,,,,,,,,,,,,0,1,1,Eliminated — Already Attractive,,,,,,,,,,0
24031702301,Maryland,Montgomery County,"More likely to attract OZ investment, with larger impact",0,3522.0,99265.0,0.12265758,0.052472249,606.0,383300.0,1755.0,0.40219092,0.14528796,0.089743592,0.031516183,0.20073822,0.38642818,0.29926178,0.072685972,0.54995656,Metro,Goldilocks,,,,,,,,,,,,,,,,0,1,1,Eliminated — Already Attractive,,,,,,,,,,0
24031702502,Maryland,Montgomery County,Less likely to attract OZ investment,0,1813.0,89063.0,0.12575841,0.030864198,2300.0,450500.0,1961.0,0.15229358,0.21428572,0.12590216,0.035300605,0.30612245,0.3088803,0.20683949,0.07060121,0.56737119,Metro,Less Likely,,,,,,,,,,,,,,,,0,1,1,Eliminated — Already Attractive,,,,,,,,,,0
24031703209,Maryland,Montgomery County,Less likely to attract OZ investment,0,6088.0,85230.0,0.13626628,0.072384596,894.0,541000.0,2091.0,0.60659695,0.20858896,0.087036356,0.0096911956,0.21156374,0.2380092,0.31980947,0.080650456,0.5247106,Metro,Less Likely,,,,,,,,,,,,,,,,0,1,1,Eliminated — Already Attractive,,,,,,,,,,0
24031703214,Maryland,Montgomery County,Less likely to attract OZ investment,0,7219.0,65875.0,0.22917536,0.10953966,486.0,580600.0,1776.0,0.18336634,0.31959262,0.066198222,0.044743039,0.10652445,0.29754815,0.48372352,0.042942237,0.30703625,Metro,Less Likely,,,,,,,,,,,,,,,,0,1,1,Eliminated — Already Attractive,,,,,,,,,,0
24031703302,Maryland,Montgomery County,Likely to attract capital even without OZ designation,0,5128.0,114188.0,0.09968292,0.033601679,871.0,490100.0,3346.0,0.8334589,0.58823532,0.011913626,0.04173167,0.13221529,0.046801873,0.71060842,0.093603745,0.23937984,Metro,Already Attractive,,,,,,,,,,,,,,,,0,0,0,Eliminated — Already Attractive,,,,,,,,,,0
24031703404,Maryland,Montgomery County,Less likely to attract OZ investment,0,3778.0,99318.0,0.16807835,0.067117117,121.0,387000.0,2013.0,0.81666666,0.22424242,0.035369776,0.035997882,0.044732664,0.064584434,0.78930652,0.041291688,0.16792677,Metro,Less Likely,,,,,,,,,,,,,,,,0,1,1,Eliminated — Already Attractive,,,,,,,,,,0
24031703501,Maryland,Montgomery County,Less likely to attract OZ investment,0,6191.0,87347.0,0.15214205,0.080681816,359.0,478300.0,1655.0,0.65118438,0.3701731,0.0,0.037473753,0.22338879,0.28186077,0.33790988,0.095138103,0.3100999,Metro,Less Likely,,,,,,,,,,,,,,,,0,1,1,Eliminated — Already Attractive,,,,,,,,,,0
24031703701,Maryland,Montgomery County,Likely to attract capital even without OZ designation,0,4422.0,132883.0,0.23253611,0.042605489,254.0,415500.0,2583.0,0.83851975,0.30208334,0.024610337,0.030076887,0.11216644,0.07146088,0.70217097,0.063093625,0.235121,Metro,Already Attractive,,,,,,,,,,,,,,,,0,1,1,Eliminated — Already Attractive,,,,,,,,,,0
24031703800,Maryland,Montgomery County,"More likely to attract OZ investment, with larger impact",0,4202.0,86190.0,0.16949153,0.024480712,4619.0,615400.0,2091.0,0.17432863,0.17916207,0.01656222,0.04093289,0.20704426,0.47834364,0.20466444,0.068062827,0.52142859,Metro,Goldilocks,,,,,,,,,,,,,,,,0,1,1,Eliminated — Already Attractive,,,,,,,,,,0
24031703902,Maryland,Montgomery County,Likely to attract capital even without OZ designation,0,8475.0,111326.0,0.21238938,0.14166473,1151.0,546400.0,2555.0,0.53333336,0.086029992,0.025834231,0.064424776,0.27952802,0.21923304,0.44920355,0.041533925,0.45454547,Metro,Already Attractive,,,,,,,,,,,,,,,,0,1,1,Eliminated — Already Attractive,,,,,,,,,,0
24033800102,Maryland,Prince George's County,Less likely to attract OZ investment,0,2759.0,80745.0,0.081551284,0.03929273,701.0,430200.0,1594.0,0.37426132,0.22350472,0.060456507,0.023921711,0.27256253,0.44001451,0.19971004,0.037694816,0.44506919,Metro,Less Likely,,,,,,,,,,,,,,,,0,1,1,Eliminated — Already Attractive,,,,,,,,,,0
24033800103,Maryland,Prince George's County,"More likely to attract OZ investment, with larger impact",0,2317.0,87008.0,0.12818299,0.026493799,2785.0,445900.0,1661.0,0.14777328,0.13895486,0.051823415,0.057833407,0.11523522,0.34138972,0.42943463,0.047906775,0.18532339,Metro,Goldilocks,,,,,,,,,,,,,,,,0,0,0,Eliminated — Already Attractive,,,,,,,,,,0
24033800109,Maryland,Prince George's County,"More likely to attract OZ investment, with larger impact",0,4544.0,100909.0,0.1329198,0.049826186,252.0,390600.0,1864.0,0.45801526,0.27464789,0.1249165,0.037852112,0.085607395,0.27992958,0.57416373,0.022007043,0.26301464,Metro,Goldilocks,,,,,,,,,,,,,,,,0,1,1,Eliminated — Already Attractive,,,,,,,,,,0
24033800210,Maryland,Prince George's County,Less likely to attract OZ investment,0,3483.0,79306.0,0.072230212,0.05172414,252.0,517900.0,1895.0,0.16504854,0.28435519,0.11965812,0.021246051,0.043066323,0.48205569,0.35113409,0.079242036,0.29833171,Metro,Less Likely,,,,,,,,,,,,,,,,0,0,0,Eliminated — Already Attractive,,,,,,,,,,0
24033800211,Maryland,Prince George's County,"More likely to attract OZ investment, with larger impact",0,3219.0,86101.0,0.083889417,0.066172577,529.0,430600.0,1810.0,0.25528812,0.28305584,0.062884487,0.050015531,0.12364088,0.6356011,0.20565394,0.010872941,0.48663595,Metro,Goldilocks,,,,,,,,,,,,,,,,0,0,0,Eliminated — Already Attractive,,,,,,,,,,0
24033800217,Maryland,Prince George's County,Less likely to attract OZ investment,0,4371.0,106706.0,0.11819668,0.09696459,375.0,483000.0,1973.0,0.54777843,0.30955586,0.065946564,0.042781971,0.13132006,0.64790666,0.11027225,0.048043925,0.47251388,Metro,Less Likely,,,,,,,,,,,,,,,,0,0,0,Eliminated — Already Attractive,,,,,,,,,,0
24033800218,Maryland,Prince George's County,"More likely to attract OZ investment, with larger impact",0,6856.0,85000.0,0.21298267,0.056897897,1940.0,408800.0,1715.0,0.30165288,0.30710059,0.010629599,0.037193701,0.075262547,0.56694865,0.32307467,0.016044341,0.20940486,Metro,Goldilocks,,,,,,,,,,,,,,,,0,0,0,Eliminated — Already Attractive,,,,,,,,,,0
24033800413,Maryland,Prince George's County,Less likely to attract OZ investment,0,4105.0,110581.0,0.1317905,0.063239492,503.0,411300.0,1860.0,0.55347592,0.10479042,0.078250155,0.015347138,0.021680877,0.78172958,0.075761266,0.04677223,0.45644131,Metro,Less Likely,,,,,,,,,,,,,,,,0,0,0,Eliminated — Already Attractive,,,,,,,,,,0
24033800704,Maryland,Prince George's County,Less likely to attract OZ investment,0,5240.0,90953.0,0.071660616,0.021628929,192.0,363800.0,2078.0,0.88999546,0.37860084,0.039147455,0.034351144,0.070801526,0.87938929,0.028244276,0.0041984734,0.33975205,Metro,Less Likely,,,,,,,,,,,,,,,,0,0,0,Eliminated — Already Attractive,,,,,,,,,,0
24033801216,Maryland,Prince George's County,Less likely to attract OZ investment,0,3788.0,80421.0,0.17977825,0.089989349,375.0,372900.0,2004.0,0.80400002,0.34693879,0.037721325,0.022703273,0.059926081,0.67766631,0.19825765,0.0013199578,0.26482618,Metro,Less Likely,,,,,,,,,,,,,,,,0,0,0,Eliminated — Already Attractive,,,,,,,,,,0
24033801701,Maryland,Prince George's County,Less likely to attract OZ investment,0,4776.0,66217.0,0.15542953,0.097332373,145.0,391100.0,2060.0,0.4207283,0.39071566,0.042381976,0.0060720267,0.043132327,0.82118928,0.084170856,0.0033500837,0.25205159,Metro,Less Likely,,,,,,,,,,,,,,,,0,0,0,Eliminated — Already Attractive,,,,,,,,,,0
24033801707,Maryland,Prince George's County,Less likely to attract OZ investment,0,6204.0,83523.0,0.073709674,0.039633323,110.0,373100.0,1690.0,0.45696259,0.21161826,0.10811897,0.047549967,0.042714376,0.48065764,0.45261121,0.0,0.2160401,Metro,Less Likely,,,,,,,,,,,,,,,,0,1,1,Eliminated — Already Attractive,,,,,,,,,,0
24033801709,Maryland,Prince George's County,"More likely to attract OZ investment, with larger impact",0,5508.0,69146.0,0.35294119,0.20955575,352.0,387000.0,1725.0,0.45648059,0.30635336,0.024457775,0.020697167,0.0061728396,0.65613651,0.26942629,0.034495279,0.20489456,Metro,Goldilocks,,,,,,,,,,,,,,,,0,0,0,Eliminated — Already Attractive,,,,,,,,,,0
24033801807,Maryland,Prince George's County,Less likely to attract OZ investment,0,5134.0,83779.0,0.11391168,0.032077584,177.0,405400.0,1614.0,0.49450549,0.18206522,0.080033697,0.020451888,0.013439813,0.88722241,0.096221268,0.0027269186,0.29911765,Metro,Less Likely,,,,,,,,,,,,,,,,0,0,0,Eliminated — Already Attractive,,,,,,,,,,0
24033801808,Maryland,Prince George's County,Less likely to attract OZ investment,0,3193.0,66058.0,0.19699343,0.095801935,254.0,416700.0,1566.0,0.37989557,0.32842106,0.035871617,0.021609772,0.08111494,0.75947386,0.11869715,0.0,0.21321203,Metro,Less Likely,,,,,,,,,,,,,,,,0,0,0,Eliminated — Already Attractive,,,,,,,,,,0
24033801908,Maryland,Prince George's County,Less likely to attract OZ investment,0,3098.0,81060.0,0.1103938,0.060285319,369.0,374100.0,1734.0,0.065052949,0.095469259,0.16959798,0.037120722,0.0016139445,0.88928342,0.048418336,0.0,0.15130733,Metro,Less Likely,,,,,,,,,,,,,,,,0,1,1,Eliminated — Already Attractive,,,,,,,,,,0
24033803001,Maryland,Prince George's County,Less likely to attract OZ investment,0,3629.0,77813.0,0.13351877,0.047974415,130.0,373400.0,1745.0,0.66144973,0.092457421,0.034208432,0.021769082,0.019840177,0.81372279,0.15596583,0.00082667399,0.1787968,Metro,Less Likely,,,,,,,,,,,,,,,,0,1,1,Eliminated — Already Attractive,,,,,,,,,,0
24033803508,Maryland,Prince George's County,Less likely to attract OZ investment,0,3743.0,76719.0,0.26019314,0.071106091,418.0,366500.0,1625.0,0.4193818,0.24172662,0.012376238,0.0096179536,0.020304568,0.63718945,0.19155757,0.058242053,0.24589455,Metro,Less Likely,,,,,,,,,,,,,,,,0,2,1,Eliminated — Already Attractive,,,,,,,,,,0
24033803509,Maryland,Prince George's County,Likely to attract capital even without OZ designation,0,3854.0,72042.0,0.27606884,0.045302812,2679.0,395200.0,1666.0,0.27591136,0.31490621,0.061073825,0.030098598,0.073170729,0.64115202,0.16294758,0.10015568,0.32345971,Metro,Already Attractive,,,,,,,,,,,,,,,,0,2,1,Eliminated — Already Attractive,,,,,,,,,,0
24033803610,Maryland,Prince George's County,Less likely to attract OZ investment,0,3940.0,84632.0,0.14985813,0.085128747,798.0,436000.0,1672.0,0.62373507,0.11735941,0.048161119,0.032741118,0.114467,0.51497459,0.31624365,0.016497461,0.2573196,Metro,Less Likely,,,,,,,,,,,,,,,,0,1,1,Eliminated — Already Attractive,,,,,,,,,,0
24033803613,Maryland,Prince George's County,"More likely to attract OZ investment, with larger impact",0,7558.0,74082.0,0.071902364,0.025111111,699.0,405800.0,1711.0,0.29659817,0.15869017,0.044361666,0.029240539,0.023021964,0.61034667,0.3002117,0.0059539559,0.26173216,Metro,Goldilocks,,,,,,,,,,,,,,,,0,1,1,Eliminated — Already Attractive,,,,,,,,,,0
24033804002,Maryland,Prince George's County,Less likely to attract OZ investment,0,4834.0,82868.0,0.18886979,0.049729198,2378.0,376300.0,1684.0,0.47449392,0.16795069,0.020618556,0.05213074,0.02709971,0.38642946,0.51406705,0.0084815891,0.14302325,Metro,Less Likely,,,,,,,,,,,,,,,,0,1,1,Eliminated — Already Attractive,,,,,,,,,,0
24033804101,Maryland,Prince George's County,Less likely to attract OZ investment,0,2942.0,79504.0,0.10243234,0.091928251,207.0,547100.0,1822.0,0.49606299,0.11132813,0.0,0.065941535,0.1332427,0.57002038,0.19170633,0.031611148,0.43492958,Metro,Less Likely,,,,,,,,,,,,,,,,0,1,1,Eliminated — Already Attractive,,,,,,,,,,0
24033804600,Maryland,Prince George's County,Less likely to attract OZ investment,0,3540.0,83869.0,0.12999403,0.050074369,553.0,413300.0,1790.0,0.5752483,0.23741007,0.048,0.028248588,0.099717513,0.3158192,0.48870057,0.024011299,0.25089893,Metro,Less Likely,,,,,,,,,,,,,,,,0,1,1,Eliminated — Already Attractive,,,,,,,,,,0
24033805000,Maryland,Prince George's County,Less likely to attract OZ investment,0,5325.0,81417.0,0.067019068,0.050729442,662.0,404300.0,1624.0,0.36643991,0.073729418,0.068047337,0.078685448,0.024413146,0.56375587,0.30760562,0.034178402,0.27616355,Metro,Less Likely,,,,,,,,,,,,,,,,0,1,1,Eliminated — Already Attractive,,,,,,,,,,0
24033805101,Maryland,Prince George's County,Less likely to attract OZ investment,0,3887.0,69489.0,0.20427065,0.032285471,185.0,376300.0,1556.0,0.34565216,0.12070875,0.0079079801,0.062773347,0.036789298,0.20787239,0.69873941,0.0059171598,0.14444856,Metro,Less Likely,,,,,,,,,,,,,,,,0,1,1,Eliminated — Already Attractive,,,,,,,,,,0
24033805201,Maryland,Prince George's County,Less likely to attract OZ investment,0,4819.0,80498.0,0.10977381,0.059975009,615.0,434200.0,1600.0,0.34758234,0.16648765,0.023939809,0.026976552,0.0062253578,0.36646608,0.58808881,0.0064328699,0.22779661,Metro,Less Likely,,,,,,,,,,,,,,,,0,1,1,Eliminated — Already Attractive,,,,,,,,,,0
24033805500,Maryland,Prince George's County,Less likely to attract OZ investment,0,3913.0,86384.0,0.17716943,0.064574808,893.0,389600.0,1798.0,0.42032731,0.32986626,0.049918167,0.04906721,0.080500893,0.13059033,0.77894199,0.0,0.22271445,Metro,Less Likely,,,,,,,,,,,,,,,,0,1,1,Eliminated — Already Attractive,,,,,,,,,,0
24033805801,Maryland,Prince George's County,Less likely to attract OZ investment,0,4046.0,81985.0,0.14292841,0.051108096,484.0,382800.0,1813.0,0.74883288,0.2527881,0.049689442,0.014829461,0.032377657,0.23109244,0.69401878,0.04251112,0.14355232,Metro,Less Likely,,,,,,,,,,,,,,,,0,1,1,Eliminated — Already Attractive,,,,,,,,,,0
24033805802,Maryland,Prince George's County,"More likely to attract OZ investment, with larger impact",0,4447.0,125144.0,0.067048058,0.060875755,230.0,382600.0,2304.0,0.75102711,0.29372936,0.016168149,0.029907802,0.011693276,0.26534742,0.68450642,0.028108837,0.19556089,Metro,Goldilocks,,,,,,,,,,,,,,,,0,1,1,Eliminated — Already Attractive,,,,,,,,,,0
24033805909,Maryland,Prince George's County,Less likely to attract OZ investment,0,4699.0,84063.0,0.063157894,0.091075793,117.0,462400.0,1949.0,0.17086235,0.20801033,0.058497228,0.054479677,0.21451372,0.40689507,0.18472016,0.12853798,0.55310917,Metro,Less Likely,,,,,,,,,,,,,,,,0,1,1,Eliminated — Already Attractive,,,,,,,,,,0
24033806000,Maryland,Prince George's County,Likely to attract capital even without OZ designation,0,6216.0,91493.0,0.13803089,0.019714657,1147.0,442400.0,2048.0,0.46955404,0.16410671,0.011445528,0.058558557,0.13529602,0.13915701,0.57754183,0.082368083,0.38768369,Metro,Already Attractive,,,,,,,,,,,,,,,,0,1,1,Eliminated — Already Attractive,,,,,,,,,,0
24033806501,Maryland,Prince George's County,Less likely to attract OZ investment,0,5305.0,78194.0,0.23393868,0.02883549,1899.0,449100.0,1575.0,0.40186337,0.42367601,0.028950542,0.048821867,0.12177192,0.18416588,0.6096136,0.016399624,0.23203102,Metro,Less Likely,,,,,,,,,,,,,,,,0,1,1,Eliminated — Already Attractive,,,,,,,,,,0
24033806602,Maryland,Prince George's County,Less likely to attract OZ investment,0,4959.0,85987.0,0.24907292,0.082487866,4751.0,374900.0,1458.0,0.56358165,0.29827586,0.0,0.035491027,0.10929623,0.2766687,0.50413388,0.074208513,0.20255941,Metro,Less Likely,,,,,,,,,,,,,,,,0,1,1,Eliminated — Already Attractive,,,,,,,,,,0
24033806714,Maryland,Prince George's County,"More likely to attract OZ investment, with larger impact",0,6948.0,100171.0,0.27231622,0.036169581,609.0,545500.0,1853.0,0.16270219,0.30909091,0.0052058683,0.05426022,0.04058722,0.48963732,0.27907312,0.09988486,0.37621498,Metro,Goldilocks,,,,,,,,,,,,,,,,0,1,1,Eliminated — Already Attractive,,,,,,,,,,0
24033807301,Maryland,Prince George's County,Less likely to attract OZ investment,0,3781.0,81250.0,0.20444328,0.069806561,459.0,489300.0,1788.0,0.18629551,0.19736843,0.023693379,0.04363925,0.10896588,0.40439036,0.13911663,0.2174028,0.52877975,Metro,Less Likely,,,,,,,,,,,,,,,,0,0,0,Eliminated — Already Attractive,,,,,,,,,,0
24033807404,Maryland,Prince George's County,Likely to attract capital even without OZ designation,0,6145.0,102891.0,0.091856681,0.095461659,11296.0,394700.0,2342.0,0.64039409,0.19863014,0.04973669,0.041497152,0.094548412,0.20488201,0.48429617,0.15036616,0.28203809,Metro,Already Attractive,,,,,,,,,,,,,,,,0,0,0,Eliminated — Already Attractive,,,,,,,,,,0
24033807409,Maryland,Prince George's County,Less likely to attract OZ investment,0,4052.0,101761.0,0.18018702,0.15576324,1122.0,460100.0,1804.0,0.32212389,0.10443864,0.024179621,0.038499508,0.07996051,0.5034551,0.34081936,0.042941757,0.22156134,Metro,Less Likely,,,,,,,,,,,,,,,,0,0,0,Eliminated — Already Attractive,,,,,,,,,,0
24033807500,Maryland,Prince George's County,"More likely to attract OZ investment, with larger impact",0,6877.0,83816.0,0.15481617,0.069147535,2363.0,524700.0,1650.0,0.55539358,0.29180327,0.042901989,0.036643885,0.39101353,0.2588338,0.25985169,0.04856769,0.56191921,Metro,Goldilocks,,,,,,,,,,,,,,,,0,2,1,Eliminated — Already Attractive,,,,,,,,,,0
24037875904,Maryland,St. Mary's County,Less likely to attract OZ investment,1,5118.0,81845.0,0.16242544,0.016393442,499.0,379400.0,1265.0,0.48697573,0.37521514,0.03493822,0.040640876,0.34974599,0.37905431,0.10179758,0.097889803,0.21455841,Metro,Less Likely,,,,,,,,,,,,,,,,0,0,0,Eliminated — Already Attractive,,,,,,,,,,0
24037876200,Maryland,St. Mary's County,Less likely to attract OZ investment,1,6979.0,124429.0,0.20551936,0.055767536,1166.0,442500.0,1586.0,0.8015064,0.33035713,0.07726901,0.077231698,0.80871183,0.05029374,0.035105314,0.01003009,0.38954923,Metro,Less Likely,,,,,,,,,,,,,,,,0,0,0,Eliminated — Already Attractive,,,,,,,,,,0
24047951000,Maryland,Worcester County,Less likely to attract OZ investment,1,4783.0,69327.0,0.21747614,0.036907732,2957.0,372000.0,969.0,0.56021249,0.44832215,0.092175774,0.030524775,0.58707923,0.26280576,0.063976586,0.0054359189,0.33076149,Metro,Less Likely,,,,,,,,,,,,,,,,0,0,0,Eliminated — Already Attractive,,,,,,,,,,0
24510030200,Maryland,Baltimore city,"More likely to attract OZ investment, with larger impact",0,3446.0,107048.0,0.2141197,0.029864253,6150.0,377500.0,2102.0,0.36328378,0.20812182,0.10938399,0.048752178,0.59141034,0.16047591,0.12971561,0.091990717,0.58205914,Metro,Goldilocks,1742.0,0.0248945002056766,0.1417910447761194,331.0,350000.0,0.0,0.200918484500574,0.1211251435132032,0.0097588978185993,143685.8208955224,906.0,10.0,134.0,243.0,0.6502732240437158,1,1,1,Eliminated — Already Attractive,,,,,,,,,,0
24510140100,Maryland,Baltimore city,Less likely to attract OZ investment,0,4168.0,66503.0,0.2134434,0.02006552,1109.0,464800.0,1107.0,0.26160714,0.11789601,0.094583668,0.072216891,0.50239921,0.30182341,0.020393474,0.12044146,0.56677967,Metro,Less Likely,1057.0,0.0744403778990845,0.1106906338694418,208.0,328500.0,0.0,0.7947019867549668,0.0444654683065279,0.0,183445.94418164616,1019.0,3.0,143.0,24.0,0.4875912408759124,1,1,1,Eliminated — Already Attractive,,,,,,,,,,0
