{
"type": "FeatureCollection",
"name": "scored_tracts",
"crs": { "type": "name", "properties": { "name": "urn:ogc:def:crs:OGC:1.3:CRS84" } },
"features": [
{ "type": "Feature", "properties": { "geoid": "24510160600", "state": "Maryland", "county": "Baltimore city", "classification": "Less Likely", "oztoolclassification": "Less likely to attract OZ investment", "composite_score": 0.386484, "rank": 41, "recommended": 1, "jobs_2022": 292.0, "povrate_2024": 0.206343, "median_hhincome_2024": 40729.0, "unemprate_2024": 0.258648, "vacancyrate_2024": 0.199132, "stackability_count": 1, "pop_2024": 2700.0, "median_homevalue_2024": 92600.0, "job_density_score": 0.013409, "dev_capacity_score": 0.222797, "market_momentum_score": 0.692981, "poverty_score": 0.73694, "income_score": 0.66009, "unemployment_score": 0.748468, "stackability_score": 0.333333, "stage1_result": "Advances to Scoring" }, "geometry": { "type": "Polygon", "coordinates": [ [ [ -76.669679, 39.294449 ], [ -76.669072, 39.296149 ], [ -76.668942, 39.299313 ], [ -76.665187, 39.29921 ], [ -76.665271, 39.300283 ], [ -76.660824, 39.300451 ], [ -76.659701, 39.298799 ], [ -76.659353, 39.293352 ], [ -76.663403, 39.293196 ], [ -76.664895, 39.293936 ], [ -76.664927, 39.294452 ], [ -76.669679, 39.294449 ] ] ] } },
{ "type": "Feature", "properties": { "geoid": "24510271802", "state": "Maryland", "county": "Baltimore city", "classification": "Less Likely", "oztoolclassification": "Less likely to attract OZ investment", "composite_score": 0.378606, "rank": 47, "recommended": 1, "jobs_2022": 501.0, "povrate_2024": 0.258503, "median_hhincome_2024": 42850.0, "unemprate_2024": 0.114528, "vacancyrate_2024": 0.359121, "stackability_count": 1, "pop_2024": 2205.0, "median_homevalue_2024": 142300.0, "job_density_score": 0.023277, "dev_capacity_score": 0.179857, "market_momentum_score": 0.709191, "poverty_score": 0.923226, "income_score": 0.641232, "unemployment_score": 0.331418, "stackability_score": 0.333333, "stage1_result": "Advances to Scoring" }, "geometry": { "type": "Polygon", "coordinates": [ [ [ -76.683449, 39.343111 ], [ -76.6808, 39.345951 ], [ -76.67596, 39.349028 ], [ -76.673659, 39.347618 ], [ -76.671397, 39.345195 ], [ -76.672386, 39.344643 ], [ -76.673848, 39.341026 ], [ -76.678216, 39.342237 ], [ -76.681146, 39.341712 ], [ -76.683449, 39.343111 ] ] ] } },
{ "type": "Feature", "properties": { "geoid": "24043000900", "state": "Maryland", "county": "Washington County", "classification": "Already Attractive", "oztoolclassification": "Likely to attract capital even without OZ designation", "composite_score": 0.407089, "rank": 23, "recommended": 1, "jobs_2022": 5332.0, "povrate_2024": 0.329739, "median_hhincome_2024": 42283.0, "unemprate_2024": 0.059508, "vacancyrate_2024": 0.163659, "stackability_count": 1, "pop_2024": 3808.0, "median_homevalue_2024": 159800.0, "job_density_score": 0.251369, "dev_capacity_score": 0.068804, "market_momentum_score": 0.716644, "poverty_score": 0.822359, "income_score": 0.646273, "unemployment_score": 0.172201, "stackability_score": 0.333333, "stage1_result": "Advances to Scoring" }, "geometry": { "type": "Polygon", "coordinates": [ [ [ -77.776995, 39.623987 ], [ -77.774239, 39.629474 ], [ -77.771888, 39.632866 ], [ -77.754288, 39.649053 ], [ -77.74102, 39.64809 ], [ -77.72885, 39.64606 ], [ -77.72535, 39.64444 ], [ -77.7272, 39.64226 ], [ -77.72884, 39.63716 ], [ -77.73574, 39.62852 ], [ -77.73798, 39.62973 ], [ -77.738581, 39.63104 ], [ -77.738259, 39.632435 ], [ -77.736385, 39.635138 ], [ -77.73589, 39.63707 ], [ -77.759842, 39.629792 ], [ -77.762611, 39.627604 ], [ -77.77048, 39.61836 ], [ -77.77022, 39.61946 ], [ -77.77412, 39.62076 ], [ -77.77304, 39.62168 ], [ -77.77445, 39.62361 ], [ -77.77565, 39.62411 ], [ -77.776995, 39.623987 ] ] ] } },
{ "type": "Feature", "properties": { "geoid": "24005451500", "state": "Maryland", "county": "Baltimore County", "classification": "Less Likely", "oztoolclassification": "Less likely to attract OZ investment", "composite_score": 0.275419, "rank": 195, "recommended": 0, "jobs_2022": 387.0, "povrate_2024": 0.177468, "median_hhincome_2024": 79640.0, "unemprate_2024": 0.058942, "vacancyrate_2024": 0.089752, "stackability_count": 1, "pop_2024": 4598.0, "median_homevalue_2024": 186200.0, "job_density_score": 0.017894, "dev_capacity_score": 0.068804, "market_momentum_score": 0.716644, "poverty_score": 0.633816, "income_score": 0.314125, "unemployment_score": 0.170565, "stackability_score": 0.333333, "stage1_result": "Advances to Scoring" }, "geometry": { "type": "Polygon", "coordinates": [ [ [ -76.443008, 39.327306 ], [ -76.439444, 39.330145 ], [ -76.439113, 39.329265 ], [ -76.433108, 39.325019 ], [ -76.429283, 39.323407 ], [ -76.423283, 39.315007 ], [ -76.431682, 39.314806 ], [ -76.438852, 39.320089 ], [ -76.440184, 39.323907 ], [ -76.442907, 39.326677 ], [ -76.443008, 39.327306 ] ] ] } },
{ "type": "Feature", "properties": { "geoid": "24005451600", "state": "Maryland", "county": "Baltimore County", "classification": "Less Likely", "oztoolclassification": "Less likely to attract OZ investment", "composite_score": 0.24605, "rank": 247, "recommended": 0, "jobs_2022": 1976.0, "povrate_2024": 0.083612, "median_hhincome_2024": 73542.0, "unemprate_2024": 0.028626, "vacancyrate_2024": 0.093686, "stackability_count": 1, "pop_2024": 1804.0, "median_homevalue_2024": 219200.0, "job_density_score": 0.092918, "dev_capacity_score": 0.068804, "market_momentum_score": 0.716644, "poverty_score": 0.298614, "income_score": 0.368344, "unemployment_score": 0.082837, "stackability_score": 0.333333, "stage1_result": "Advances to Scoring" }, "geometry": { "type": "Polygon", "coordinates": [ [ [ -76.439444, 39.330145 ], [ -76.437804, 39.331574 ], [ -76.43923, 39.332626 ], [ -76.409301, 39.341547 ], [ -76.408585, 39.340608 ], [ -76.406407, 39.339544 ], [ -76.404698, 39.337521 ], [ -76.407896, 39.336828 ], [ -76.410833, 39.335562 ], [ -76.409242, 39.334956 ], [ -76.409753, 39.334179 ], [ -76.409405, 39.334185 ], [ -76.408439, 39.331341 ], [ -76.40905, 39.331244 ], [ -76.406899, 39.327382 ], [ -76.402883, 39.323707 ], [ -76.401282, 39.319506 ], [ -76.407482, 39.305506 ], [ -76.414473, 39.309615 ], [ -76.419207, 39.313013 ], [ -76.423283, 39.315007 ], [ -76.429283, 39.323407 ], [ -76.433108, 39.325019 ], [ -76.439113, 39.329265 ], [ -76.439444, 39.330145 ] ] ] } },
{ "type": "Feature", "properties": { "geoid": "24005452300", "state": "Maryland", "county": "Baltimore County", "classification": "Less Likely", "oztoolclassification": "Less likely to attract OZ investment", "composite_score": 0.379465, "rank": 45, "recommended": 1, "jobs_2022": 1250.0, "povrate_2024": 0.337517, "median_hhincome_2024": 46687.0, "unemprate_2024": 0.008869, "vacancyrate_2024": 0.0, "stackability_count": 2, "pop_2024": 3028.0, "median_homevalue_2024": 168200.0, "job_density_score": 0.05864, "dev_capacity_score": 0.068804, "market_momentum_score": 0.716644, "poverty_score": 0.794584, "income_score": 0.607117, "unemployment_score": 0.025665, "stackability_score": 0.666667, "stage1_result": "Advances to Scoring" }, "geometry": { "type": "Polygon", "coordinates": [ [ [ -76.529786, 39.29911 ], [ -76.520258, 39.301425 ], [ -76.501427, 39.307931 ], [ -76.500804, 39.304675 ], [ -76.489278, 39.301947 ], [ -76.493943, 39.299953 ], [ -76.517968, 39.293276 ], [ -76.520369, 39.292026 ], [ -76.519818, 39.29268 ], [ -76.520058, 39.293176 ], [ -76.528489, 39.296163 ], [ -76.529517, 39.297056 ], [ -76.529786, 39.29911 ] ] ] } },
{ "type": "Feature", "properties": { "geoid": "24510270401", "state": "Maryland", "county": "Baltimore city", "classification": "Less Likely", "oztoolclassification": "Less likely to attract OZ investment", "composite_score": 0.300528, "rank": 159, "recommended": 0, "jobs_2022": 409.0, "povrate_2024": 0.22183, "median_hhincome_2024": 65485.0, "unemprate_2024": 0.111511, "vacancyrate_2024": 0.114778, "stackability_count": 1, "pop_2024": 4666.0, "median_homevalue_2024": 207000.0, "job_density_score": 0.018933, "dev_capacity_score": 0.03994, "market_momentum_score": 0.514053, "poverty_score": 0.792251, "income_score": 0.43998, "unemployment_score": 0.322687, "stackability_score": 0.333333, "stage1_result": "Advances to Scoring" }, "geometry": { "type": "Polygon", "coordinates": [ [ [ -76.558147, 39.345185 ], [ -76.554213, 39.347116 ], [ -76.551402, 39.347618 ], [ -76.543276, 39.351501 ], [ -76.542666, 39.353531 ], [ -76.5403, 39.353628 ], [ -76.537116, 39.352742 ], [ -76.534763, 39.351196 ], [ -76.541259, 39.345392 ], [ -76.552441, 39.337614 ], [ -76.55367, 39.339781 ], [ -76.558147, 39.345185 ] ] ] } },
{ "type": "Feature", "properties": { "geoid": "24510151200", "state": "Maryland", "county": "Baltimore city", "classification": "Less Likely", "oztoolclassification": "Less likely to attract OZ investment", "composite_score": 0.324733, "rank": 117, "recommended": 0, "jobs_2022": 179.0, "povrate_2024": 0.207646, "median_hhincome_2024": 40179.0, "unemprate_2024": 0.070036, "vacancyrate_2024": 0.173018, "stackability_count": 1, "pop_2024": 3453.0, "median_homevalue_2024": 147000.0, "job_density_score": 0.008074, "dev_capacity_score": 0.190464, "market_momentum_score": 0.555055, "poverty_score": 0.741591, "income_score": 0.66498, "unemployment_score": 0.202669, "stackability_score": 0.333333, "stage1_result": "Advances to Scoring" }, "geometry": { "type": "Polygon", "coordinates": [ [ [ -76.66589, 39.332968 ], [ -76.659844, 39.335652 ], [ -76.656359, 39.336504 ], [ -76.655922, 39.333359 ], [ -76.654044, 39.330214 ], [ -76.655296, 39.329326 ], [ -76.656614, 39.326375 ], [ -76.657594, 39.3254 ], [ -76.658867, 39.327068 ], [ -76.660748, 39.326682 ], [ -76.664302, 39.327512 ], [ -76.66589, 39.332968 ] ] ] } },
{ "type": "Feature", "properties": { "geoid": "24001001100", "state": "Maryland", "county": "Allegany County", "classification": "Less Likely", "oztoolclassification": "Less likely to attract OZ investment", "composite_score": 0.329798, "rank": 109, "recommended": 1, "jobs_2022": 1168.0, "povrate_2024": 0.217639, "median_hhincome_2024": 47054.0, "unemprate_2024": 0.027944, "vacancyrate_2024": 0.267708, "stackability_count": 1, "pop_2024": 1423.0, "median_homevalue_2024": 128400.0, "job_density_score": 0.054769, "dev_capacity_score": 0.068804, "market_momentum_score": 0.716644, "poverty_score": 0.777281, "income_score": 0.603853, "unemployment_score": 0.080864, "stackability_score": 0.333333, "stage1_result": "Advances to Scoring" }, "geometry": { "type": "Polygon", "coordinates": [ [ [ -78.784627, 39.650658 ], [ -78.780756, 39.653757 ], [ -78.774757, 39.652982 ], [ -78.774594, 39.654049 ], [ -78.76979, 39.653579 ], [ -78.769622, 39.65465 ], [ -78.770329, 39.655508 ], [ -78.770147, 39.656037 ], [ -78.766811, 39.654792 ], [ -78.764883, 39.653471 ], [ -78.764136, 39.652206 ], [ -78.764237, 39.649095 ], [ -78.765226, 39.647323 ], [ -78.765981, 39.648443 ], [ -78.767454, 39.647624 ], [ -78.768925, 39.648214 ], [ -78.769456, 39.64796 ], [ -78.768786, 39.648677 ], [ -78.769823, 39.648011 ], [ -78.775317, 39.648555 ], [ -78.773804, 39.649062 ], [ -78.77355, 39.650597 ], [ -78.776357, 39.651164 ], [ -78.780344, 39.651224 ], [ -78.784026, 39.649193 ], [ -78.784627, 39.650658 ] ] ] } },
{ "type": "Feature", "properties": { "geoid": "24031701418", "state": "Maryland", "county": "Montgomery County", "classification": "Already Attractive", "oztoolclassification": "Likely to attract capital even without OZ designation", "composite_score": null, "rank": null, "recommended": 0, "jobs_2022": 66.0, "povrate_2024": 0.054996, "median_hhincome_2024": 108271.0, "unemprate_2024": 0.132294, "vacancyrate_2024": 0.029437, "stackability_count": 1, "pop_2024": 3473.0, "median_homevalue_2024": 432000.0, "job_density_score": null, "dev_capacity_score": null, "market_momentum_score": null, "poverty_score": null, "income_score": null, "unemployment_score": null, "stackability_score": null, "stage1_result": "Eliminated — Already Attractive" }, "geometry": { "type": "Polygon", "coordinates": [ [ [ -76.95561, 39.073213 ], [ -76.952318, 39.07808 ], [ -76.947473, 39.075665 ], [ -76.94313, 39.074413 ], [ -76.942359, 39.07376 ], [ -76.941795, 39.071586 ], [ -76.939514, 39.06974 ], [ -76.93885, 39.067588 ], [ -76.937942, 39.066921 ], [ -76.935883, 39.066613 ], [ -76.937202, 39.064945 ], [ -76.941703, 39.06541 ], [ -76.949623, 39.067363 ], [ -76.954029, 39.071256 ], [ -76.95561, 39.073213 ] ] ] } },
{ "type": "Feature", "properties": { "geoid": "24005421200", "state": "Maryland", "county": "Baltimore County", "classification": "Goldilocks", "oztoolclassification": "More likely to attract OZ investment, with larger impact", "composite_score": 0.252286, "rank": 236, "recommended": 0, "jobs_2022": 206.0, "povrate_2024": 0.206011, "median_hhincome_2024": 64886.0, "unemprate_2024": 0.063358, "vacancyrate_2024": 0.02375, "stackability_count": 0, "pop_2024": 1841.0, "median_homevalue_2024": 237600.0, "job_density_score": 0.009348, "dev_capacity_score": 0.068804, "market_momentum_score": 0.716644, "poverty_score": 0.735753, "income_score": 0.445306, "unemployment_score": 0.183344, "stackability_score": 0.0, "stage1_result": "Advances to Scoring" }, "geometry": { "type": "Polygon", "coordinates": [ [ [ -76.512439, 39.256479 ], [ -76.510585, 39.259099 ], [ -76.508476, 39.258332 ], [ -76.506703, 39.256381 ], [ -76.504589, 39.255871 ], [ -76.502974, 39.254908 ], [ -76.502177, 39.2526 ], [ -76.501043, 39.252216 ], [ -76.502268, 39.251186 ], [ -76.500796, 39.249027 ], [ -76.499065, 39.249231 ], [ -76.498871, 39.250074 ], [ -76.499292, 39.250965 ], [ -76.498589, 39.251254 ], [ -76.497436, 39.24947 ], [ -76.494917, 39.248926 ], [ -76.493519, 39.247971 ], [ -76.492456, 39.248505 ], [ -76.491738, 39.250005 ], [ -76.491015, 39.250398 ], [ -76.489887, 39.250506 ], [ -76.488578, 39.249131 ], [ -76.490384, 39.248607 ], [ -76.490964, 39.247977 ], [ -76.494484, 39.240006 ], [ -76.498794, 39.244224 ], [ -76.504397, 39.244223 ], [ -76.507871, 39.245295 ], [ -76.508204, 39.247356 ], [ -76.509375, 39.249502 ], [ -76.50964, 39.251882 ], [ -76.511418, 39.253879 ], [ -76.512439, 39.256479 ] ] ] } },
{ "type": "Feature", "properties": { "geoid": "24005451200", "state": "Maryland", "county": "Baltimore County", "classification": "Less Likely", "oztoolclassification": "Less likely to attract OZ investment", "composite_score": 0.301426, "rank": 156, "recommended": 0, "jobs_2022": 7741.0, "povrate_2024": 0.117921, "median_hhincome_2024": 77938.0, "unemprate_2024": 0.068574, "vacancyrate_2024": 0.031928, "stackability_count": 0, "pop_2024": 3655.0, "median_homevalue_2024": 262100.0, "job_density_score": 0.365109, "dev_capacity_score": 0.068804, "market_momentum_score": 0.716644, "poverty_score": 0.421145, "income_score": 0.329258, "unemployment_score": 0.198438, "stackability_score": 0.0, "stage1_result": "Advances to Scoring" }, "geometry": { "type": "Polygon", "coordinates": [ [ [ -76.491891, 39.336038 ], [ -76.482259, 39.342247 ], [ -76.478044, 39.343225 ], [ -76.460524, 39.355685 ], [ -76.458848, 39.354491 ], [ -76.454259, 39.353151 ], [ -76.467962, 39.342972 ], [ -76.457451, 39.336364 ], [ -76.4536, 39.334614 ], [ -76.4488, 39.333479 ], [ -76.440709, 39.333466 ], [ -76.438852, 39.332726 ], [ -76.450517, 39.329224 ], [ -76.455202, 39.328336 ], [ -76.468559, 39.328925 ], [ -76.474019, 39.328584 ], [ -76.474038, 39.330196 ], [ -76.477535, 39.331392 ], [ -76.478512, 39.33246 ], [ -76.479341, 39.332469 ], [ -76.479463, 39.333033 ], [ -76.480179, 39.333108 ], [ -76.481914, 39.334697 ], [ -76.481812, 39.335208 ], [ -76.482809, 39.33641 ], [ -76.488027, 39.33237 ], [ -76.491891, 39.336038 ] ] ] } },
{ "type": "Feature", "properties": { "geoid": "24510151000", "state": "Maryland", "county": "Baltimore city", "classification": "Less Likely", "oztoolclassification": "Less likely to attract OZ investment", "composite_score": 0.339833, "rank": 91, "recommended": 1, "jobs_2022": 748.0, "povrate_2024": 0.236176, "median_hhincome_2024": 56369.0, "unemprate_2024": 0.150482, "vacancyrate_2024": 0.161044, "stackability_count": 1, "pop_2024": 5497.0, "median_homevalue_2024": 246700.0, "job_density_score": 0.034939, "dev_capacity_score": 0.101401, "market_momentum_score": 0.537202, "poverty_score": 0.843486, "income_score": 0.521032, "unemployment_score": 0.435459, "stackability_score": 0.333333, "stage1_result": "Advances to Scoring" }, "geometry": { "type": "Polygon", "coordinates": [ [ [ -76.690866, 39.331013 ], [ -76.689361, 39.333977 ], [ -76.689379, 39.340754 ], [ -76.683477, 39.340794 ], [ -76.682916, 39.341435 ], [ -76.677964, 39.339925 ], [ -76.679193, 39.338233 ], [ -76.678571, 39.332024 ], [ -76.682092, 39.325027 ], [ -76.682564, 39.325842 ], [ -76.690069, 39.323586 ], [ -76.687421, 39.328837 ], [ -76.68858, 39.329184 ], [ -76.688646, 39.330431 ], [ -76.690866, 39.331013 ] ] ] } },
{ "type": "Feature", "properties": { "geoid": "24510151100", "state": "Maryland", "county": "Baltimore city", "classification": "Less Likely", "oztoolclassification": "Less likely to attract OZ investment", "composite_score": 0.27167, "rank": 202, "recommended": 0, "jobs_2022": 453.0, "povrate_2024": 0.17403, "median_hhincome_2024": 65855.0, "unemprate_2024": 0.075871, "vacancyrate_2024": 0.037884, "stackability_count": 1, "pop_2024": 5933.0, "median_homevalue_2024": 197600.0, "job_density_score": 0.02101, "dev_capacity_score": 0.038622, "market_momentum_score": 0.562683, "poverty_score": 0.621537, "income_score": 0.43669, "unemployment_score": 0.219552, "stackability_score": 0.333333, "stage1_result": "Advances to Scoring" }, "geometry": { "type": "Polygon", "coordinates": [ [ [ -76.681068, 39.326945 ], [ -76.678561, 39.332068 ], [ -76.679193, 39.338233 ], [ -76.677964, 39.339925 ], [ -76.67167, 39.336104 ], [ -76.667455, 39.334458 ], [ -76.666224, 39.333479 ], [ -76.664191, 39.326986 ], [ -76.664776, 39.322194 ], [ -76.681068, 39.326945 ] ] ] } },
{ "type": "Feature", "properties": { "geoid": "24510150800", "state": "Maryland", "county": "Baltimore city", "classification": "Less Likely", "oztoolclassification": "Less likely to attract OZ investment", "composite_score": 0.300942, "rank": 157, "recommended": 0, "jobs_2022": 226.0, "povrate_2024": 0.211314, "median_hhincome_2024": 64914.0, "unemprate_2024": 0.086151, "vacancyrate_2024": 0.112737, "stackability_count": 1, "pop_2024": 4917.0, "median_homevalue_2024": 227400.0, "job_density_score": 0.010293, "dev_capacity_score": 0.107863, "market_momentum_score": 0.572566, "poverty_score": 0.754692, "income_score": 0.445057, "unemployment_score": 0.249301, "stackability_score": 0.333333, "stage1_result": "Advances to Scoring" }, "geometry": { "type": "Polygon", "coordinates": [ [ [ -76.682747, 39.322852 ], [ -76.681084, 39.323358 ], [ -76.682092, 39.325027 ], [ -76.681068, 39.326945 ], [ -76.67145, 39.324189 ], [ -76.672888, 39.321345 ], [ -76.674532, 39.321829 ], [ -76.674862, 39.321181 ], [ -76.674239, 39.311032 ], [ -76.680565, 39.310762 ], [ -76.681914, 39.321316 ], [ -76.682747, 39.322852 ] ] ] } },
{ "type": "Feature", "properties": { "geoid": "24033802804", "state": "Maryland", "county": "Prince George's County", "classification": "Less Likely", "oztoolclassification": "Less likely to attract OZ investment", "composite_score": 0.214346, "rank": 305, "recommended": 0, "jobs_2022": 1147.0, "povrate_2024": 0.089676, "median_hhincome_2024": 73940.0, "unemprate_2024": 0.145876, "vacancyrate_2024": 0.085349, "stackability_count": 0, "pop_2024": 4940.0, "median_homevalue_2024": 343300.0, "job_density_score": 0.053777, "dev_capacity_score": 0.068804, "market_momentum_score": 0.716644, "poverty_score": 0.320272, "income_score": 0.364805, "unemployment_score": 0.422133, "stackability_score": 0.0, "stage1_result": "Advances to Scoring" }, "geometry": { "type": "Polygon", "coordinates": [ [ [ -76.89815, 38.886914 ], [ -76.883813, 38.887743 ], [ -76.878649, 38.888574 ], [ -76.862716, 38.889812 ], [ -76.858941, 38.880388 ], [ -76.856839, 38.87308 ], [ -76.860013, 38.874708 ], [ -76.864099, 38.875797 ], [ -76.878227, 38.875428 ], [ -76.880439, 38.874549 ], [ -76.88451, 38.871549 ], [ -76.889889, 38.869789 ], [ -76.891484, 38.868411 ], [ -76.892503, 38.866113 ], [ -76.892454, 38.867247 ], [ -76.894207, 38.870692 ], [ -76.89815, 38.886914 ] ] ] } },
{ "type": "Feature", "properties": { "geoid": "24510250205", "state": "Maryland", "county": "Baltimore city", "classification": "Less Likely", "oztoolclassification": "Less likely to attract OZ investment", "composite_score": 0.40678, "rank": 24, "recommended": 1, "jobs_2022": 2162.0, "povrate_2024": 0.328219, "median_hhincome_2024": 42500.0, "unemprate_2024": 0.093317, "vacancyrate_2024": 0.117687, "stackability_count": 2, "pop_2024": 3976.0, "median_homevalue_2024": 96600.0, "job_density_score": 0.1017, "dev_capacity_score": 0.068376, "market_momentum_score": 0.57859, "poverty_score": 0.827788, "income_score": 0.644344, "unemployment_score": 0.270039, "stackability_score": 0.666667, "stage1_result": "Advances to Scoring" }, "geometry": { "type": "Polygon", "coordinates": [ [ [ -76.659667, 39.255625 ], [ -76.657812, 39.256687 ], [ -76.65251, 39.258401 ], [ -76.649834, 39.260314 ], [ -76.644562, 39.259815 ], [ -76.640556, 39.257464 ], [ -76.629762, 39.244547 ], [ -76.627985, 39.242996 ], [ -76.624942, 39.241965 ], [ -76.614642, 39.241092 ], [ -76.618612, 39.237398 ], [ -76.659667, 39.255625 ] ] ] } },
{ "type": "Feature", "properties": { "geoid": "24033801216", "state": "Maryland", "county": "Prince George's County", "classification": "Less Likely", "oztoolclassification": "Less likely to attract OZ investment", "composite_score": null, "rank": null, "recommended": 0, "jobs_2022": 375.0, "povrate_2024": 0.179778, "median_hhincome_2024": 80421.0, "unemprate_2024": 0.089989, "vacancyrate_2024": 0.037721, "stackability_count": 0, "pop_2024": 3788.0, "median_homevalue_2024": 372900.0, "job_density_score": null, "dev_capacity_score": null, "market_momentum_score": null, "poverty_score": null, "income_score": null, "unemployment_score": null, "stackability_score": null, "stage1_result": "Eliminated — Already Attractive" }, "geometry": { "type": "Polygon", "coordinates": [ [ [ -76.932006, 38.747663 ], [ -76.92468, 38.75406 ], [ -76.919124, 38.7555 ], [ -76.923607, 38.761175 ], [ -76.926148, 38.763432 ], [ -76.922083, 38.764653 ], [ -76.918695, 38.767043 ], [ -76.917883, 38.766405 ], [ -76.914577, 38.767187 ], [ -76.913894, 38.765012 ], [ -76.914028, 38.762682 ], [ -76.914726, 38.762493 ], [ -76.914382, 38.761602 ], [ -76.906996, 38.763712 ], [ -76.898093, 38.765252 ], [ -76.895347, 38.759021 ], [ -76.895052, 38.754871 ], [ -76.895703, 38.751823 ], [ -76.897892, 38.750152 ], [ -76.902135, 38.744654 ], [ -76.905074, 38.742257 ], [ -76.912822, 38.733537 ], [ -76.917025, 38.731427 ], [ -76.919394, 38.728648 ], [ -76.921996, 38.729986 ], [ -76.924634, 38.732542 ], [ -76.926028, 38.735226 ], [ -76.929219, 38.73801 ], [ -76.929927, 38.742476 ], [ -76.931221, 38.744283 ], [ -76.932006, 38.747663 ] ] ] } },
{ "type": "Feature", "properties": { "geoid": "24033802408", "state": "Maryland", "county": "Prince George's County", "classification": "Less Likely", "oztoolclassification": "Less likely to attract OZ investment", "composite_score": 0.19257, "rank": 325, "recommended": 0, "jobs_2022": 35.0, "povrate_2024": 0.097215, "median_hhincome_2024": 58098.0, "unemprate_2024": 0.041558, "vacancyrate_2024": 0.056837, "stackability_count": 0, "pop_2024": 2047.0, "median_homevalue_2024": 272200.0, "job_density_score": 0.001275, "dev_capacity_score": 0.068804, "market_momentum_score": 0.716644, "poverty_score": 0.347198, "income_score": 0.505659, "unemployment_score": 0.120261, "stackability_score": 0.0, "stage1_result": "Advances to Scoring" }, "geometry": { "type": "Polygon", "coordinates": [ [ [ -76.92466, 38.864904 ], [ -76.923584, 38.86572 ], [ -76.924126, 38.867303 ], [ -76.920829, 38.870137 ], [ -76.919147, 38.869634 ], [ -76.91756, 38.868398 ], [ -76.915781, 38.864984 ], [ -76.916502, 38.863747 ], [ -76.915978, 38.863721 ], [ -76.916025, 38.862591 ], [ -76.914699, 38.862156 ], [ -76.914588, 38.860563 ], [ -76.917013, 38.861591 ], [ -76.918858, 38.860243 ], [ -76.92466, 38.864904 ] ] ] } },
{ "type": "Feature", "properties": { "geoid": "24005450200", "state": "Maryland", "county": "Baltimore County", "classification": "Less Likely", "oztoolclassification": "Less likely to attract OZ investment", "composite_score": 0.278195, "rank": 194, "recommended": 0, "jobs_2022": 473.0, "povrate_2024": 0.149096, "median_hhincome_2024": 60741.0, "unemprate_2024": 0.058742, "vacancyrate_2024": 0.06786, "stackability_count": 1, "pop_2024": 3320.0, "median_homevalue_2024": 278200.0, "job_density_score": 0.021955, "dev_capacity_score": 0.068804, "market_momentum_score": 0.716644, "poverty_score": 0.532487, "income_score": 0.48216, "unemployment_score": 0.169987, "stackability_score": 0.333333, "stage1_result": "Advances to Scoring" }, "geometry": { "type": "Polygon", "coordinates": [ [ [ -76.492585, 39.303007 ], [ -76.4911, 39.306854 ], [ -76.487225, 39.311084 ], [ -76.488433, 39.310863 ], [ -76.488585, 39.311838 ], [ -76.48812, 39.311935 ], [ -76.488682, 39.312167 ], [ -76.488707, 39.312839 ], [ -76.488243, 39.314004 ], [ -76.48719, 39.314597 ], [ -76.487561, 39.314972 ], [ -76.486098, 39.317161 ], [ -76.485668, 39.319304 ], [ -76.484783, 39.320704 ], [ -76.475404, 39.325729 ], [ -76.474019, 39.328584 ], [ -76.470471, 39.328895 ], [ -76.469305, 39.327922 ], [ -76.470658, 39.326726 ], [ -76.479502, 39.306919 ], [ -76.489278, 39.301947 ], [ -76.492585, 39.303007 ] ] ] } },
{ "type": "Feature", "properties": { "geoid": "24005450300", "state": "Maryland", "county": "Baltimore County", "classification": "Already Attractive", "oztoolclassification": "Likely to attract capital even without OZ designation", "composite_score": 0.267288, "rank": 208, "recommended": 0, "jobs_2022": 941.0, "povrate_2024": 0.115068, "median_hhincome_2024": 64583.0, "unemprate_2024": 0.076493, "vacancyrate_2024": 0.1, "stackability_count": 1, "pop_2024": 3285.0, "median_homevalue_2024": 266100.0, "job_density_score": 0.044051, "dev_capacity_score": 0.068804, "market_momentum_score": 0.716644, "poverty_score": 0.410959, "income_score": 0.448, "unemployment_score": 0.221352, "stackability_score": 0.333333, "stage1_result": "Advances to Scoring" }, "geometry": { "type": "Polygon", "coordinates": [ [ [ -76.479502, 39.306919 ], [ -76.470658, 39.326726 ], [ -76.469717, 39.327738 ], [ -76.467836, 39.328049 ], [ -76.461895, 39.326442 ], [ -76.457876, 39.323706 ], [ -76.454846, 39.320077 ], [ -76.464969, 39.312705 ], [ -76.479502, 39.306919 ] ] ] } },
{ "type": "Feature", "properties": { "geoid": "24005450501", "state": "Maryland", "county": "Baltimore County", "classification": "Less Likely", "oztoolclassification": "Less likely to attract OZ investment", "composite_score": 0.222749, "rank": 288, "recommended": 0, "jobs_2022": 664.0, "povrate_2024": 0.058497, "median_hhincome_2024": 64054.0, "unemprate_2024": 0.029927, "vacancyrate_2024": 0.098843, "stackability_count": 1, "pop_2024": 3979.0, "median_homevalue_2024": 230600.0, "job_density_score": 0.030973, "dev_capacity_score": 0.068804, "market_momentum_score": 0.716644, "poverty_score": 0.208919, "income_score": 0.452703, "unemployment_score": 0.086601, "stackability_score": 0.333333, "stage1_result": "Advances to Scoring" }, "geometry": { "type": "Polygon", "coordinates": [ [ [ -76.468813, 39.305287 ], [ -76.468282, 39.31139 ], [ -76.463162, 39.313703 ], [ -76.459351, 39.31713 ], [ -76.454846, 39.320077 ], [ -76.44874, 39.31303 ], [ -76.452054, 39.311393 ], [ -76.454215, 39.309644 ], [ -76.452265, 39.308533 ], [ -76.451819, 39.305404 ], [ -76.452225, 39.304387 ], [ -76.454588, 39.304666 ], [ -76.453611, 39.303228 ], [ -76.457985, 39.299461 ], [ -76.45903, 39.297664 ], [ -76.459921, 39.297637 ], [ -76.459813, 39.296877 ], [ -76.462564, 39.29553 ], [ -76.462548, 39.293797 ], [ -76.463391, 39.29572 ], [ -76.464283, 39.296106 ], [ -76.463874, 39.297961 ], [ -76.465991, 39.2983 ], [ -76.465665, 39.299078 ], [ -76.466598, 39.299907 ], [ -76.467756, 39.299709 ], [ -76.467609, 39.301645 ], [ -76.468706, 39.303364 ], [ -76.468722, 39.304074 ], [ -76.468055, 39.304337 ], [ -76.468813, 39.305287 ] ] ] } },
{ "type": "Feature", "properties": { "geoid": "24005450503", "state": "Maryland", "county": "Baltimore County", "classification": "Less Likely", "oztoolclassification": "Less likely to attract OZ investment", "composite_score": 0.318291, "rank": 126, "recommended": 0, "jobs_2022": 27.0, "povrate_2024": 0.222203, "median_hhincome_2024": 63816.0, "unemprate_2024": 0.101864, "vacancyrate_2024": 0.053349, "stackability_count": 1, "pop_2024": 5792.0, "median_homevalue_2024": 182700.0, "job_density_score": 0.000897, "dev_capacity_score": 0.068804, "market_momentum_score": 0.716644, "poverty_score": 0.793582, "income_score": 0.454819, "unemployment_score": 0.294772, "stackability_score": 0.333333, "stage1_result": "Advances to Scoring" }, "geometry": { "type": "Polygon", "coordinates": [ [ [ -76.460743, 39.296205 ], [ -76.459813, 39.296877 ], [ -76.459921, 39.297637 ], [ -76.45903, 39.297664 ], [ -76.457985, 39.299461 ], [ -76.453611, 39.303228 ], [ -76.454588, 39.304666 ], [ -76.452225, 39.304387 ], [ -76.451819, 39.305404 ], [ -76.452265, 39.308533 ], [ -76.454215, 39.309644 ], [ -76.451156, 39.311789 ], [ -76.449905, 39.310538 ], [ -76.451257, 39.309782 ], [ -76.451262, 39.309371 ], [ -76.449901, 39.307745 ], [ -76.447125, 39.305682 ], [ -76.450697, 39.303025 ], [ -76.448604, 39.301531 ], [ -76.445903, 39.300869 ], [ -76.449567, 39.296747 ], [ -76.450879, 39.294817 ], [ -76.451043, 39.293581 ], [ -76.45345, 39.293828 ], [ -76.460743, 39.296205 ] ] ] } },
{ "type": "Feature", "properties": { "geoid": "24005450504", "state": "Maryland", "county": "Baltimore County", "classification": "Less Likely", "oztoolclassification": "Less likely to attract OZ investment", "composite_score": 0.320878, "rank": 123, "recommended": 0, "jobs_2022": 133.0, "povrate_2024": 0.204575, "median_hhincome_2024": 41634.0, "unemprate_2024": 0.062153, "vacancyrate_2024": 0.044017, "stackability_count": 1, "pop_2024": 6929.0, "median_homevalue_2024": 193100.0, "job_density_score": 0.005902, "dev_capacity_score": 0.068804, "market_momentum_score": 0.716644, "poverty_score": 0.730626, "income_score": 0.652044, "unemployment_score": 0.179856, "stackability_score": 0.333333, "stage1_result": "Advances to Scoring" }, "geometry": { "type": "Polygon", "coordinates": [ [ [ -76.451331, 39.309637 ], [ -76.449905, 39.310538 ], [ -76.451156, 39.311789 ], [ -76.44874, 39.31303 ], [ -76.43777, 39.301037 ], [ -76.438326, 39.29991 ], [ -76.441464, 39.297112 ], [ -76.443868, 39.297118 ], [ -76.44553, 39.296556 ], [ -76.447039, 39.294953 ], [ -76.447512, 39.293449 ], [ -76.451043, 39.293581 ], [ -76.450879, 39.294817 ], [ -76.449567, 39.296747 ], [ -76.445903, 39.300869 ], [ -76.448604, 39.301531 ], [ -76.450697, 39.303025 ], [ -76.447125, 39.305682 ], [ -76.449901, 39.307745 ], [ -76.451331, 39.309637 ] ] ] } },
{ "type": "Feature", "properties": { "geoid": "24031700724", "state": "Maryland", "county": "Montgomery County", "classification": "Less Likely", "oztoolclassification": "Less likely to attract OZ investment", "composite_score": null, "rank": null, "recommended": 0, "jobs_2022": 455.0, "povrate_2024": 0.147495, "median_hhincome_2024": 70103.0, "unemprate_2024": 0.068747, "vacancyrate_2024": 0.039249, "stackability_count": 1, "pop_2024": 3640.0, "median_homevalue_2024": 370700.0, "job_density_score": null, "dev_capacity_score": null, "market_momentum_score": null, "poverty_score": null, "income_score": null, "unemployment_score": null, "stackability_score": null, "stage1_result": "Eliminated — Already Attractive" }, "geometry": { "type": "Polygon", "coordinates": [ [ [ -77.214645, 39.145655 ], [ -77.202255, 39.14191 ], [ -77.198892, 39.141299 ], [ -77.202033, 39.140632 ], [ -77.20301, 39.137981 ], [ -77.205747, 39.134841 ], [ -77.20648, 39.13159 ], [ -77.21083, 39.13714 ], [ -77.214645, 39.145655 ] ] ] } },
{ "type": "Feature", "properties": { "geoid": "24033802107", "state": "Maryland", "county": "Prince George's County", "classification": "Less Likely", "oztoolclassification": "Less likely to attract OZ investment", "composite_score": 0.178863, "rank": 335, "recommended": 0, "jobs_2022": 77.0, "povrate_2024": 0.101519, "median_hhincome_2024": 81971.0, "unemprate_2024": 0.061511, "vacancyrate_2024": 0.031395, "stackability_count": 0, "pop_2024": 3950.0, "median_homevalue_2024": 321000.0, "job_density_score": 0.003258, "dev_capacity_score": 0.068804, "market_momentum_score": 0.716644, "poverty_score": 0.362568, "income_score": 0.2934, "unemployment_score": 0.178, "stackability_score": 0.0, "stage1_result": "Advances to Scoring" }, "geometry": { "type": "Polygon", "coordinates": [ [ [ -76.911502, 38.839059 ], [ -76.909559, 38.8414 ], [ -76.905175, 38.84508 ], [ -76.902984, 38.849326 ], [ -76.895533, 38.846628 ], [ -76.89528, 38.843193 ], [ -76.898432, 38.842852 ], [ -76.899147, 38.843143 ], [ -76.903568, 38.841159 ], [ -76.901903, 38.836664 ], [ -76.900695, 38.836546 ], [ -76.900411, 38.836049 ], [ -76.902596, 38.835738 ], [ -76.904183, 38.837096 ], [ -76.908573, 38.838819 ], [ -76.911502, 38.839059 ] ] ] } },
{ "type": "Feature", "properties": { "geoid": "24033803525", "state": "Maryland", "county": "Prince George's County", "classification": "Less Likely", "oztoolclassification": "Less likely to attract OZ investment", "composite_score": 0.345943, "rank": 82, "recommended": 1, "jobs_2022": 1557.0, "povrate_2024": 0.328329, "median_hhincome_2024": 52734.0, "unemprate_2024": 0.063228, "vacancyrate_2024": 0.089674, "stackability_count": 1, "pop_2024": 2065.0, "median_homevalue_2024": 250000.0, "job_density_score": 0.073135, "dev_capacity_score": 0.068804, "market_momentum_score": 0.716644, "poverty_score": 0.827395, "income_score": 0.553352, "unemployment_score": 0.182967, "stackability_score": 0.333333, "stage1_result": "Advances to Scoring" }, "geometry": { "type": "Polygon", "coordinates": [ [ [ -76.880253, 38.911149 ], [ -76.879173, 38.911766 ], [ -76.878816, 38.912808 ], [ -76.872368, 38.912722 ], [ -76.861248, 38.914649 ], [ -76.860485, 38.916078 ], [ -76.860193, 38.918113 ], [ -76.856323, 38.917079 ], [ -76.851808, 38.9172 ], [ -76.849836, 38.910487 ], [ -76.849739, 38.908413 ], [ -76.849979, 38.907025 ], [ -76.853678, 38.907192 ], [ -76.86074, 38.905203 ], [ -76.865479, 38.905088 ], [ -76.868714, 38.906412 ], [ -76.874, 38.903896 ], [ -76.875969, 38.907095 ], [ -76.878998, 38.907374 ], [ -76.880253, 38.911149 ] ] ] } },
{ "type": "Feature", "properties": { "geoid": "24033806713", "state": "Maryland", "county": "Prince George's County", "classification": "Already Attractive", "oztoolclassification": "Likely to attract capital even without OZ designation", "composite_score": 0.322663, "rank": 120, "recommended": 0, "jobs_2022": 1903.0, "povrate_2024": 0.100352, "median_hhincome_2024": 63293.0, "unemprate_2024": 0.069952, "vacancyrate_2024": 0.021821, "stackability_count": 2, "pop_2024": 3408.0, "median_homevalue_2024": null, "job_density_score": 0.089471, "dev_capacity_score": 0.068804, "market_momentum_score": 0.716644, "poverty_score": 0.3584, "income_score": 0.45947, "unemployment_score": 0.202426, "stackability_score": 0.666667, "stage1_result": "Advances to Scoring" }, "geometry": { "type": "Polygon", "coordinates": [ [ [ -76.912037, 38.998021 ], [ -76.911561, 38.99998 ], [ -76.910241, 39.001462 ], [ -76.903326, 39.000799 ], [ -76.903447, 39.003079 ], [ -76.902108, 39.004856 ], [ -76.902669, 39.005241 ], [ -76.901307, 39.007292 ], [ -76.904627, 39.009099 ], [ -76.903445, 39.009765 ], [ -76.901694, 39.009887 ], [ -76.895471, 39.002931 ], [ -76.90043, 38.996168 ], [ -76.912037, 38.998021 ] ] ] } },
{ "type": "Feature", "properties": { "geoid": "24033804802", "state": "Maryland", "county": "Prince George's County", "classification": "Already Attractive", "oztoolclassification": "Likely to attract capital even without OZ designation", "composite_score": 0.235689, "rank": 269, "recommended": 0, "jobs_2022": 116.0, "povrate_2024": 0.076898, "median_hhincome_2024": 66420.0, "unemprate_2024": 0.085859, "vacancyrate_2024": 0.063244, "stackability_count": 1, "pop_2024": 3103.0, "median_homevalue_2024": null, "job_density_score": 0.005099, "dev_capacity_score": 0.068804, "market_momentum_score": 0.716644, "poverty_score": 0.274635, "income_score": 0.431667, "unemployment_score": 0.248455, "stackability_score": 0.333333, "stage1_result": "Advances to Scoring" }, "geometry": { "type": "Polygon", "coordinates": [ [ [ -76.96805, 38.948962 ], [ -76.96649, 38.952503 ], [ -76.962701, 38.954033 ], [ -76.961721, 38.953436 ], [ -76.960466, 38.950405 ], [ -76.957941, 38.948807 ], [ -76.960706, 38.949017 ], [ -76.965464, 38.947438 ], [ -76.96805, 38.948962 ] ] ] } },
{ "type": "Feature", "properties": { "geoid": "24033806714", "state": "Maryland", "county": "Prince George's County", "classification": "Goldilocks", "oztoolclassification": "More likely to attract OZ investment, with larger impact", "composite_score": null, "rank": null, "recommended": 0, "jobs_2022": 609.0, "povrate_2024": 0.272316, "median_hhincome_2024": 100171.0, "unemprate_2024": 0.03617, "vacancyrate_2024": 0.005206, "stackability_count": 1, "pop_2024": 6948.0, "median_homevalue_2024": 545500.0, "job_density_score": null, "dev_capacity_score": null, "market_momentum_score": null, "poverty_score": null, "income_score": null, "unemployment_score": null, "stackability_score": null, "stage1_result": "Eliminated — Already Attractive" }, "geometry": { "type": "Polygon", "coordinates": [ [ [ -76.921463, 39.003564 ], [ -76.920104, 39.00678 ], [ -76.916548, 39.005313 ], [ -76.915891, 39.006175 ], [ -76.915498, 39.005963 ], [ -76.912891, 39.008832 ], [ -76.913174, 39.00911 ], [ -76.90859, 39.014932 ], [ -76.901694, 39.009887 ], [ -76.903281, 39.009813 ], [ -76.904627, 39.009099 ], [ -76.901307, 39.007292 ], [ -76.902669, 39.005241 ], [ -76.902108, 39.004856 ], [ -76.903447, 39.003079 ], [ -76.903326, 39.000799 ], [ -76.910241, 39.001462 ], [ -76.911561, 38.99998 ], [ -76.912075, 38.997882 ], [ -76.920395, 38.998044 ], [ -76.920095, 38.99877 ], [ -76.920709, 38.998971 ], [ -76.920444, 39.000328 ], [ -76.91939, 39.002832 ], [ -76.921463, 39.003564 ] ] ] } },
{ "type": "Feature", "properties": { "geoid": "24510260605", "state": "Maryland", "county": "Baltimore city", "classification": "Already Attractive", "oztoolclassification": "Likely to attract capital even without OZ designation", "composite_score": 0.527962, "rank": 4, "recommended": 1, "jobs_2022": 15855.0, "povrate_2024": 0.14568, "median_hhincome_2024": 63082.0, "unemprate_2024": 0.044974, "vacancyrate_2024": 0.064017, "stackability_count": 2, "pop_2024": 6870.0, "median_homevalue_2024": 194200.0, "job_density_score": 0.748206, "dev_capacity_score": 0.131967, "market_momentum_score": 0.530756, "poverty_score": 0.520285, "income_score": 0.461346, "unemployment_score": 0.130146, "stackability_score": 0.666667, "stage1_result": "Advances to Scoring" }, "geometry": { "type": "Polygon", "coordinates": [ [ [ -76.577586, 39.271606 ], [ -76.570877, 39.276421 ], [ -76.571008, 39.278337 ], [ -76.5645, 39.278595 ], [ -76.562477, 39.280693 ], [ -76.543805, 39.281443 ], [ -76.54364, 39.276282 ], [ -76.538005, 39.276466 ], [ -76.537924, 39.27484 ], [ -76.534993, 39.275293 ], [ -76.535068, 39.276083 ], [ -76.533504, 39.277541 ], [ -76.535704, 39.281793 ], [ -76.530393, 39.284818 ], [ -76.529592, 39.284852 ], [ -76.529934, 39.283082 ], [ -76.529486, 39.218408 ], [ -76.566887, 39.254306 ], [ -76.571887, 39.256505 ], [ -76.573987, 39.259406 ], [ -76.575486, 39.267105 ], [ -76.577586, 39.271606 ] ] ] } },
{ "type": "Feature", "properties": { "geoid": "24510270102", "state": "Maryland", "county": "Baltimore city", "classification": "Less Likely", "oztoolclassification": "Less likely to attract OZ investment", "composite_score": 0.310792, "rank": 132, "recommended": 0, "jobs_2022": 127.0, "povrate_2024": 0.299788, "median_hhincome_2024": 69625.0, "unemprate_2024": 0.077805, "vacancyrate_2024": 0.091367, "stackability_count": 1, "pop_2024": 3785.0, "median_homevalue_2024": 198100.0, "job_density_score": 0.005619, "dev_capacity_score": 0.032426, "market_momentum_score": 0.574867, "poverty_score": 0.92933, "income_score": 0.403171, "unemployment_score": 0.225151, "stackability_score": 0.333333, "stage1_result": "Advances to Scoring" }, "geometry": { "type": "Polygon", "coordinates": [ [ [ -76.567424, 39.339556 ], [ -76.558147, 39.345185 ], [ -76.55367, 39.339781 ], [ -76.552441, 39.337614 ], [ -76.561612, 39.331095 ], [ -76.56522, 39.337444 ], [ -76.567424, 39.339556 ] ] ] } },
{ "type": "Feature", "properties": { "geoid": "24033807410", "state": "Maryland", "county": "Prince George's County", "classification": "Already Attractive", "oztoolclassification": "Likely to attract capital even without OZ designation", "composite_score": 0.210639, "rank": 309, "recommended": 0, "jobs_2022": 1193.0, "povrate_2024": 0.142593, "median_hhincome_2024": 85078.0, "unemprate_2024": 0.047374, "vacancyrate_2024": 0.054876, "stackability_count": 0, "pop_2024": 4947.0, "median_homevalue_2024": 329700.0, "job_density_score": 0.055949, "dev_capacity_score": 0.068804, "market_momentum_score": 0.716644, "poverty_score": 0.509261, "income_score": 0.265775, "unemployment_score": 0.137089, "stackability_score": 0.0, "stage1_result": "Advances to Scoring" }, "geometry": { "type": "Polygon", "coordinates": [ [ [ -76.95558, 39.039938 ], [ -76.946458, 39.052482 ], [ -76.943985, 39.051486 ], [ -76.940578, 39.052698 ], [ -76.936743, 39.051209 ], [ -76.938534, 39.048665 ], [ -76.937686, 39.047118 ], [ -76.945463, 39.042456 ], [ -76.947698, 39.039742 ], [ -76.94809, 39.04013 ], [ -76.953234, 39.039004 ], [ -76.95558, 39.039938 ] ] ] } },
{ "type": "Feature", "properties": { "geoid": "24510270302", "state": "Maryland", "county": "Baltimore city", "classification": "Less Likely", "oztoolclassification": "Less likely to attract OZ investment", "composite_score": 0.168632, "rank": 343, "recommended": 0, "jobs_2022": 81.0, "povrate_2024": 0.062138, "median_hhincome_2024": 90089.0, "unemprate_2024": 0.050573, "vacancyrate_2024": 0.057398, "stackability_count": 1, "pop_2024": 1899.0, "median_homevalue_2024": 268600.0, "job_density_score": 0.003447, "dev_capacity_score": 0.055401, "market_momentum_score": 0.438319, "poverty_score": 0.221921, "income_score": 0.221221, "unemployment_score": 0.146345, "stackability_score": 0.333333, "stage1_result": "Advances to Scoring" }, "geometry": { "type": "Polygon", "coordinates": [ [ [ -76.569136, 39.342826 ], [ -76.563355, 39.350138 ], [ -76.560885, 39.348354 ], [ -76.558147, 39.345185 ], [ -76.567424, 39.339556 ], [ -76.567632, 39.341637 ], [ -76.569136, 39.342826 ] ] ] } },
{ "type": "Feature", "properties": { "geoid": "24031700812", "state": "Maryland", "county": "Montgomery County", "classification": "Less Likely", "oztoolclassification": "Less likely to attract OZ investment", "composite_score": null, "rank": null, "recommended": 0, "jobs_2022": 339.0, "povrate_2024": 0.095945, "median_hhincome_2024": 88954.0, "unemprate_2024": 0.123044, "vacancyrate_2024": 0.085856, "stackability_count": 1, "pop_2024": 4513.0, "median_homevalue_2024": 367600.0, "job_density_score": null, "dev_capacity_score": null, "market_momentum_score": null, "poverty_score": null, "income_score": null, "unemployment_score": null, "stackability_score": null, "stage1_result": "Eliminated — Already Attractive" }, "geometry": { "type": "Polygon", "coordinates": [ [ [ -77.205128, 39.166439 ], [ -77.203782, 39.172265 ], [ -77.203513, 39.176282 ], [ -77.202048, 39.178497 ], [ -77.200592, 39.177612 ], [ -77.197174, 39.177227 ], [ -77.194747, 39.17464 ], [ -77.193473, 39.174667 ], [ -77.19242, 39.173881 ], [ -77.19252, 39.173149 ], [ -77.189945, 39.171661 ], [ -77.191856, 39.165401 ], [ -77.192002, 39.157303 ], [ -77.193367, 39.157581 ], [ -77.195411, 39.159629 ], [ -77.197364, 39.160087 ], [ -77.197912, 39.163185 ], [ -77.199475, 39.164604 ], [ -77.201368, 39.164513 ], [ -77.203115, 39.166497 ], [ -77.205128, 39.166439 ] ] ] } },
{ "type": "Feature", "properties": { "geoid": "24031702101", "state": "Maryland", "county": "Montgomery County", "classification": "Less Likely", "oztoolclassification": "Less likely to attract OZ investment", "composite_score": null, "rank": null, "recommended": 0, "jobs_2022": 497.0, "povrate_2024": 0.168942, "median_hhincome_2024": 71458.0, "unemprate_2024": 0.079726, "vacancyrate_2024": 0.023438, "stackability_count": 1, "pop_2024": 6285.0, "median_homevalue_2024": 529500.0, "job_density_score": null, "dev_capacity_score": null, "market_momentum_score": null, "poverty_score": null, "income_score": null, "unemployment_score": null, "stackability_score": null, "stage1_result": "Eliminated — Already Attractive" }, "geometry": { "type": "Polygon", "coordinates": [ [ [ -77.004884, 39.015168 ], [ -77.002477, 39.015351 ], [ -76.994106, 39.01754 ], [ -76.992316, 39.014609 ], [ -76.989177, 39.012264 ], [ -76.988841, 39.010609 ], [ -76.989472, 39.00929 ], [ -76.989165, 39.005657 ], [ -76.984302, 39.002905 ], [ -76.983629, 39.002267 ], [ -76.98415, 39.001438 ], [ -76.988292, 39.00114 ], [ -76.991683, 38.999767 ], [ -76.995302, 38.999646 ], [ -76.995645, 39.002393 ], [ -76.998667, 39.008666 ], [ -77.001978, 39.011423 ], [ -77.004884, 39.015168 ] ] ] } },
{ "type": "Feature", "properties": { "geoid": "24031700731", "state": "Maryland", "county": "Montgomery County", "classification": "Less Likely", "oztoolclassification": "Less likely to attract OZ investment", "composite_score": null, "rank": null, "recommended": 0, "jobs_2022": 631.0, "povrate_2024": 0.227296, "median_hhincome_2024": 103148.0, "unemprate_2024": 0.068804, "vacancyrate_2024": 0.050415, "stackability_count": 0, "pop_2024": 4007.0, "median_homevalue_2024": 487500.0, "job_density_score": null, "dev_capacity_score": null, "market_momentum_score": null, "poverty_score": null, "income_score": null, "unemployment_score": null, "stackability_score": null, "stage1_result": "Eliminated — Already Attractive" }, "geometry": { "type": "Polygon", "coordinates": [ [ [ -77.204666, 39.136367 ], [ -77.202903, 39.138153 ], [ -77.201843, 39.140724 ], [ -77.198892, 39.141299 ], [ -77.199186, 39.141548 ], [ -77.193496, 39.141517 ], [ -77.19413, 39.137974 ], [ -77.18884, 39.132217 ], [ -77.192512, 39.128833 ], [ -77.198638, 39.127597 ], [ -77.201026, 39.129341 ], [ -77.202392, 39.132469 ], [ -77.203338, 39.133556 ], [ -77.201721, 39.135128 ], [ -77.204666, 39.136367 ] ] ] } },
{ "type": "Feature", "properties": { "geoid": "24033802803", "state": "Maryland", "county": "Prince George's County", "classification": "Less Likely", "oztoolclassification": "Less likely to attract OZ investment", "composite_score": 0.303365, "rank": 149, "recommended": 0, "jobs_2022": 594.0, "povrate_2024": 0.238553, "median_hhincome_2024": 96250.0, "unemprate_2024": 0.089431, "vacancyrate_2024": 0.069767, "stackability_count": 1, "pop_2024": 5903.0, "median_homevalue_2024": 359800.0, "job_density_score": 0.027668, "dev_capacity_score": 0.068804, "market_momentum_score": 0.716644, "poverty_score": 0.851973, "income_score": 0.166443, "unemployment_score": 0.258793, "stackability_score": 0.333333, "stage1_result": "Advances to Scoring" }, "geometry": { "type": "Polygon", "coordinates": [ [ [ -76.920278, 38.869982 ], [ -76.914284, 38.881507 ], [ -76.912768, 38.880207 ], [ -76.909873, 38.885173 ], [ -76.89815, 38.886914 ], [ -76.894207, 38.870692 ], [ -76.892393, 38.866637 ], [ -76.892688, 38.865768 ], [ -76.894468, 38.864436 ], [ -76.900864, 38.862495 ], [ -76.905121, 38.865087 ], [ -76.906546, 38.865362 ], [ -76.909797, 38.864607 ], [ -76.912348, 38.864941 ], [ -76.914865, 38.864235 ], [ -76.916508, 38.865837 ], [ -76.917692, 38.868573 ], [ -76.920278, 38.869982 ] ] ] } },
{ "type": "Feature", "properties": { "geoid": "24033802805", "state": "Maryland", "county": "Prince George's County", "classification": "Less Likely", "oztoolclassification": "Less likely to attract OZ investment", "composite_score": 0.212515, "rank": 307, "recommended": 0, "jobs_2022": 70.0, "povrate_2024": 0.080565, "median_hhincome_2024": 85685.0, "unemprate_2024": 0.054074, "vacancyrate_2024": 0.019918, "stackability_count": 1, "pop_2024": 5238.0, "median_homevalue_2024": 345900.0, "job_density_score": 0.002927, "dev_capacity_score": 0.068804, "market_momentum_score": 0.716644, "poverty_score": 0.287733, "income_score": 0.260378, "unemployment_score": 0.156479, "stackability_score": 0.333333, "stage1_result": "Advances to Scoring" }, "geometry": { "type": "Polygon", "coordinates": [ [ [ -76.899686, 38.897487 ], [ -76.890337, 38.899889 ], [ -76.886728, 38.902136 ], [ -76.88414, 38.900645 ], [ -76.882345, 38.897216 ], [ -76.879313, 38.895495 ], [ -76.877269, 38.88868 ], [ -76.883813, 38.887743 ], [ -76.892704, 38.887494 ], [ -76.894138, 38.88944 ], [ -76.894261, 38.891596 ], [ -76.895382, 38.893293 ], [ -76.897627, 38.895173 ], [ -76.899364, 38.895699 ], [ -76.899686, 38.897487 ] ] ] } },
{ "type": "Feature", "properties": { "geoid": "24031700614", "state": "Maryland", "county": "Montgomery County", "classification": "Less Likely", "oztoolclassification": "Less likely to attract OZ investment", "composite_score": 0.158414, "rank": 349, "recommended": 0, "jobs_2022": 479.0, "povrate_2024": 0.061253, "median_hhincome_2024": 91402.0, "unemprate_2024": 0.077984, "vacancyrate_2024": 0.024401, "stackability_count": 0, "pop_2024": 5812.0, "median_homevalue_2024": 333800.0, "job_density_score": 0.022238, "dev_capacity_score": 0.068804, "market_momentum_score": 0.716644, "poverty_score": 0.218759, "income_score": 0.209547, "unemployment_score": 0.225669, "stackability_score": 0.0, "stage1_result": "Advances to Scoring" }, "geometry": { "type": "Polygon", "coordinates": [ [ [ -77.278475, 39.152701 ], [ -77.275479, 39.159066 ], [ -77.272834, 39.158 ], [ -77.269462, 39.157642 ], [ -77.266365, 39.156471 ], [ -77.251068, 39.153747 ], [ -77.255531, 39.15279 ], [ -77.257057, 39.152023 ], [ -77.257255, 39.151233 ], [ -77.256347, 39.150043 ], [ -77.258354, 39.14941 ], [ -77.258445, 39.148265 ], [ -77.259994, 39.146385 ], [ -77.262863, 39.145824 ], [ -77.264175, 39.146057 ], [ -77.264389, 39.145393 ], [ -77.265731, 39.145771 ], [ -77.268097, 39.144418 ], [ -77.268621, 39.143174 ], [ -77.267427, 39.14178 ], [ -77.268185, 39.140688 ], [ -77.269485, 39.140075 ], [ -77.274294, 39.145237 ], [ -77.278188, 39.150972 ], [ -77.278475, 39.152701 ] ] ] } },
{ "type": "Feature", "properties": { "geoid": "24005411408", "state": "Maryland", "county": "Baltimore County", "classification": "Less Likely", "oztoolclassification": "Less likely to attract OZ investment", "composite_score": 0.184817, "rank": 330, "recommended": 0, "jobs_2022": 1122.0, "povrate_2024": 0.095577, "median_hhincome_2024": 77971.0, "unemprate_2024": 0.021681, "vacancyrate_2024": 0.04845, "stackability_count": 0, "pop_2024": 3896.0, "median_homevalue_2024": 252600.0, "job_density_score": 0.052597, "dev_capacity_score": 0.068804, "market_momentum_score": 0.716644, "poverty_score": 0.341345, "income_score": 0.328965, "unemployment_score": 0.062741, "stackability_score": 0.0, "stage1_result": "Advances to Scoring" }, "geometry": { "type": "Polygon", "coordinates": [ [ [ -76.507564, 39.389607 ], [ -76.504439, 39.393252 ], [ -76.504424, 39.39546 ], [ -76.499578, 39.395689 ], [ -76.495484, 39.394606 ], [ -76.493505, 39.394557 ], [ -76.486023, 39.397598 ], [ -76.480238, 39.39881 ], [ -76.49904, 39.38341 ], [ -76.500233, 39.385135 ], [ -76.507564, 39.389607 ] ] ] } },
{ "type": "Feature", "properties": { "geoid": "24005411307", "state": "Maryland", "county": "Baltimore County", "classification": "Less Likely", "oztoolclassification": "Less likely to attract OZ investment", "composite_score": 0.272261, "rank": 200, "recommended": 0, "jobs_2022": 1822.0, "povrate_2024": 0.247498, "median_hhincome_2024": 79327.0, "unemprate_2024": 0.010225, "vacancyrate_2024": 0.034884, "stackability_count": 0, "pop_2024": 3697.0, "median_homevalue_2024": 316600.0, "job_density_score": 0.085647, "dev_capacity_score": 0.068804, "market_momentum_score": 0.716644, "poverty_score": 0.883921, "income_score": 0.316908, "unemployment_score": 0.029589, "stackability_score": 0.0, "stage1_result": "Advances to Scoring" }, "geometry": { "type": "Polygon", "coordinates": [ [ [ -76.472057, 39.379004 ], [ -76.471592, 39.381491 ], [ -76.469634, 39.384686 ], [ -76.469212, 39.387448 ], [ -76.445775, 39.382333 ], [ -76.454194, 39.374502 ], [ -76.455639, 39.375552 ], [ -76.457233, 39.375971 ], [ -76.462051, 39.376409 ], [ -76.463112, 39.377399 ], [ -76.46447, 39.377544 ], [ -76.464793, 39.378191 ], [ -76.465794, 39.377796 ], [ -76.469347, 39.378472 ], [ -76.470024, 39.379002 ], [ -76.472057, 39.379004 ] ] ] } },
{ "type": "Feature", "properties": { "geoid": "24011955302", "state": "Maryland", "county": "Caroline County", "classification": "Less Likely", "oztoolclassification": "Less likely to attract OZ investment", "composite_score": 0.328561, "rank": 112, "recommended": 1, "jobs_2022": 1961.0, "povrate_2024": 0.185329, "median_hhincome_2024": 53636.0, "unemprate_2024": 0.074125, "vacancyrate_2024": 0.044715, "stackability_count": 1, "pop_2024": 3255.0, "median_homevalue_2024": 238900.0, "job_density_score": 0.09221, "dev_capacity_score": 0.068804, "market_momentum_score": 0.716644, "poverty_score": 0.661891, "income_score": 0.545332, "unemployment_score": 0.214501, "stackability_score": 0.333333, "stage1_result": "Advances to Scoring" }, "geometry": { "type": "Polygon", "coordinates": [ [ [ -75.846587, 38.858559 ], [ -75.84524, 38.86214 ], [ -75.841063, 38.866746 ], [ -75.840142, 38.870334 ], [ -75.84069, 38.872512 ], [ -75.837066, 38.879493 ], [ -75.837166, 38.881282 ], [ -75.840089, 38.885223 ], [ -75.840042, 38.886638 ], [ -75.837346, 38.88912 ], [ -75.832934, 38.889965 ], [ -75.831837, 38.890573 ], [ -75.831493, 38.896472 ], [ -75.827186, 38.896354 ], [ -75.816978, 38.894367 ], [ -75.814971, 38.89331 ], [ -75.813972, 38.892013 ], [ -75.813728, 38.890647 ], [ -75.81517, 38.881376 ], [ -75.81697, 38.879734 ], [ -75.820671, 38.878765 ], [ -75.823211, 38.877521 ], [ -75.824859, 38.875831 ], [ -75.825805, 38.873271 ], [ -75.825484, 38.870147 ], [ -75.823066, 38.862715 ], [ -75.820803, 38.857166 ], [ -75.818654, 38.854114 ], [ -75.819389, 38.852046 ], [ -75.822357, 38.852973 ], [ -75.823799, 38.852664 ], [ -75.824691, 38.853145 ], [ -75.825904, 38.852619 ], [ -75.826278, 38.853092 ], [ -75.82727, 38.853084 ], [ -75.826477, 38.851863 ], [ -75.829277, 38.852821 ], [ -75.831336, 38.854232 ], [ -75.831855, 38.853885 ], [ -75.831604, 38.853237 ], [ -75.832809, 38.853416 ], [ -75.834571, 38.854946 ], [ -75.834831, 38.856571 ], [ -75.835868, 38.854915 ], [ -75.8367, 38.854663 ], [ -75.839851, 38.856487 ], [ -75.839195, 38.858139 ], [ -75.839462, 38.858398 ], [ -75.841255, 38.858985 ], [ -75.842231, 38.858097 ], [ -75.843757, 38.857925 ], [ -75.844329, 38.858432 ], [ -75.846587, 38.858559 ] ] ] } },
{ "type": "Feature", "properties": { "geoid": "24011955201", "state": "Maryland", "county": "Caroline County", "classification": "Less Likely", "oztoolclassification": "Less likely to attract OZ investment", "composite_score": 0.192228, "rank": 326, "recommended": 0, "jobs_2022": 1311.0, "povrate_2024": 0.077308, "median_hhincome_2024": 79524.0, "unemprate_2024": 0.09037, "vacancyrate_2024": 0.040163, "stackability_count": 0, "pop_2024": 4058.0, "median_homevalue_2024": 356600.0, "job_density_score": 0.06152, "dev_capacity_score": 0.068804, "market_momentum_score": 0.716644, "poverty_score": 0.2761, "income_score": 0.315157, "unemployment_score": 0.261509, "stackability_score": 0.0, "stage1_result": "Advances to Scoring" }, "geometry": { "type": "Polygon", "coordinates": [ [ [ -75.942786, 38.967112 ], [ -75.942628, 38.967666 ], [ -75.936778, 38.971836 ], [ -75.936611, 38.973565 ], [ -75.937745, 38.974752 ], [ -75.939399, 38.974845 ], [ -75.940412, 38.975455 ], [ -75.940933, 38.976295 ], [ -75.940757, 38.976834 ], [ -75.939328, 38.977163 ], [ -75.938491, 38.9783 ], [ -75.936781, 38.978652 ], [ -75.934529, 38.980311 ], [ -75.93479, 38.982376 ], [ -75.933987, 38.983332 ], [ -75.933213, 38.986216 ], [ -75.928737, 38.988353 ], [ -75.928659, 38.989413 ], [ -75.929729, 38.990654 ], [ -75.929377, 38.991006 ], [ -75.928694, 38.990995 ], [ -75.925491, 38.993279 ], [ -75.921993, 38.994422 ], [ -75.919641, 39.000112 ], [ -75.916597, 39.00175 ], [ -75.914999, 39.001777 ], [ -75.913407, 39.003891 ], [ -75.910619, 39.004456 ], [ -75.909859, 39.005725 ], [ -75.909809, 39.007181 ], [ -75.90833, 39.008916 ], [ -75.908681, 39.010734 ], [ -75.9041, 39.010426 ], [ -75.903646, 39.011661 ], [ -75.905229, 39.015254 ], [ -75.90487, 39.016276 ], [ -75.901679, 39.017098 ], [ -75.901674, 39.016301 ], [ -75.900357, 39.01477 ], [ -75.898182, 39.014143 ], [ -75.890765, 39.018315 ], [ -75.887756, 39.017505 ], [ -75.884902, 39.017383 ], [ -75.880249, 39.014102 ], [ -75.879623, 39.012813 ], [ -75.87812, 39.011444 ], [ -75.876068, 39.011211 ], [ -75.873527, 39.010196 ], [ -75.873138, 39.003765 ], [ -75.874176, 39.001068 ], [ -75.870994, 39.000263 ], [ -75.86145, 38.995418 ], [ -75.851074, 38.988681 ], [ -75.845893, 38.98703 ], [ -75.84642, 38.985576 ], [ -75.84645, 38.98104 ], [ -75.847068, 38.979816 ], [ -75.844154, 38.978618 ], [ -75.843116, 38.977519 ], [ -75.843559, 38.977317 ], [ -75.842361, 38.976734 ], [ -75.83786, 38.976306 ], [ -75.83683, 38.974723 ], [ -75.83715, 38.973144 ], [ -75.836601, 38.972042 ], [ -75.835922, 38.972038 ], [ -75.834014, 38.970264 ], [ -75.833856, 38.96896 ], [ -75.832099, 38.968616 ], [ -75.831527, 38.967487 ], [ -75.828994, 38.964992 ], [ -75.825813, 38.964424 ], [ -75.824844, 38.963779 ], [ -75.825065, 38.961654 ], [ -75.826454, 38.961669 ], [ -75.827285, 38.961143 ], [ -75.827117, 38.960411 ], [ -75.824409, 38.958965 ], [ -75.825057, 38.957965 ], [ -75.827453, 38.957 ], [ -75.826675, 38.956481 ], [ -75.826477, 38.955551 ], [ -75.827507, 38.954612 ], [ -75.828598, 38.954692 ], [ -75.828903, 38.954128 ], [ -75.831672, 38.953754 ], [ -75.831502, 38.952377 ], [ -75.829734, 38.951 ], [ -75.829765, 38.95021 ], [ -75.829307, 38.949966 ], [ -75.827934, 38.949897 ], [ -75.826541, 38.951442 ], [ -75.825549, 38.951363 ], [ -75.824647, 38.950321 ], [ -75.827338, 38.948991 ], [ -75.826666, 38.946936 ], [ -75.827905, 38.940475 ], [ -75.827825, 38.936991 ], [ -75.829187, 38.936393 ], [ -75.833161, 38.936545 ], [ -75.834036, 38.935816 ], [ -75.834805, 38.933543 ], [ -75.8348, 38.932712 ], [ -75.833416, 38.930586 ], [ -75.827056, 38.92525 ], [ -75.827855, 38.92273 ], [ -75.830936, 38.919933 ], [ -75.832189, 38.917899 ], [ -75.831871, 38.91557 ], [ -75.829719, 38.914216 ], [ -75.829558, 38.91316 ], [ -75.832896, 38.910707 ], [ -75.837147, 38.910315 ], [ -75.838048, 38.909857 ], [ -75.838368, 38.908718 ], [ -75.837776, 38.907646 ], [ -75.851348, 38.907218 ], [ -75.852706, 38.907787 ], [ -75.853996, 38.911804 ], [ -75.856018, 38.913238 ], [ -75.860961, 38.914825 ], [ -75.862892, 38.917308 ], [ -75.864547, 38.918045 ], [ -75.870834, 38.910911 ], [ -75.889663, 38.920398 ], [ -75.892684, 38.920646 ], [ -75.893753, 38.927722 ], [ -75.893623, 38.93095 ], [ -75.894607, 38.935299 ], [ -75.899017, 38.933582 ], [ -75.902923, 38.937568 ], [ -75.909566, 38.940041 ], [ -75.910021, 38.941698 ], [ -75.908295, 38.947291 ], [ -75.909438, 38.950863 ], [ -75.913755, 38.954213 ], [ -75.91323, 38.957065 ], [ -75.913856, 38.957923 ], [ -75.918296, 38.96038 ], [ -75.918853, 38.961219 ], [ -75.921417, 38.962295 ], [ -75.92366, 38.965145 ], [ -75.926582, 38.96669 ], [ -75.940082, 38.966599 ], [ -75.942786, 38.967112 ] ] ] } },
{ "type": "Feature", "properties": { "geoid": "24031700732", "state": "Maryland", "county": "Montgomery County", "classification": "Less Likely", "oztoolclassification": "Less likely to attract OZ investment", "composite_score": null, "rank": null, "recommended": 0, "jobs_2022": 568.0, "povrate_2024": 0.146797, "median_hhincome_2024": 92500.0, "unemprate_2024": 0.023373, "vacancyrate_2024": 0.131528, "stackability_count": 0, "pop_2024": 3263.0, "median_homevalue_2024": 386900.0, "job_density_score": null, "dev_capacity_score": null, "market_momentum_score": null, "poverty_score": null, "income_score": null, "unemployment_score": null, "stackability_score": null, "stage1_result": "Eliminated — Already Attractive" }, "geometry": { "type": "Polygon", "coordinates": [ [ [ -77.20641, 39.131781 ], [ -77.205747, 39.134841 ], [ -77.204666, 39.136367 ], [ -77.201721, 39.135128 ], [ -77.203338, 39.133556 ], [ -77.202392, 39.132469 ], [ -77.201026, 39.129341 ], [ -77.198638, 39.127597 ], [ -77.192512, 39.128833 ], [ -77.18884, 39.132217 ], [ -77.184416, 39.12721 ], [ -77.178448, 39.123206 ], [ -77.180588, 39.121311 ], [ -77.18292, 39.120681 ], [ -77.184825, 39.120933 ], [ -77.189684, 39.122895 ], [ -77.191843, 39.123171 ], [ -77.198265, 39.121795 ], [ -77.20641, 39.131781 ] ] ] } },
{ "type": "Feature", "properties": { "geoid": "24031700836", "state": "Maryland", "county": "Montgomery County", "classification": "Less Likely", "oztoolclassification": "Less likely to attract OZ investment", "composite_score": null, "rank": null, "recommended": 0, "jobs_2022": 443.0, "povrate_2024": 0.032345, "median_hhincome_2024": 72447.0, "unemprate_2024": 0.055615, "vacancyrate_2024": 0.0, "stackability_count": 1, "pop_2024": 1484.0, "median_homevalue_2024": 447000.0, "job_density_score": null, "dev_capacity_score": null, "market_momentum_score": null, "poverty_score": null, "income_score": null, "unemployment_score": null, "stackability_score": null, "stage1_result": "Eliminated — Already Attractive" }, "geometry": { "type": "Polygon", "coordinates": [ [ [ -77.220601, 39.102698 ], [ -77.215804, 39.113677 ], [ -77.215719, 39.115183 ], [ -77.211799, 39.115131 ], [ -77.20968, 39.114098 ], [ -77.212324, 39.108489 ], [ -77.209116, 39.106645 ], [ -77.206282, 39.103218 ], [ -77.213432, 39.100525 ], [ -77.220601, 39.102698 ] ] ] } },
{ "type": "Feature", "properties": { "geoid": "24031700729", "state": "Maryland", "county": "Montgomery County", "classification": "Less Likely", "oztoolclassification": "Less likely to attract OZ investment", "composite_score": null, "rank": null, "recommended": 0, "jobs_2022": 371.0, "povrate_2024": 0.176754, "median_hhincome_2024": 110855.0, "unemprate_2024": 0.02544, "vacancyrate_2024": 0.0, "stackability_count": 0, "pop_2024": 2924.0, "median_homevalue_2024": 448400.0, "job_density_score": null, "dev_capacity_score": null, "market_momentum_score": null, "poverty_score": null, "income_score": null, "unemployment_score": null, "stackability_score": null, "stage1_result": "Eliminated — Already Attractive" }, "geometry": { "type": "Polygon", "coordinates": [ [ [ -77.192065, 39.159989 ], [ -77.182113, 39.158775 ], [ -77.178321, 39.156242 ], [ -77.176521, 39.155731 ], [ -77.175804, 39.157482 ], [ -77.174049, 39.157791 ], [ -77.172103, 39.158817 ], [ -77.170387, 39.157306 ], [ -77.166404, 39.157085 ], [ -77.16378, 39.154647 ], [ -77.16555, 39.150562 ], [ -77.167465, 39.148818 ], [ -77.170364, 39.150554 ], [ -77.17424, 39.153789 ], [ -77.177411, 39.153501 ], [ -77.178046, 39.154319 ], [ -77.182037, 39.155044 ], [ -77.184898, 39.156684 ], [ -77.18608, 39.156745 ], [ -77.185797, 39.157261 ], [ -77.190363, 39.156707 ], [ -77.190765, 39.156314 ], [ -77.190994, 39.157112 ], [ -77.192002, 39.157303 ], [ -77.192065, 39.159989 ] ] ] } },
{ "type": "Feature", "properties": { "geoid": "24031702502", "state": "Maryland", "county": "Montgomery County", "classification": "Less Likely", "oztoolclassification": "Less likely to attract OZ investment", "composite_score": null, "rank": null, "recommended": 0, "jobs_2022": 2300.0, "povrate_2024": 0.125758, "median_hhincome_2024": 89063.0, "unemprate_2024": 0.030864, "vacancyrate_2024": 0.125902, "stackability_count": 1, "pop_2024": 1813.0, "median_homevalue_2024": 450500.0, "job_density_score": null, "dev_capacity_score": null, "market_momentum_score": null, "poverty_score": null, "income_score": null, "unemployment_score": null, "stackability_score": null, "stage1_result": "Eliminated — Already Attractive" }, "geometry": { "type": "Polygon", "coordinates": [ [ [ -77.026989, 38.994567 ], [ -77.024421, 38.995399 ], [ -77.023888, 38.988824 ], [ -77.02295, 38.98593 ], [ -77.02303, 38.984459 ], [ -77.020389, 38.979873 ], [ -77.026596, 38.984512 ], [ -77.026989, 38.994567 ] ] ] } },
{ "type": "Feature", "properties": { "geoid": "24031700725", "state": "Maryland", "county": "Montgomery County", "classification": "Less Likely", "oztoolclassification": "Less likely to attract OZ investment", "composite_score": 0.216538, "rank": 301, "recommended": 0, "jobs_2022": 906.0, "povrate_2024": 0.092868, "median_hhincome_2024": 72104.0, "unemprate_2024": 0.155652, "vacancyrate_2024": 0.0, "stackability_count": 0, "pop_2024": 6313.0, "median_homevalue_2024": 249600.0, "job_density_score": 0.042398, "dev_capacity_score": 0.068804, "market_momentum_score": 0.716644, "poverty_score": 0.331673, "income_score": 0.381129, "unemployment_score": 0.450421, "stackability_score": 0.0, "stage1_result": "Advances to Scoring" }, "geometry": { "type": "Polygon", "coordinates": [ [ [ -77.193496, 39.141551 ], [ -77.192504, 39.145442 ], [ -77.193122, 39.1483 ], [ -77.192624, 39.150858 ], [ -77.186912, 39.149097 ], [ -77.182665, 39.142851 ], [ -77.183552, 39.139946 ], [ -77.18869, 39.14125 ], [ -77.193496, 39.141551 ] ] ] } },
{ "type": "Feature", "properties": { "geoid": "24031700727", "state": "Maryland", "county": "Montgomery County", "classification": "Less Likely", "oztoolclassification": "Less likely to attract OZ investment", "composite_score": null, "rank": null, "recommended": 0, "jobs_2022": 4260.0, "povrate_2024": 0.163039, "median_hhincome_2024": 90417.0, "unemprate_2024": 0.085278, "vacancyrate_2024": 0.02916, "stackability_count": 0, "pop_2024": 2251.0, "median_homevalue_2024": 468400.0, "job_density_score": null, "dev_capacity_score": null, "market_momentum_score": null, "poverty_score": null, "income_score": null, "unemployment_score": null, "stackability_score": null, "stage1_result": "Eliminated — Already Attractive" }, "geometry": { "type": "Polygon", "coordinates": [ [ [ -77.194076, 39.138183 ], [ -77.193496, 39.141517 ], [ -77.191474, 39.141494 ], [ -77.184661, 39.140335 ], [ -77.179122, 39.137622 ], [ -77.18884, 39.132217 ], [ -77.194076, 39.138183 ] ] ] } },
{ "type": "Feature", "properties": { "geoid": "24031703404", "state": "Maryland", "county": "Montgomery County", "classification": "Less Likely", "oztoolclassification": "Less likely to attract OZ investment", "composite_score": null, "rank": null, "recommended": 0, "jobs_2022": 121.0, "povrate_2024": 0.168078, "median_hhincome_2024": 99318.0, "unemprate_2024": 0.067117, "vacancyrate_2024": 0.03537, "stackability_count": 1, "pop_2024": 3778.0, "median_homevalue_2024": 387000.0, "job_density_score": null, "dev_capacity_score": null, "market_momentum_score": null, "poverty_score": null, "income_score": null, "unemployment_score": null, "stackability_score": null, "stage1_result": "Eliminated — Already Attractive" }, "geometry": { "type": "Polygon", "coordinates": [ [ [ -77.074743, 39.051668 ], [ -77.073503, 39.057241 ], [ -77.069759, 39.059057 ], [ -77.064949, 39.059062 ], [ -77.066223, 39.057334 ], [ -77.065214, 39.057044 ], [ -77.065406, 39.055282 ], [ -77.067322, 39.054169 ], [ -77.068252, 39.052859 ], [ -77.068295, 39.051664 ], [ -77.071034, 39.049556 ], [ -77.074743, 39.051668 ] ] ] } },
{ "type": "Feature", "properties": { "geoid": "24017850901", "state": "Maryland", "county": "Charles County", "classification": "Already Attractive", "oztoolclassification": "Likely to attract capital even without OZ designation", "composite_score": 0.366675, "rank": 58, "recommended": 1, "jobs_2022": 5370.0, "povrate_2024": 0.17793, "median_hhincome_2024": 71306.0, "unemprate_2024": 0.115174, "vacancyrate_2024": 0.0, "stackability_count": 1, "pop_2024": 6407.0, "median_homevalue_2024": 328500.0, "job_density_score": 0.253163, "dev_capacity_score": 0.068804, "market_momentum_score": 0.716644, "poverty_score": 0.635466, "income_score": 0.388225, "unemployment_score": 0.333286, "stackability_score": 0.333333, "stage1_result": "Advances to Scoring" }, "geometry": { "type": "Polygon", "coordinates": [ [ [ -76.925734, 38.611731 ], [ -76.910784, 38.626414 ], [ -76.906968, 38.623591 ], [ -76.901778, 38.621424 ], [ -76.897979, 38.619203 ], [ -76.885626, 38.616182 ], [ -76.881801, 38.614473 ], [ -76.884199, 38.611742 ], [ -76.886895, 38.610076 ], [ -76.888595, 38.607927 ], [ -76.890367, 38.606566 ], [ -76.893172, 38.605655 ], [ -76.896702, 38.605641 ], [ -76.899272, 38.605085 ], [ -76.90492, 38.602735 ], [ -76.907367, 38.601126 ], [ -76.914104, 38.605457 ], [ -76.923019, 38.609444 ], [ -76.925734, 38.611731 ] ] ] } },
{ "type": "Feature", "properties": { "geoid": "24033806712", "state": "Maryland", "county": "Prince George's County", "classification": "Less Likely", "oztoolclassification": "Less likely to attract OZ investment", "composite_score": 0.361099, "rank": 65, "recommended": 1, "jobs_2022": 4751.0, "povrate_2024": 0.288402, "median_hhincome_2024": 84132.0, "unemprate_2024": 0.177448, "vacancyrate_2024": 0.086982, "stackability_count": 0, "pop_2024": 3561.0, "median_homevalue_2024": 199700.0, "job_density_score": 0.223938, "dev_capacity_score": 0.068804, "market_momentum_score": 0.716644, "poverty_score": 0.969992, "income_score": 0.274186, "unemployment_score": 0.513495, "stackability_score": 0.0, "stage1_result": "Advances to Scoring" }, "geometry": { "type": "Polygon", "coordinates": [ [ [ -76.880908, 38.994903 ], [ -76.871597, 38.99793 ], [ -76.866329, 39.001581 ], [ -76.863743, 39.005663 ], [ -76.858523, 39.019895 ], [ -76.849925, 39.016366 ], [ -76.851408, 39.012321 ], [ -76.850796, 39.007693 ], [ -76.847821, 39.000003 ], [ -76.84293, 38.992134 ], [ -76.850648, 38.990727 ], [ -76.864831, 38.991785 ], [ -76.868728, 38.993149 ], [ -76.880908, 38.994903 ] ] ] } },
{ "type": "Feature", "properties": { "geoid": "24045000400", "state": "Maryland", "county": "Wicomico County", "classification": "Less Likely", "oztoolclassification": "Less likely to attract OZ investment", "composite_score": 0.387757, "rank": 39, "recommended": 1, "jobs_2022": 5415.0, "povrate_2024": 0.216439, "median_hhincome_2024": 53472.0, "unemprate_2024": 0.045881, "vacancyrate_2024": 0.156048, "stackability_count": 1, "pop_2024": 3612.0, "median_homevalue_2024": 242600.0, "job_density_score": 0.255288, "dev_capacity_score": 0.068804, "market_momentum_score": 0.716644, "poverty_score": 0.772997, "income_score": 0.54679, "unemployment_score": 0.13277, "stackability_score": 0.333333, "stage1_result": "Advances to Scoring" }, "geometry": { "type": "Polygon", "coordinates": [ [ [ -75.62614, 38.347259 ], [ -75.619767, 38.349745 ], [ -75.619686, 38.353406 ], [ -75.61688, 38.355619 ], [ -75.615963, 38.358202 ], [ -75.611793, 38.362199 ], [ -75.607351, 38.363311 ], [ -75.604558, 38.364744 ], [ -75.602059, 38.363128 ], [ -75.600845, 38.363057 ], [ -75.599498, 38.364052 ], [ -75.595112, 38.365207 ], [ -75.600981, 38.348491 ], [ -75.607624, 38.349264 ], [ -75.60834, 38.346876 ], [ -75.615358, 38.348192 ], [ -75.616206, 38.348804 ], [ -75.616363, 38.349996 ], [ -75.620726, 38.348448 ], [ -75.622699, 38.34834 ], [ -75.624646, 38.346564 ], [ -75.62614, 38.347259 ] ] ] } },
{ "type": "Feature", "properties": { "geoid": "24510271600", "state": "Maryland", "county": "Baltimore city", "classification": "Less Likely", "oztoolclassification": "Less likely to attract OZ investment", "composite_score": 0.364747, "rank": 61, "recommended": 1, "jobs_2022": 388.0, "povrate_2024": 0.287387, "median_hhincome_2024": 51375.0, "unemprate_2024": 0.10605, "vacancyrate_2024": 0.215029, "stackability_count": 1, "pop_2024": 3832.0, "median_homevalue_2024": 165100.0, "job_density_score": 0.017941, "dev_capacity_score": 0.210998, "market_momentum_score": 0.569082, "poverty_score": 0.973618, "income_score": 0.565435, "unemployment_score": 0.306886, "stackability_score": 0.333333, "stage1_result": "Advances to Scoring" }, "geometry": { "type": "Polygon", "coordinates": [ [ [ -76.673848, 39.341026 ], [ -76.672386, 39.344643 ], [ -76.668784, 39.346607 ], [ -76.659447, 39.346506 ], [ -76.659295, 39.344972 ], [ -76.657171, 39.342593 ], [ -76.658181, 39.340866 ], [ -76.663952, 39.340931 ], [ -76.667926, 39.338921 ], [ -76.668527, 39.339504 ], [ -76.673848, 39.341026 ] ] ] } },
{ "type": "Feature", "properties": { "geoid": "24510271700", "state": "Maryland", "county": "Baltimore city", "classification": "Less Likely", "oztoolclassification": "Less likely to attract OZ investment", "composite_score": 0.415804, "rank": 17, "recommended": 1, "jobs_2022": 6226.0, "povrate_2024": 0.234121, "median_hhincome_2024": 49091.0, "unemprate_2024": 0.084172, "vacancyrate_2024": 0.185916, "stackability_count": 1, "pop_2024": 4330.0, "median_homevalue_2024": 204900.0, "job_density_score": 0.293579, "dev_capacity_score": 0.116319, "market_momentum_score": 0.602898, "poverty_score": 0.836147, "income_score": 0.585742, "unemployment_score": 0.243573, "stackability_score": 0.333333, "stage1_result": "Advances to Scoring" }, "geometry": { "type": "Polygon", "coordinates": [ [ [ -76.683184, 39.351872 ], [ -76.672581, 39.356749 ], [ -76.670774, 39.356482 ], [ -76.670848, 39.356788 ], [ -76.665964, 39.357613 ], [ -76.663489, 39.355404 ], [ -76.660408, 39.355193 ], [ -76.659156, 39.347639 ], [ -76.659447, 39.346506 ], [ -76.668784, 39.346607 ], [ -76.671397, 39.345195 ], [ -76.67524, 39.348673 ], [ -76.681322, 39.350604 ], [ -76.683184, 39.351872 ] ] ] } },
{ "type": "Feature", "properties": { "geoid": "24001001800", "state": "Maryland", "county": "Allegany County", "classification": "Less Likely", "oztoolclassification": "Less likely to attract OZ investment", "composite_score": 0.326007, "rank": 115, "recommended": 0, "jobs_2022": 1624.0, "povrate_2024": 0.268569, "median_hhincome_2024": 47468.0, "unemprate_2024": 0.083379, "vacancyrate_2024": 0.173175, "stackability_count": 0, "pop_2024": 4098.0, "median_homevalue_2024": 218500.0, "job_density_score": 0.076298, "dev_capacity_score": 0.068804, "market_momentum_score": 0.716644, "poverty_score": 0.959177, "income_score": 0.600172, "unemployment_score": 0.24128, "stackability_score": 0.0, "stage1_result": "Advances to Scoring" }, "geometry": { "type": "Polygon", "coordinates": [ [ [ -78.96104, 39.665726 ], [ -78.954996, 39.676299 ], [ -78.947932, 39.676678 ], [ -78.94519, 39.676308 ], [ -78.943303, 39.675386 ], [ -78.938937, 39.671505 ], [ -78.936844, 39.666853 ], [ -78.931821, 39.660679 ], [ -78.927588, 39.656899 ], [ -78.923736, 39.655307 ], [ -78.929724, 39.648497 ], [ -78.928764, 39.647347 ], [ -78.929443, 39.645143 ], [ -78.929146, 39.639384 ], [ -78.932297, 39.634639 ], [ -78.933704, 39.633548 ], [ -78.934861, 39.633632 ], [ -78.940726, 39.63455 ], [ -78.94405, 39.635556 ], [ -78.947518, 39.637938 ], [ -78.953377, 39.643623 ], [ -78.954761, 39.645645 ], [ -78.955272, 39.648869 ], [ -78.954128, 39.654035 ], [ -78.95436, 39.657257 ], [ -78.955986, 39.660093 ], [ -78.959786, 39.663561 ], [ -78.96104, 39.665726 ] ] ] } },
{ "type": "Feature", "properties": { "geoid": "24001001600", "state": "Maryland", "county": "Allegany County", "classification": "Less Likely", "oztoolclassification": "Less likely to attract OZ investment", "composite_score": 0.228269, "rank": 281, "recommended": 0, "jobs_2022": 308.0, "povrate_2024": 0.137763, "median_hhincome_2024": 52049.0, "unemprate_2024": 0.062, "vacancyrate_2024": 0.186375, "stackability_count": 0, "pop_2024": 1299.0, "median_homevalue_2024": 181600.0, "job_density_score": 0.014164, "dev_capacity_score": 0.068804, "market_momentum_score": 0.716644, "poverty_score": 0.492012, "income_score": 0.559442, "unemployment_score": 0.179414, "stackability_score": 0.0, "stage1_result": "Advances to Scoring" }, "geometry": { "type": "Polygon", "coordinates": [ [ [ -78.954996, 39.676299 ], [ -78.928416, 39.722783 ], [ -78.903015, 39.722851 ], [ -78.904806, 39.722035 ], [ -78.907187, 39.718347 ], [ -78.911977, 39.71464 ], [ -78.912235, 39.712483 ], [ -78.909869, 39.708908 ], [ -78.909853, 39.706851 ], [ -78.910987, 39.705307 ], [ -78.914871, 39.702774 ], [ -78.916137, 39.701175 ], [ -78.916603, 39.698703 ], [ -78.915412, 39.695411 ], [ -78.915428, 39.69384 ], [ -78.915969, 39.692386 ], [ -78.918373, 39.689281 ], [ -78.917778, 39.687206 ], [ -78.91294, 39.683399 ], [ -78.910697, 39.68465 ], [ -78.905967, 39.684646 ], [ -78.904121, 39.685108 ], [ -78.899375, 39.684009 ], [ -78.898483, 39.684463 ], [ -78.894389, 39.684102 ], [ -78.890871, 39.684607 ], [ -78.891123, 39.683086 ], [ -78.890174, 39.681697 ], [ -78.891597, 39.679694 ], [ -78.895456, 39.678614 ], [ -78.896196, 39.677387 ], [ -78.892782, 39.674382 ], [ -78.893539, 39.67286 ], [ -78.895351, 39.671185 ], [ -78.897817, 39.670058 ], [ -78.905746, 39.669193 ], [ -78.909812, 39.667064 ], [ -78.915313, 39.666088 ], [ -78.916687, 39.664768 ], [ -78.916992, 39.661483 ], [ -78.917705, 39.660388 ], [ -78.919349, 39.659492 ], [ -78.921965, 39.659526 ], [ -78.922908, 39.658248 ], [ -78.924352, 39.657447 ], [ -78.923361, 39.65712 ], [ -78.925618, 39.656043 ], [ -78.927748, 39.65701 ], [ -78.932091, 39.660969 ], [ -78.936844, 39.666853 ], [ -78.938937, 39.671505 ], [ -78.943492, 39.675521 ], [ -78.94519, 39.676308 ], [ -78.947676, 39.676668 ], [ -78.954996, 39.676299 ] ] ] } },
{ "type": "Feature", "properties": { "geoid": "24001000200", "state": "Maryland", "county": "Allegany County", "classification": "Less Likely", "oztoolclassification": "Less likely to attract OZ investment", "composite_score": 0.232033, "rank": 276, "recommended": 0, "jobs_2022": 2727.0, "povrate_2024": 0.122518, "median_hhincome_2024": 67724.0, "unemprate_2024": 0.025733, "vacancyrate_2024": 0.135222, "stackability_count": 0, "pop_2024": 4030.0, "median_homevalue_2024": 186800.0, "job_density_score": 0.128376, "dev_capacity_score": 0.068804, "market_momentum_score": 0.716644, "poverty_score": 0.437563, "income_score": 0.420073, "unemployment_score": 0.074464, "stackability_score": 0.0, "stage1_result": "Advances to Scoring" }, "geometry": { "type": "Polygon", "coordinates": [ [ [ -78.778248, 39.601899 ], [ -78.776496, 39.604319 ], [ -78.770782, 39.606219 ], [ -78.767763, 39.608792 ], [ -78.76349, 39.609828 ], [ -78.751964, 39.610196 ], [ -78.750011, 39.609146 ], [ -78.748944, 39.605974 ], [ -78.747433, 39.605575 ], [ -78.746652, 39.605752 ], [ -78.742284, 39.609389 ], [ -78.738579, 39.60986 ], [ -78.733574, 39.613775 ], [ -78.733134, 39.614715 ], [ -78.73437, 39.619303 ], [ -78.736796, 39.622187 ], [ -78.740023, 39.623802 ], [ -78.7384, 39.627253 ], [ -78.737082, 39.626762 ], [ -78.737063, 39.625968 ], [ -78.736275, 39.625429 ], [ -78.735282, 39.626304 ], [ -78.730371, 39.625866 ], [ -78.727411, 39.626834 ], [ -78.725921, 39.6288 ], [ -78.724111, 39.62992 ], [ -78.723459, 39.632687 ], [ -78.721643, 39.634909 ], [ -78.717675, 39.634921 ], [ -78.716452, 39.639527 ], [ -78.713452, 39.645998 ], [ -78.712671, 39.646815 ], [ -78.713247, 39.649257 ], [ -78.71118, 39.652138 ], [ -78.710108, 39.652928 ], [ -78.710333, 39.654519 ], [ -78.709638, 39.656333 ], [ -78.706244, 39.656967 ], [ -78.708348, 39.657761 ], [ -78.709203, 39.659876 ], [ -78.707566, 39.662114 ], [ -78.707364, 39.664575 ], [ -78.706585, 39.664857 ], [ -78.70578, 39.669976 ], [ -78.704342, 39.673555 ], [ -78.705687, 39.674974 ], [ -78.707571, 39.675133 ], [ -78.708619, 39.676245 ], [ -78.705229, 39.67861 ], [ -78.703089, 39.679331 ], [ -78.700359, 39.679237 ], [ -78.697877, 39.678086 ], [ -78.698593, 39.679067 ], [ -78.700697, 39.680291 ], [ -78.700963, 39.681018 ], [ -78.699166, 39.685153 ], [ -78.697675, 39.686572 ], [ -78.697705, 39.688947 ], [ -78.696703, 39.691226 ], [ -78.696893, 39.69195 ], [ -78.702763, 39.69542 ], [ -78.70407, 39.695706 ], [ -78.704799, 39.695049 ], [ -78.706362, 39.69471 ], [ -78.709654, 39.69162 ], [ -78.71076, 39.695262 ], [ -78.710551, 39.69746 ], [ -78.711042, 39.698527 ], [ -78.711815, 39.699283 ], [ -78.714397, 39.699526 ], [ -78.717754, 39.700851 ], [ -78.71274, 39.706188 ], [ -78.710884, 39.709383 ], [ -78.708639, 39.710891 ], [ -78.707988, 39.712585 ], [ -78.706814, 39.713974 ], [ -78.705319, 39.714924 ], [ -78.703298, 39.715144 ], [ -78.703963, 39.720392 ], [ -78.706449, 39.722885 ], [ -78.633724, 39.722912 ], [ -78.634982, 39.72029 ], [ -78.63892, 39.714731 ], [ -78.641529, 39.706392 ], [ -78.643304, 39.703493 ], [ -78.647087, 39.700049 ], [ -78.648923, 39.696626 ], [ -78.650829, 39.695941 ], [ -78.649119, 39.693368 ], [ -78.643507, 39.69465 ], [ -78.643262, 39.694016 ], [ -78.645069, 39.688562 ], [ -78.638443, 39.687917 ], [ -78.635767, 39.686451 ], [ -78.637557, 39.679905 ], [ -78.637657, 39.676738 ], [ -78.639347, 39.672295 ], [ -78.646365, 39.669968 ], [ -78.649298, 39.670529 ], [ -78.650761, 39.671441 ], [ -78.653318, 39.672112 ], [ -78.656836, 39.668989 ], [ -78.656545, 39.667231 ], [ -78.657918, 39.664366 ], [ -78.660654, 39.662187 ], [ -78.660839, 39.661418 ], [ -78.660066, 39.658694 ], [ -78.662162, 39.655972 ], [ -78.663186, 39.653364 ], [ -78.665196, 39.651476 ], [ -78.666544, 39.649057 ], [ -78.665771, 39.644994 ], [ -78.66649, 39.643021 ], [ -78.661323, 39.64093 ], [ -78.659678, 39.640913 ], [ -78.656425, 39.639833 ], [ -78.650448, 39.639252 ], [ -78.64545, 39.635788 ], [ -78.64658, 39.632184 ], [ -78.645438, 39.629077 ], [ -78.645621, 39.627829 ], [ -78.647333, 39.626084 ], [ -78.647717, 39.623773 ], [ -78.64918, 39.621386 ], [ -78.651655, 39.619466 ], [ -78.651994, 39.618574 ], [ -78.65436, 39.616452 ], [ -78.656943, 39.610125 ], [ -78.657188, 39.606996 ], [ -78.656624, 39.604126 ], [ -78.653374, 39.598736 ], [ -78.653906, 39.595875 ], [ -78.655145, 39.593635 ], [ -78.654911, 39.591533 ], [ -78.654008, 39.589432 ], [ -78.654432, 39.585917 ], [ -78.656018, 39.581885 ], [ -78.655578, 39.579407 ], [ -78.655852, 39.570238 ], [ -78.65547, 39.569522 ], [ -78.656016, 39.566811 ], [ -78.655916, 39.564486 ], [ -78.655328, 39.563267 ], [ -78.651693, 39.559711 ], [ -78.647203, 39.557504 ], [ -78.6448, 39.55555 ], [ -78.643708, 39.555357 ], [ -78.64346, 39.554193 ], [ -78.636738, 39.552955 ], [ -78.634165, 39.550988 ], [ -78.633981, 39.550165 ], [ -78.629437, 39.548131 ], [ -78.627587, 39.546444 ], [ -78.62451, 39.545865 ], [ -78.615941, 39.540901 ], [ -78.611691, 39.540559 ], [ -78.611947, 39.539048 ], [ -78.613357, 39.537173 ], [ -78.61991, 39.539236 ], [ -78.627069, 39.539637 ], [ -78.62875, 39.539324 ], [ -78.62873, 39.537887 ], [ -78.630298, 39.53713 ], [ -78.644018, 39.536164 ], [ -78.654697, 39.534605 ], [ -78.66415, 39.536987 ], [ -78.667909, 39.540201 ], [ -78.672068, 39.540589 ], [ -78.675581, 39.540207 ], [ -78.68119, 39.543813 ], [ -78.689803, 39.545956 ], [ -78.691684, 39.549048 ], [ -78.691707, 39.551049 ], [ -78.695024, 39.553835 ], [ -78.69866, 39.554261 ], [ -78.703236, 39.555567 ], [ -78.70746, 39.555839 ], [ -78.709525, 39.55815 ], [ -78.711644, 39.559625 ], [ -78.712921, 39.562089 ], [ -78.714578, 39.562817 ], [ -78.720239, 39.563534 ], [ -78.723193, 39.563431 ], [ -78.724589, 39.563919 ], [ -78.727102, 39.569133 ], [ -78.731594, 39.57461 ], [ -78.73339, 39.586458 ], [ -78.735754, 39.586647 ], [ -78.736199, 39.586223 ], [ -78.737007, 39.586947 ], [ -78.740241, 39.586406 ], [ -78.742725, 39.583021 ], [ -78.743098, 39.580997 ], [ -78.74446, 39.580162 ], [ -78.747659, 39.579992 ], [ -78.751053, 39.581805 ], [ -78.752814, 39.581696 ], [ -78.755628, 39.580662 ], [ -78.756986, 39.580849 ], [ -78.760767, 39.582702 ], [ -78.767061, 39.587511 ], [ -78.768119, 39.589316 ], [ -78.768469, 39.591733 ], [ -78.77031, 39.595001 ], [ -78.772665, 39.596759 ], [ -78.7743, 39.597343 ], [ -78.778248, 39.601899 ] ] ] } },
{ "type": "Feature", "properties": { "geoid": "24001000800", "state": "Maryland", "county": "Allegany County", "classification": "Less Likely", "oztoolclassification": "Less likely to attract OZ investment", "composite_score": 0.285954, "rank": 181, "recommended": 0, "jobs_2022": 944.0, "povrate_2024": 0.376259, "median_hhincome_2024": 28056.0, "unemprate_2024": 0.073718, "vacancyrate_2024": 0.224335, "stackability_count": 0, "pop_2024": 1890.0, "median_homevalue_2024": 91300.0, "job_density_score": 0.044193, "dev_capacity_score": 0.068804, "market_momentum_score": 0.716644, "poverty_score": 0.656219, "income_score": 0.772768, "unemployment_score": 0.213323, "stackability_score": 0.0, "stage1_result": "Advances to Scoring" }, "geometry": { "type": "Polygon", "coordinates": [ [ [ -78.778523, 39.623927 ], [ -78.776152, 39.629973 ], [ -78.772635, 39.636885 ], [ -78.771141, 39.638385 ], [ -78.768492, 39.639315 ], [ -78.765294, 39.643658 ], [ -78.764658, 39.645892 ], [ -78.765226, 39.647323 ], [ -78.764264, 39.648997 ], [ -78.762553, 39.648801 ], [ -78.758162, 39.649421 ], [ -78.758205, 39.648197 ], [ -78.759345, 39.646389 ], [ -78.761634, 39.643637 ], [ -78.763219, 39.642543 ], [ -78.761538, 39.639728 ], [ -78.763095, 39.635369 ], [ -78.764949, 39.632436 ], [ -78.763031, 39.630809 ], [ -78.749687, 39.628284 ], [ -78.749397, 39.627807 ], [ -78.739161, 39.625559 ], [ -78.73998, 39.623927 ], [ -78.746767, 39.626722 ], [ -78.74834, 39.626725 ], [ -78.756561, 39.622825 ], [ -78.759715, 39.620346 ], [ -78.763727, 39.618812 ], [ -78.766708, 39.619842 ], [ -78.769709, 39.619569 ], [ -78.770491, 39.620854 ], [ -78.774357, 39.621818 ], [ -78.777026, 39.621692 ], [ -78.778275, 39.622703 ], [ -78.778523, 39.623927 ] ] ] } },
{ "type": "Feature", "properties": { "geoid": "24001000100", "state": "Maryland", "county": "Allegany County", "classification": "Less Likely", "oztoolclassification": "Less likely to attract OZ investment", "composite_score": 0.216215, "rank": 302, "recommended": 0, "jobs_2022": 169.0, "povrate_2024": 0.128606, "median_hhincome_2024": 63415.0, "unemprate_2024": 0.083277, "vacancyrate_2024": 0.304757, "stackability_count": 0, "pop_2024": 3334.0, "median_homevalue_2024": 199300.0, "job_density_score": 0.007602, "dev_capacity_score": 0.068804, "market_momentum_score": 0.716644, "poverty_score": 0.459306, "income_score": 0.458385, "unemployment_score": 0.240984, "stackability_score": 0.0, "stage1_result": "Advances to Scoring" }, "geometry": { "type": "Polygon", "coordinates": [ [ [ -78.666483, 39.649127 ], [ -78.665196, 39.651476 ], [ -78.663186, 39.653364 ], [ -78.662162, 39.655972 ], [ -78.660066, 39.658694 ], [ -78.660839, 39.661418 ], [ -78.660654, 39.662187 ], [ -78.657918, 39.664366 ], [ -78.656545, 39.667231 ], [ -78.656836, 39.668989 ], [ -78.653546, 39.671964 ], [ -78.651528, 39.671716 ], [ -78.649298, 39.670529 ], [ -78.646365, 39.669968 ], [ -78.639347, 39.672295 ], [ -78.637657, 39.676738 ], [ -78.637557, 39.679905 ], [ -78.635767, 39.686451 ], [ -78.638443, 39.687917 ], [ -78.645069, 39.688562 ], [ -78.643262, 39.694016 ], [ -78.643507, 39.69465 ], [ -78.649119, 39.693368 ], [ -78.650829, 39.695941 ], [ -78.648923, 39.696626 ], [ -78.647087, 39.700049 ], [ -78.643304, 39.703493 ], [ -78.641529, 39.706392 ], [ -78.63892, 39.714731 ], [ -78.634982, 39.72029 ], [ -78.633724, 39.722912 ], [ -78.576141, 39.722559 ], [ -78.545893, 39.722842 ], [ -78.537597, 39.722472 ], [ -78.408653, 39.722793 ], [ -78.353497, 39.722583 ], [ -78.345942, 39.722003 ], [ -78.344435, 39.722468 ], [ -78.342731, 39.722197 ], [ -78.343666, 39.721723 ], [ -78.345734, 39.721724 ], [ -78.346066, 39.721309 ], [ -78.345639, 39.720522 ], [ -78.343923, 39.717948 ], [ -78.34072, 39.716279 ], [ -78.338686, 39.716487 ], [ -78.336195, 39.719954 ], [ -78.333433, 39.718945 ], [ -78.33151, 39.714511 ], [ -78.329033, 39.712258 ], [ -78.329841, 39.711428 ], [ -78.330754, 39.711251 ], [ -78.3339, 39.71269 ], [ -78.334628, 39.711216 ], [ -78.334294, 39.709861 ], [ -78.326339, 39.706864 ], [ -78.320893, 39.702987 ], [ -78.318243, 39.702529 ], [ -78.317319, 39.699703 ], [ -78.319661, 39.696441 ], [ -78.319474, 39.695071 ], [ -78.317085, 39.693313 ], [ -78.314303, 39.693715 ], [ -78.31332, 39.692731 ], [ -78.313455, 39.691923 ], [ -78.316534, 39.689166 ], [ -78.322235, 39.689544 ], [ -78.322802, 39.689189 ], [ -78.323037, 39.688242 ], [ -78.32239, 39.687569 ], [ -78.316764, 39.686693 ], [ -78.315192, 39.685887 ], [ -78.314803, 39.685142 ], [ -78.315339, 39.683947 ], [ -78.316711, 39.683168 ], [ -78.319099, 39.683513 ], [ -78.321626, 39.684592 ], [ -78.322879, 39.683861 ], [ -78.322758, 39.68319 ], [ -78.321625, 39.682157 ], [ -78.319709, 39.682355 ], [ -78.31803, 39.681607 ], [ -78.318082, 39.68039 ], [ -78.321377, 39.67873 ], [ -78.321118, 39.678086 ], [ -78.31956, 39.677156 ], [ -78.319928, 39.676219 ], [ -78.320787, 39.676047 ], [ -78.324531, 39.677593 ], [ -78.326568, 39.67641 ], [ -78.330043, 39.678483 ], [ -78.330695, 39.678382 ], [ -78.33617, 39.680712 ], [ -78.338115, 39.680077 ], [ -78.341847, 39.67785 ], [ -78.343099, 39.676467 ], [ -78.343415, 39.675386 ], [ -78.340948, 39.673364 ], [ -78.340188, 39.671984 ], [ -78.336302, 39.670667 ], [ -78.335348, 39.667406 ], [ -78.333192, 39.66641 ], [ -78.333556, 39.663157 ], [ -78.334139, 39.662397 ], [ -78.339614, 39.6641 ], [ -78.342345, 39.663131 ], [ -78.344213, 39.661843 ], [ -78.350293, 39.660568 ], [ -78.353721, 39.66142 ], [ -78.355543, 39.663532 ], [ -78.357089, 39.663861 ], [ -78.357471, 39.663309 ], [ -78.356326, 39.661538 ], [ -78.354698, 39.66044 ], [ -78.354853, 39.660016 ], [ -78.357615, 39.659502 ], [ -78.361767, 39.660655 ], [ -78.360666, 39.660663 ], [ -78.361144, 39.661147 ], [ -78.363382, 39.66029 ], [ -78.363458, 39.659793 ], [ -78.362395, 39.658479 ], [ -78.358462, 39.657156 ], [ -78.357337, 39.657831 ], [ -78.35565, 39.656138 ], [ -78.353183, 39.655278 ], [ -78.347071, 39.654443 ], [ -78.343599, 39.653003 ], [ -78.340024, 39.652748 ], [ -78.339617, 39.652072 ], [ -78.339708, 39.650647 ], [ -78.34068, 39.648556 ], [ -78.345505, 39.649752 ], [ -78.346031, 39.649174 ], [ -78.342318, 39.644068 ], [ -78.336266, 39.642439 ], [ -78.33371, 39.640928 ], [ -78.334228, 39.638594 ], [ -78.333819, 39.636762 ], [ -78.335237, 39.637359 ], [ -78.345162, 39.638745 ], [ -78.351702, 39.640499 ], [ -78.35626, 39.640558 ], [ -78.358241, 39.639575 ], [ -78.359254, 39.637208 ], [ -78.358607, 39.635551 ], [ -78.35637, 39.634536 ], [ -78.353457, 39.630569 ], [ -78.353569, 39.628192 ], [ -78.355506, 39.626111 ], [ -78.358696, 39.6253 ], [ -78.36051, 39.625434 ], [ -78.364947, 39.626969 ], [ -78.369123, 39.629552 ], [ -78.373781, 39.630373 ], [ -78.379813, 39.629455 ], [ -78.381376, 39.628824 ], [ -78.382633, 39.627321 ], [ -78.383617, 39.623945 ], [ -78.383461, 39.623166 ], [ -78.380739, 39.619684 ], [ -78.37212, 39.612033 ], [ -78.372566, 39.610227 ], [ -78.373807, 39.609003 ], [ -78.378258, 39.607952 ], [ -78.383941, 39.608981 ], [ -78.391454, 39.612476 ], [ -78.394909, 39.615623 ], [ -78.396455, 39.616436 ], [ -78.397066, 39.616524 ], [ -78.396612, 39.616096 ], [ -78.396938, 39.616063 ], [ -78.421004, 39.624194 ], [ -78.42478, 39.624541 ], [ -78.429259, 39.623734 ], [ -78.432432, 39.62183 ], [ -78.433718, 39.619404 ], [ -78.432561, 39.616055 ], [ -78.425486, 39.607672 ], [ -78.421776, 39.604207 ], [ -78.411617, 39.597442 ], [ -78.402395, 39.593668 ], [ -78.398884, 39.591592 ], [ -78.396203, 39.58928 ], [ -78.394992, 39.587018 ], [ -78.394844, 39.585152 ], [ -78.395902, 39.583286 ], [ -78.399713, 39.580702 ], [ -78.403715, 39.57916 ], [ -78.407383, 39.578607 ], [ -78.413618, 39.579487 ], [ -78.418299, 39.580932 ], [ -78.41998, 39.581777 ], [ -78.423137, 39.584605 ], [ -78.426088, 39.586137 ], [ -78.443498, 39.591331 ], [ -78.445456, 39.591446 ], [ -78.450408, 39.590551 ], [ -78.453076, 39.589689 ], [ -78.456772, 39.587608 ], [ -78.457368, 39.586916 ], [ -78.458112, 39.58405 ], [ -78.45804, 39.579708 ], [ -78.454279, 39.574082 ], [ -78.449377, 39.570278 ], [ -78.441121, 39.566085 ], [ -78.437397, 39.563137 ], [ -78.42632, 39.559222 ], [ -78.419209, 39.551832 ], [ -78.417295, 39.549603 ], [ -78.417019, 39.54856 ], [ -78.417586, 39.547155 ], [ -78.41948, 39.545602 ], [ -78.421692, 39.544976 ], [ -78.424529, 39.54518 ], [ -78.426237, 39.54596 ], [ -78.428499, 39.548381 ], [ -78.43015, 39.551235 ], [ -78.431512, 39.552284 ], [ -78.435717, 39.553585 ], [ -78.437717, 39.553366 ], [ -78.439099, 39.551768 ], [ -78.439114, 39.550791 ], [ -78.438397, 39.549452 ], [ -78.436554, 39.548249 ], [ -78.435008, 39.544725 ], [ -78.434625, 39.542189 ], [ -78.435214, 39.54017 ], [ -78.436653, 39.538758 ], [ -78.437858, 39.538516 ], [ -78.440063, 39.539258 ], [ -78.442453, 39.54153 ], [ -78.446084, 39.546487 ], [ -78.448112, 39.548458 ], [ -78.45036, 39.54983 ], [ -78.452317, 39.55056 ], [ -78.457983, 39.551432 ], [ -78.461117, 39.550833 ], [ -78.461946, 39.54895 ], [ -78.461506, 39.547336 ], [ -78.460534, 39.546189 ], [ -78.455946, 39.544405 ], [ -78.449919, 39.543385 ], [ -78.448565, 39.54209 ], [ -78.448522, 39.540366 ], [ -78.449223, 39.538681 ], [ -78.450188, 39.538011 ], [ -78.458004, 39.538349 ], [ -78.460595, 39.537598 ], [ -78.462367, 39.536362 ], [ -78.463033, 39.535374 ], [ -78.462969, 39.533398 ], [ -78.461316, 39.530697 ], [ -78.460727, 39.528578 ], [ -78.460804, 39.525361 ], [ -78.461788, 39.522254 ], [ -78.463134, 39.520327 ], [ -78.46623, 39.517796 ], [ -78.468923, 39.516483 ], [ -78.47112, 39.516015 ], [ -78.475415, 39.516316 ], [ -78.480768, 39.518977 ], [ -78.483639, 39.519541 ], [ -78.486942, 39.519095 ], [ -78.488656, 39.517914 ], [ -78.490003, 39.51765 ], [ -78.491633, 39.518302 ], [ -78.493688, 39.518182 ], [ -78.499919, 39.519052 ], [ -78.503279, 39.518582 ], [ -78.515028, 39.523144 ], [ -78.523086, 39.524854 ], [ -78.528268, 39.524702 ], [ -78.53007, 39.523012 ], [ -78.536364, 39.523216 ], [ -78.542496, 39.521538 ], [ -78.545927, 39.521412 ], [ -78.54692, 39.520841 ], [ -78.550825, 39.520864 ], [ -78.554128, 39.521682 ], [ -78.558374, 39.521353 ], [ -78.566115, 39.519371 ], [ -78.57265, 39.522401 ], [ -78.578599, 39.526731 ], [ -78.582739, 39.527642 ], [ -78.587606, 39.527721 ], [ -78.592198, 39.531697 ], [ -78.590058, 39.535431 ], [ -78.590144, 39.536232 ], [ -78.590768, 39.536693 ], [ -78.592788, 39.536934 ], [ -78.595993, 39.536061 ], [ -78.598374, 39.53494 ], [ -78.601648, 39.532381 ], [ -78.60396, 39.532149 ], [ -78.6053, 39.532835 ], [ -78.606875, 39.535206 ], [ -78.610222, 39.535556 ], [ -78.613357, 39.537173 ], [ -78.611947, 39.539048 ], [ -78.611691, 39.540559 ], [ -78.615941, 39.540901 ], [ -78.62451, 39.545865 ], [ -78.627587, 39.546444 ], [ -78.629437, 39.548131 ], [ -78.633981, 39.550165 ], [ -78.634165, 39.550988 ], [ -78.636738, 39.552955 ], [ -78.64346, 39.554193 ], [ -78.643708, 39.555357 ], [ -78.6448, 39.55555 ], [ -78.647203, 39.557504 ], [ -78.651693, 39.559711 ], [ -78.654846, 39.562608 ], [ -78.655916, 39.564486 ], [ -78.656016, 39.566811 ], [ -78.65547, 39.569522 ], [ -78.655852, 39.570238 ], [ -78.655578, 39.579407 ], [ -78.656018, 39.581885 ], [ -78.654432, 39.585917 ], [ -78.654008, 39.589432 ], [ -78.654911, 39.591533 ], [ -78.655145, 39.593635 ], [ -78.653906, 39.595875 ], [ -78.653374, 39.598736 ], [ -78.656165, 39.602995 ], [ -78.657192, 39.607153 ], [ -78.656812, 39.610771 ], [ -78.65436, 39.616452 ], [ -78.651994, 39.618574 ], [ -78.651655, 39.619466 ], [ -78.64918, 39.621386 ], [ -78.647717, 39.623773 ], [ -78.647333, 39.626084 ], [ -78.645621, 39.627829 ], [ -78.645438, 39.629077 ], [ -78.64658, 39.632184 ], [ -78.64545, 39.635788 ], [ -78.650448, 39.639252 ], [ -78.656425, 39.639833 ], [ -78.659678, 39.640913 ], [ -78.661323, 39.64093 ], [ -78.66649, 39.643021 ], [ -78.665771, 39.644994 ], [ -78.666483, 39.649127 ] ] ] } },
{ "type": "Feature", "properties": { "geoid": "24001002000", "state": "Maryland", "county": "Allegany County", "classification": "Less Likely", "oztoolclassification": "Less likely to attract OZ investment", "composite_score": 0.158514, "rank": 348, "recommended": 0, "jobs_2022": 1141.0, "povrate_2024": 0.035107, "median_hhincome_2024": 65778.0, "unemprate_2024": 0.0, "vacancyrate_2024": 0.095901, "stackability_count": 0, "pop_2024": 5369.0, "median_homevalue_2024": 163100.0, "job_density_score": 0.053494, "dev_capacity_score": 0.068804, "market_momentum_score": 0.716644, "poverty_score": 0.125383, "income_score": 0.437375, "unemployment_score": 0.0, "stackability_score": 0.0, "stage1_result": "Advances to Scoring" }, "geometry": { "type": "Polygon", "coordinates": [ [ [ -78.964374, 39.510371 ], [ -78.962778, 39.513328 ], [ -78.962997, 39.514389 ], [ -78.959922, 39.517364 ], [ -78.948234, 39.531082 ], [ -78.93988, 39.544285 ], [ -78.93405, 39.547223 ], [ -78.930183, 39.551015 ], [ -78.925027, 39.557176 ], [ -78.917259, 39.56248 ], [ -78.914657, 39.565628 ], [ -78.897074, 39.582207 ], [ -78.887548, 39.594368 ], [ -78.877428, 39.611496 ], [ -78.874741, 39.610174 ], [ -78.872894, 39.608229 ], [ -78.868245, 39.607611 ], [ -78.867072, 39.606316 ], [ -78.866873, 39.605415 ], [ -78.864069, 39.604609 ], [ -78.864202, 39.602732 ], [ -78.863222, 39.602172 ], [ -78.863328, 39.60159 ], [ -78.864208, 39.60103 ], [ -78.864023, 39.600426 ], [ -78.861034, 39.598807 ], [ -78.859147, 39.599061 ], [ -78.855051, 39.597788 ], [ -78.848734, 39.597647 ], [ -78.847528, 39.598153 ], [ -78.845421, 39.600531 ], [ -78.843419, 39.599845 ], [ -78.842248, 39.598747 ], [ -78.836755, 39.598335 ], [ -78.835142, 39.597698 ], [ -78.83452, 39.595787 ], [ -78.829995, 39.595308 ], [ -78.821048, 39.598431 ], [ -78.817046, 39.600304 ], [ -78.812085, 39.600337 ], [ -78.811809, 39.598283 ], [ -78.812238, 39.597583 ], [ -78.818399, 39.594059 ], [ -78.817865, 39.59186 ], [ -78.819332, 39.589889 ], [ -78.824462, 39.590318 ], [ -78.825515, 39.589533 ], [ -78.825968, 39.588183 ], [ -78.826486, 39.583019 ], [ -78.825885, 39.580048 ], [ -78.826138, 39.57716 ], [ -78.824852, 39.576517 ], [ -78.821572, 39.576909 ], [ -78.819905, 39.576333 ], [ -78.818322, 39.574301 ], [ -78.814853, 39.571287 ], [ -78.813222, 39.567208 ], [ -78.815846, 39.562881 ], [ -78.817641, 39.561388 ], [ -78.821933, 39.560621 ], [ -78.827766, 39.563341 ], [ -78.82831, 39.56433 ], [ -78.829459, 39.564994 ], [ -78.838278, 39.567249 ], [ -78.839937, 39.566519 ], [ -78.84326, 39.562784 ], [ -78.844354, 39.562382 ], [ -78.845611, 39.562739 ], [ -78.847227, 39.562508 ], [ -78.850283, 39.560742 ], [ -78.851171, 39.559538 ], [ -78.850828, 39.556633 ], [ -78.851255, 39.553723 ], [ -78.852055, 39.550972 ], [ -78.853481, 39.549267 ], [ -78.861431, 39.540965 ], [ -78.863721, 39.5408 ], [ -78.870687, 39.538767 ], [ -78.870967, 39.535692 ], [ -78.871379, 39.535684 ], [ -78.869998, 39.534109 ], [ -78.869357, 39.531793 ], [ -78.875149, 39.522665 ], [ -78.876989, 39.521551 ], [ -78.878744, 39.521274 ], [ -78.887052, 39.522964 ], [ -78.888916, 39.524912 ], [ -78.891886, 39.524778 ], [ -78.893102, 39.523996 ], [ -78.89361, 39.522906 ], [ -78.891153, 39.51837 ], [ -78.891538, 39.51531 ], [ -78.892391, 39.513279 ], [ -78.893245, 39.512547 ], [ -78.897007, 39.512307 ], [ -78.903822, 39.512583 ], [ -78.905513, 39.511545 ], [ -78.904052, 39.507777 ], [ -78.903747, 39.505361 ], [ -78.904081, 39.504072 ], [ -78.907767, 39.497839 ], [ -78.90985, 39.495834 ], [ -78.913244, 39.494594 ], [ -78.914054, 39.493039 ], [ -78.914371, 39.490583 ], [ -78.91672, 39.48632 ], [ -78.918316, 39.486037 ], [ -78.925509, 39.487288 ], [ -78.931678, 39.486794 ], [ -78.934298, 39.486284 ], [ -78.935846, 39.48478 ], [ -78.94002, 39.482625 ], [ -78.941197, 39.48338 ], [ -78.941134, 39.486247 ], [ -78.941779, 39.487452 ], [ -78.941473, 39.487981 ], [ -78.933239, 39.501637 ], [ -78.927744, 39.505926 ], [ -78.934679, 39.51072 ], [ -78.937968, 39.510954 ], [ -78.940856, 39.512386 ], [ -78.94306, 39.51499 ], [ -78.944767, 39.515965 ], [ -78.947271, 39.516263 ], [ -78.951351, 39.519763 ], [ -78.951906, 39.519926 ], [ -78.952477, 39.519317 ], [ -78.955352, 39.515295 ], [ -78.957985, 39.51456 ], [ -78.959203, 39.513665 ], [ -78.962437, 39.509401 ], [ -78.961999, 39.510406 ], [ -78.963149, 39.510822 ], [ -78.964374, 39.510371 ] ] ] } },
{ "type": "Feature", "properties": { "geoid": "24001001402", "state": "Maryland", "county": "Allegany County", "classification": "Less Likely", "oztoolclassification": "Less likely to attract OZ investment", "composite_score": 0.151429, "rank": 351, "recommended": 0, "jobs_2022": 485.0, "povrate_2024": 0.037518, "median_hhincome_2024": 73500.0, "unemprate_2024": 0.033613, "vacancyrate_2024": 0.14094, "stackability_count": 0, "pop_2024": 1399.0, "median_homevalue_2024": 158700.0, "job_density_score": 0.022521, "dev_capacity_score": 0.068804, "market_momentum_score": 0.716644, "poverty_score": 0.133993, "income_score": 0.368717, "unemployment_score": 0.09727, "stackability_score": 0.0, "stage1_result": "Advances to Scoring" }, "geometry": { "type": "Polygon", "coordinates": [ [ [ -78.830382, 39.639004 ], [ -78.825807, 39.64114 ], [ -78.810765, 39.655799 ], [ -78.807643, 39.657402 ], [ -78.801413, 39.665837 ], [ -78.798306, 39.667578 ], [ -78.79526, 39.668242 ], [ -78.790397, 39.670193 ], [ -78.79097, 39.670516 ], [ -78.790333, 39.670759 ], [ -78.789654, 39.670235 ], [ -78.79084, 39.667285 ], [ -78.80375, 39.652296 ], [ -78.810063, 39.647307 ], [ -78.813067, 39.644013 ], [ -78.812346, 39.641154 ], [ -78.813987, 39.64155 ], [ -78.815703, 39.641244 ], [ -78.823583, 39.63636 ], [ -78.826217, 39.635569 ], [ -78.829508, 39.635243 ], [ -78.829311, 39.636713 ], [ -78.830382, 39.639004 ] ] ] } },
{ "type": "Feature", "properties": { "geoid": "24001001300", "state": "Maryland", "county": "Allegany County", "classification": "Less Likely", "oztoolclassification": "Less likely to attract OZ investment", "composite_score": 0.23422, "rank": 273, "recommended": 0, "jobs_2022": 1608.0, "povrate_2024": 0.137197, "median_hhincome_2024": 63750.0, "unemprate_2024": 0.054415, "vacancyrate_2024": 0.128385, "stackability_count": 0, "pop_2024": 4972.0, "median_homevalue_2024": 138200.0, "job_density_score": 0.075543, "dev_capacity_score": 0.068804, "market_momentum_score": 0.716644, "poverty_score": 0.489988, "income_score": 0.455406, "unemployment_score": 0.157464, "stackability_score": 0.0, "stage1_result": "Advances to Scoring" }, "geometry": { "type": "Polygon", "coordinates": [ [ [ -78.83446, 39.595872 ], [ -78.832542, 39.599105 ], [ -78.828544, 39.61277 ], [ -78.821144, 39.629886 ], [ -78.812438, 39.640285 ], [ -78.81147, 39.640878 ], [ -78.804919, 39.641063 ], [ -78.799596, 39.640483 ], [ -78.793935, 39.643465 ], [ -78.788006, 39.645405 ], [ -78.791037, 39.643711 ], [ -78.794193, 39.639716 ], [ -78.797063, 39.637933 ], [ -78.794954, 39.637212 ], [ -78.795369, 39.636385 ], [ -78.794097, 39.634559 ], [ -78.796702, 39.632123 ], [ -78.797653, 39.629137 ], [ -78.798647, 39.628708 ], [ -78.80082, 39.628901 ], [ -78.801601, 39.627896 ], [ -78.801225, 39.6257 ], [ -78.798106, 39.619909 ], [ -78.797367, 39.616106 ], [ -78.796659, 39.61583 ], [ -78.795785, 39.613402 ], [ -78.795247, 39.608921 ], [ -78.796462, 39.605902 ], [ -78.797861, 39.605011 ], [ -78.799823, 39.605035 ], [ -78.801575, 39.606763 ], [ -78.806344, 39.60721 ], [ -78.808885, 39.608248 ], [ -78.809432, 39.607767 ], [ -78.812085, 39.600337 ], [ -78.817046, 39.600304 ], [ -78.821048, 39.598431 ], [ -78.829995, 39.595308 ], [ -78.83446, 39.595872 ] ] ] } },
{ "type": "Feature", "properties": { "geoid": "24001002200", "state": "Maryland", "county": "Allegany County", "classification": "Less Likely", "oztoolclassification": "Less likely to attract OZ investment", "composite_score": 0.24682, "rank": 246, "recommended": 0, "jobs_2022": 448.0, "povrate_2024": 0.189205, "median_hhincome_2024": 49911.0, "unemprate_2024": 0.006316, "vacancyrate_2024": 0.189873, "stackability_count": 0, "pop_2024": 3577.0, "median_homevalue_2024": 102100.0, "job_density_score": 0.020774, "dev_capacity_score": 0.068804, "market_momentum_score": 0.716644, "poverty_score": 0.675731, "income_score": 0.578451, "unemployment_score": 0.018276, "stackability_score": 0.0, "stage1_result": "Advances to Scoring" }, "geometry": { "type": "Polygon", "coordinates": [ [ [ -79.067559, 39.479443 ], [ -79.041686, 39.524703 ], [ -79.040933, 39.523574 ], [ -79.03914, 39.523338 ], [ -79.037509, 39.522086 ], [ -79.036602, 39.522032 ], [ -79.035454, 39.520659 ], [ -79.033717, 39.520774 ], [ -79.033228, 39.519845 ], [ -79.029563, 39.518642 ], [ -79.028883, 39.518087 ], [ -79.028544, 39.515836 ], [ -79.024018, 39.511636 ], [ -79.02245, 39.513104 ], [ -79.019373, 39.521021 ], [ -79.018795, 39.521307 ], [ -79.018483, 39.523165 ], [ -79.01742, 39.522841 ], [ -79.01644, 39.522025 ], [ -79.01488, 39.521651 ], [ -79.014164, 39.520519 ], [ -79.015605, 39.515927 ], [ -79.01163, 39.514308 ], [ -79.010528, 39.512391 ], [ -79.009409, 39.511458 ], [ -79.006626, 39.51114 ], [ -79.004716, 39.509323 ], [ -78.999029, 39.509069 ], [ -78.995022, 39.506791 ], [ -78.991587, 39.506431 ], [ -78.989509, 39.505165 ], [ -78.986635, 39.504421 ], [ -78.98295, 39.506076 ], [ -78.98078, 39.509602 ], [ -78.979687, 39.510132 ], [ -78.979784, 39.511098 ], [ -78.973997, 39.514823 ], [ -78.969337, 39.513828 ], [ -78.965637, 39.515487 ], [ -78.962997, 39.514389 ], [ -78.962778, 39.513328 ], [ -78.964469, 39.510705 ], [ -78.964374, 39.510371 ], [ -78.963149, 39.510822 ], [ -78.961999, 39.510406 ], [ -78.962437, 39.509401 ], [ -78.959203, 39.513665 ], [ -78.957985, 39.51456 ], [ -78.955352, 39.515295 ], [ -78.951906, 39.519926 ], [ -78.947271, 39.516263 ], [ -78.944767, 39.515965 ], [ -78.94306, 39.51499 ], [ -78.940856, 39.512386 ], [ -78.937968, 39.510954 ], [ -78.934679, 39.51072 ], [ -78.927744, 39.505926 ], [ -78.933239, 39.501637 ], [ -78.941779, 39.487452 ], [ -78.941117, 39.486124 ], [ -78.941437, 39.483735 ], [ -78.940286, 39.482647 ], [ -78.942259, 39.480962 ], [ -78.942612, 39.480023 ], [ -78.940999, 39.476741 ], [ -78.939213, 39.475602 ], [ -78.93852, 39.474572 ], [ -78.940087, 39.471405 ], [ -78.942492, 39.46895 ], [ -78.946145, 39.466264 ], [ -78.949365, 39.465418 ], [ -78.952547, 39.463537 ], [ -78.952006, 39.464051 ], [ -78.953681, 39.463702 ], [ -78.95754, 39.463903 ], [ -78.959008, 39.462677 ], [ -78.959297, 39.461254 ], [ -78.958962, 39.459758 ], [ -78.955355, 39.455552 ], [ -78.954487, 39.455081 ], [ -78.954297, 39.454404 ], [ -78.956293, 39.452721 ], [ -78.959961, 39.451644 ], [ -78.960537, 39.450909 ], [ -78.958197, 39.448871 ], [ -78.955953, 39.447839 ], [ -78.955549, 39.441454 ], [ -78.956791, 39.44022 ], [ -78.962797, 39.439537 ], [ -78.964699, 39.438289 ], [ -78.965681, 39.43847 ], [ -78.968352, 39.440781 ], [ -78.969645, 39.443431 ], [ -78.974089, 39.445197 ], [ -78.977735, 39.448333 ], [ -78.979687, 39.448798 ], [ -78.980336, 39.449532 ], [ -78.983805, 39.450958 ], [ -78.989989, 39.45235 ], [ -78.996942, 39.455274 ], [ -78.998411, 39.456438 ], [ -78.999664, 39.45639 ], [ -79.003248, 39.458696 ], [ -79.010924, 39.461121 ], [ -79.011504, 39.462195 ], [ -79.014279, 39.464714 ], [ -79.016204, 39.465733 ], [ -79.018031, 39.467656 ], [ -79.019211, 39.46763 ], [ -79.021955, 39.466286 ], [ -79.027273, 39.464972 ], [ -79.029403, 39.464825 ], [ -79.030876, 39.465254 ], [ -79.033719, 39.46698 ], [ -79.03542, 39.469493 ], [ -79.036171, 39.470979 ], [ -79.035902, 39.473274 ], [ -79.037023, 39.476653 ], [ -79.037324, 39.476324 ], [ -79.044432, 39.479795 ], [ -79.046746, 39.483259 ], [ -79.05008, 39.483214 ], [ -79.052748, 39.481678 ], [ -79.053369, 39.480617 ], [ -79.053382, 39.478664 ], [ -79.054965, 39.472288 ], [ -79.056458, 39.470744 ], [ -79.058869, 39.470975 ], [ -79.060977, 39.471877 ], [ -79.064224, 39.478442 ], [ -79.06623, 39.479944 ], [ -79.067559, 39.479443 ] ] ] } },
{ "type": "Feature", "properties": { "geoid": "24001000600", "state": "Maryland", "county": "Allegany County", "classification": "Less Likely", "oztoolclassification": "Less likely to attract OZ investment", "composite_score": 0.222483, "rank": 291, "recommended": 0, "jobs_2022": 657.0, "povrate_2024": 0.133824, "median_hhincome_2024": 52250.0, "unemprate_2024": 0.025542, "vacancyrate_2024": 0.114829, "stackability_count": 0, "pop_2024": 2830.0, "median_homevalue_2024": 128500.0, "job_density_score": 0.030642, "dev_capacity_score": 0.068804, "market_momentum_score": 0.716644, "poverty_score": 0.477941, "income_score": 0.557655, "unemployment_score": 0.073912, "stackability_score": 0.0, "stage1_result": "Advances to Scoring" }, "geometry": { "type": "Polygon", "coordinates": [ [ [ -78.763219, 39.642543 ], [ -78.760888, 39.644467 ], [ -78.758205, 39.648197 ], [ -78.755104, 39.647808 ], [ -78.752813, 39.644625 ], [ -78.744485, 39.646513 ], [ -78.742028, 39.646475 ], [ -78.736907, 39.645632 ], [ -78.735232, 39.644632 ], [ -78.7335, 39.640955 ], [ -78.733541, 39.637671 ], [ -78.732401, 39.636509 ], [ -78.726811, 39.635623 ], [ -78.719405, 39.637816 ], [ -78.717939, 39.637287 ], [ -78.717417, 39.636165 ], [ -78.717675, 39.634921 ], [ -78.721643, 39.634909 ], [ -78.723459, 39.632687 ], [ -78.724111, 39.62992 ], [ -78.725921, 39.6288 ], [ -78.727411, 39.626834 ], [ -78.730371, 39.625866 ], [ -78.735282, 39.626304 ], [ -78.736275, 39.625429 ], [ -78.737063, 39.625968 ], [ -78.737082, 39.626762 ], [ -78.741831, 39.628404 ], [ -78.74153, 39.629464 ], [ -78.745158, 39.635252 ], [ -78.752788, 39.638834 ], [ -78.754948, 39.63916 ], [ -78.760287, 39.638728 ], [ -78.761538, 39.639728 ], [ -78.763219, 39.642543 ] ] ] } },
{ "type": "Feature", "properties": { "geoid": "24001001700", "state": "Maryland", "county": "Allegany County", "classification": "Less Likely", "oztoolclassification": "Less likely to attract OZ investment", "composite_score": 0.2626, "rank": 216, "recommended": 0, "jobs_2022": 851.0, "povrate_2024": 0.207012, "median_hhincome_2024": 58840.0, "unemprate_2024": 0.042908, "vacancyrate_2024": 0.098361, "stackability_count": 0, "pop_2024": 4382.0, "median_homevalue_2024": 152900.0, "job_density_score": 0.039802, "dev_capacity_score": 0.068804, "market_momentum_score": 0.716644, "poverty_score": 0.739327, "income_score": 0.499062, "unemployment_score": 0.124165, "stackability_score": 0.0, "stage1_result": "Advances to Scoring" }, "geometry": { "type": "Polygon", "coordinates": [ [ [ -78.933666, 39.633576 ], [ -78.932033, 39.634914 ], [ -78.929146, 39.639384 ], [ -78.929443, 39.645143 ], [ -78.928764, 39.647347 ], [ -78.929724, 39.648497 ], [ -78.923736, 39.655307 ], [ -78.925618, 39.656043 ], [ -78.923341, 39.657172 ], [ -78.924335, 39.657475 ], [ -78.922908, 39.658248 ], [ -78.921965, 39.659526 ], [ -78.919349, 39.659492 ], [ -78.917877, 39.660221 ], [ -78.916992, 39.661483 ], [ -78.916687, 39.664768 ], [ -78.915313, 39.666088 ], [ -78.909812, 39.667064 ], [ -78.905746, 39.669193 ], [ -78.897817, 39.670058 ], [ -78.895351, 39.671185 ], [ -78.889024, 39.67749 ], [ -78.887365, 39.677874 ], [ -78.883937, 39.677459 ], [ -78.881845, 39.678251 ], [ -78.881295, 39.679125 ], [ -78.881301, 39.680332 ], [ -78.883756, 39.683084 ], [ -78.884347, 39.687538 ], [ -78.883546, 39.688721 ], [ -78.878674, 39.691591 ], [ -78.875014, 39.692282 ], [ -78.871827, 39.693765 ], [ -78.870444, 39.693924 ], [ -78.868823, 39.693392 ], [ -78.867399, 39.691384 ], [ -78.865677, 39.690534 ], [ -78.863635, 39.690767 ], [ -78.860993, 39.692209 ], [ -78.859147, 39.692118 ], [ -78.857904, 39.691148 ], [ -78.857234, 39.688381 ], [ -78.858707, 39.683821 ], [ -78.857988, 39.682855 ], [ -78.856176, 39.682354 ], [ -78.854881, 39.682646 ], [ -78.854022, 39.683421 ], [ -78.853306, 39.68781 ], [ -78.852752, 39.688811 ], [ -78.846364, 39.695701 ], [ -78.844515, 39.696773 ], [ -78.839662, 39.697435 ], [ -78.836018, 39.698888 ], [ -78.834677, 39.69896 ], [ -78.828297, 39.696133 ], [ -78.825625, 39.695519 ], [ -78.833595, 39.681156 ], [ -78.837974, 39.675098 ], [ -78.842491, 39.667461 ], [ -78.847602, 39.664115 ], [ -78.849555, 39.660629 ], [ -78.853111, 39.657478 ], [ -78.853965, 39.65599 ], [ -78.855006, 39.652102 ], [ -78.861541, 39.642511 ], [ -78.865685, 39.643219 ], [ -78.866948, 39.642834 ], [ -78.867908, 39.643449 ], [ -78.870379, 39.643398 ], [ -78.873959, 39.644115 ], [ -78.877336, 39.64301 ], [ -78.877195, 39.642655 ], [ -78.876105, 39.642832 ], [ -78.876968, 39.641384 ], [ -78.876753, 39.640871 ], [ -78.883604, 39.64099 ], [ -78.892558, 39.639518 ], [ -78.913825, 39.632367 ], [ -78.923629, 39.633521 ], [ -78.933666, 39.633576 ] ] ] } },
{ "type": "Feature", "properties": { "geoid": "24001001502", "state": "Maryland", "county": "Allegany County", "classification": "Less Likely", "oztoolclassification": "Less likely to attract OZ investment", "composite_score": 0.198062, "rank": 322, "recommended": 0, "jobs_2022": 517.0, "povrate_2024": 0.120947, "median_hhincome_2024": 70345.0, "unemprate_2024": 0.027911, "vacancyrate_2024": 0.049438, "stackability_count": 0, "pop_2024": 1943.0, "median_homevalue_2024": 150600.0, "job_density_score": 0.024032, "dev_capacity_score": 0.068804, "market_momentum_score": 0.716644, "poverty_score": 0.431954, "income_score": 0.396769, "unemployment_score": 0.080769, "stackability_score": 0.0, "stage1_result": "Advances to Scoring" }, "geometry": { "type": "Polygon", "coordinates": [ [ [ -78.825, 39.698578 ], [ -78.824032, 39.698443 ], [ -78.824622, 39.698925 ], [ -78.82387, 39.700374 ], [ -78.823785, 39.704157 ], [ -78.822968, 39.706435 ], [ -78.823274, 39.70783 ], [ -78.821898, 39.708286 ], [ -78.820187, 39.708011 ], [ -78.817225, 39.709155 ], [ -78.811073, 39.716114 ], [ -78.811962, 39.721099 ], [ -78.815374, 39.722898 ], [ -78.742523, 39.722988 ], [ -78.749633, 39.715026 ], [ -78.756179, 39.705154 ], [ -78.760116, 39.698272 ], [ -78.766799, 39.690208 ], [ -78.769836, 39.685184 ], [ -78.778823, 39.676391 ], [ -78.780441, 39.674285 ], [ -78.782539, 39.672687 ], [ -78.785743, 39.672187 ], [ -78.788528, 39.6707 ], [ -78.788577, 39.669781 ], [ -78.79212, 39.671336 ], [ -78.793557, 39.673364 ], [ -78.79386, 39.675495 ], [ -78.792877, 39.677811 ], [ -78.785911, 39.688152 ], [ -78.785609, 39.689259 ], [ -78.786408, 39.69058 ], [ -78.788178, 39.691182 ], [ -78.789878, 39.690682 ], [ -78.801225, 39.681226 ], [ -78.803918, 39.678215 ], [ -78.805208, 39.67773 ], [ -78.807039, 39.677839 ], [ -78.808322, 39.678718 ], [ -78.808831, 39.679792 ], [ -78.808189, 39.683323 ], [ -78.808787, 39.686422 ], [ -78.813572, 39.688499 ], [ -78.815444, 39.693035 ], [ -78.816654, 39.694388 ], [ -78.8197, 39.695721 ], [ -78.823156, 39.695458 ], [ -78.822072, 39.697398 ], [ -78.824516, 39.697876 ], [ -78.825, 39.698578 ] ] ] } },
{ "type": "Feature", "properties": { "geoid": "24001000500", "state": "Maryland", "county": "Allegany County", "classification": "Less Likely", "oztoolclassification": "Less likely to attract OZ investment", "composite_score": 0.339471, "rank": 93, "recommended": 1, "jobs_2022": 3431.0, "povrate_2024": 0.335771, "median_hhincome_2024": 34545.0, "unemprate_2024": 0.083955, "vacancyrate_2024": 0.314734, "stackability_count": 0, "pop_2024": 2108.0, "median_homevalue_2024": 108200.0, "job_density_score": 0.161615, "dev_capacity_score": 0.068804, "market_momentum_score": 0.716644, "poverty_score": 0.80082, "income_score": 0.715073, "unemployment_score": 0.242947, "stackability_score": 0.0, "stage1_result": "Advances to Scoring" }, "geometry": { "type": "Polygon", "coordinates": [ [ [ -78.758587, 39.652297 ], [ -78.756601, 39.654507 ], [ -78.752518, 39.657373 ], [ -78.750077, 39.657536 ], [ -78.748128, 39.656927 ], [ -78.740222, 39.664389 ], [ -78.735943, 39.667246 ], [ -78.732146, 39.671884 ], [ -78.730699, 39.672861 ], [ -78.72779, 39.673403 ], [ -78.717954, 39.673766 ], [ -78.713993, 39.673015 ], [ -78.712345, 39.673585 ], [ -78.708619, 39.676245 ], [ -78.707571, 39.675133 ], [ -78.705687, 39.674974 ], [ -78.704361, 39.673626 ], [ -78.70578, 39.669976 ], [ -78.706585, 39.664857 ], [ -78.707364, 39.664575 ], [ -78.707566, 39.662114 ], [ -78.709203, 39.659876 ], [ -78.708348, 39.657761 ], [ -78.706256, 39.656913 ], [ -78.709638, 39.656333 ], [ -78.710333, 39.654519 ], [ -78.710108, 39.652928 ], [ -78.71118, 39.652138 ], [ -78.713247, 39.649257 ], [ -78.712671, 39.646815 ], [ -78.713452, 39.645998 ], [ -78.716452, 39.639527 ], [ -78.71691, 39.636803 ], [ -78.717413, 39.636241 ], [ -78.718116, 39.637432 ], [ -78.719405, 39.637816 ], [ -78.726811, 39.635623 ], [ -78.73202, 39.636358 ], [ -78.733541, 39.637671 ], [ -78.7335, 39.640955 ], [ -78.735867, 39.645193 ], [ -78.74375, 39.6466 ], [ -78.752813, 39.644625 ], [ -78.755104, 39.647808 ], [ -78.758205, 39.648197 ], [ -78.758101, 39.650819 ], [ -78.758587, 39.652297 ] ] ] } },
{ "type": "Feature", "properties": { "geoid": "24510140100", "state": "Maryland", "county": "Baltimore city", "classification": "Less Likely", "oztoolclassification": "Less likely to attract OZ investment", "composite_score": null, "rank": null, "recommended": 0, "jobs_2022": 1109.0, "povrate_2024": 0.213443, "median_hhincome_2024": 66503.0, "unemprate_2024": 0.020066, "vacancyrate_2024": 0.094584, "stackability_count": 1, "pop_2024": 4168.0, "median_homevalue_2024": 464800.0, "job_density_score": null, "dev_capacity_score": null, "market_momentum_score": null, "poverty_score": null, "income_score": null, "unemployment_score": null, "stackability_score": null, "stage1_result": "Eliminated — Already Attractive" }, "geometry": { "type": "Polygon", "coordinates": [ [ [ -76.633444, 39.31035 ], [ -76.623277, 39.310848 ], [ -76.620355, 39.309123 ], [ -76.621024, 39.307026 ], [ -76.620723, 39.304351 ], [ -76.624029, 39.303874 ], [ -76.625118, 39.303182 ], [ -76.633444, 39.31035 ] ] ] } },
{ "type": "Feature", "properties": { "geoid": "24033801908", "state": "Maryland", "county": "Prince George's County", "classification": "Less Likely", "oztoolclassification": "Less likely to attract OZ investment", "composite_score": null, "rank": null, "recommended": 0, "jobs_2022": 369.0, "povrate_2024": 0.110394, "median_hhincome_2024": 81060.0, "unemprate_2024": 0.060285, "vacancyrate_2024": 0.169598, "stackability_count": 1, "pop_2024": 3098.0, "median_homevalue_2024": 374100.0, "job_density_score": null, "dev_capacity_score": null, "market_momentum_score": null, "poverty_score": null, "income_score": null, "unemployment_score": null, "stackability_score": null, "stage1_result": "Eliminated — Already Attractive" }, "geometry": { "type": "Polygon", "coordinates": [ [ [ -76.956012, 38.852319 ], [ -76.953179, 38.852342 ], [ -76.948785, 38.851425 ], [ -76.94654, 38.850385 ], [ -76.94222, 38.847334 ], [ -76.933418, 38.844266 ], [ -76.932086, 38.842789 ], [ -76.936611, 38.84205 ], [ -76.93627, 38.840411 ], [ -76.934415, 38.839832 ], [ -76.93321, 38.840218 ], [ -76.932702, 38.839398 ], [ -76.933771, 38.83625 ], [ -76.939003, 38.838872 ], [ -76.940823, 38.838359 ], [ -76.941492, 38.839403 ], [ -76.945356, 38.838167 ], [ -76.956012, 38.852319 ] ] ] } },
{ "type": "Feature", "properties": { "geoid": "24031701509", "state": "Maryland", "county": "Montgomery County", "classification": "Less Likely", "oztoolclassification": "Less likely to attract OZ investment", "composite_score": 0.332076, "rank": 104, "recommended": 1, "jobs_2022": 2454.0, "povrate_2024": 0.211737, "median_hhincome_2024": 63200.0, "unemprate_2024": 0.034767, "vacancyrate_2024": 0.005195, "stackability_count": 1, "pop_2024": 6390.0, "median_homevalue_2024": 626300.0, "job_density_score": 0.115486, "dev_capacity_score": 0.068804, "market_momentum_score": 0.716644, "poverty_score": 0.756204, "income_score": 0.460296, "unemployment_score": 0.100608, "stackability_score": 0.333333, "stage1_result": "Advances to Scoring" }, "geometry": { "type": "Polygon", "coordinates": [ [ [ -76.991966, 39.043315 ], [ -76.986904, 39.046457 ], [ -76.984489, 39.04531 ], [ -76.982002, 39.045608 ], [ -76.980476, 39.04449 ], [ -76.980278, 39.04383 ], [ -76.981018, 39.04198 ], [ -76.981811, 39.041484 ], [ -76.980061, 39.040575 ], [ -76.979924, 39.039812 ], [ -76.968009, 39.041316 ], [ -76.967185, 39.040367 ], [ -76.967735, 39.038185 ], [ -76.968437, 39.037597 ], [ -76.966629, 39.037021 ], [ -76.966644, 39.036079 ], [ -76.96569, 39.035617 ], [ -76.965026, 39.034378 ], [ -76.965225, 39.03366 ], [ -76.963806, 39.03302 ], [ -76.962097, 39.031208 ], [ -76.971892, 39.018354 ], [ -76.976776, 39.019059 ], [ -76.976749, 39.020285 ], [ -76.977517, 39.022196 ], [ -76.983016, 39.028198 ], [ -76.984845, 39.032084 ], [ -76.988945, 39.036075 ], [ -76.991966, 39.043315 ] ] ] } },
{ "type": "Feature", "properties": { "geoid": "24021751600", "state": "Maryland", "county": "Frederick County", "classification": "Less Likely", "oztoolclassification": "Less likely to attract OZ investment", "composite_score": null, "rank": null, "recommended": 0, "jobs_2022": 211.0, "povrate_2024": 0.067147, "median_hhincome_2024": 98026.0, "unemprate_2024": 0.058789, "vacancyrate_2024": 0.022302, "stackability_count": 0, "pop_2024": 3079.0, "median_homevalue_2024": 540100.0, "job_density_score": null, "dev_capacity_score": null, "market_momentum_score": null, "poverty_score": null, "income_score": null, "unemployment_score": null, "stackability_score": null, "stage1_result": "Eliminated — Already Attractive" }, "geometry": { "type": "Polygon", "coordinates": [ [ [ -77.303449, 39.5379 ], [ -77.302513, 39.540461 ], [ -77.299523, 39.545791 ], [ -77.29873, 39.549506 ], [ -77.29787, 39.551111 ], [ -77.298132, 39.551806 ], [ -77.297324, 39.559668 ], [ -77.29842, 39.561193 ], [ -77.294975, 39.564849 ], [ -77.290414, 39.567455 ], [ -77.285026, 39.569396 ], [ -77.280047, 39.571918 ], [ -77.264173, 39.576824 ], [ -77.253771, 39.583865 ], [ -77.247366, 39.587579 ], [ -77.242533, 39.591157 ], [ -77.238565, 39.588689 ], [ -77.239094, 39.586894 ], [ -77.239049, 39.584917 ], [ -77.238538, 39.584357 ], [ -77.237289, 39.584963 ], [ -77.234887, 39.587815 ], [ -77.230511, 39.588971 ], [ -77.227721, 39.588283 ], [ -77.227259, 39.587344 ], [ -77.232118, 39.586149 ], [ -77.232649, 39.585351 ], [ -77.232257, 39.584352 ], [ -77.229433, 39.583323 ], [ -77.222512, 39.583101 ], [ -77.220028, 39.581872 ], [ -77.219175, 39.579693 ], [ -77.220778, 39.578133 ], [ -77.222601, 39.577929 ], [ -77.22292, 39.577457 ], [ -77.220713, 39.575624 ], [ -77.215866, 39.574434 ], [ -77.21449, 39.57534 ], [ -77.212349, 39.578097 ], [ -77.210044, 39.579097 ], [ -77.206993, 39.57946 ], [ -77.200125, 39.578588 ], [ -77.199365, 39.576403 ], [ -77.197322, 39.575228 ], [ -77.194469, 39.572241 ], [ -77.192518, 39.571968 ], [ -77.191128, 39.570985 ], [ -77.189361, 39.568597 ], [ -77.18697, 39.566675 ], [ -77.187148, 39.564494 ], [ -77.18662, 39.564794 ], [ -77.186486, 39.564474 ], [ -77.187611, 39.563429 ], [ -77.187005, 39.562482 ], [ -77.185537, 39.562173 ], [ -77.183473, 39.5607 ], [ -77.183499, 39.559801 ], [ -77.182534, 39.559325 ], [ -77.181291, 39.560143 ], [ -77.179858, 39.560138 ], [ -77.177965, 39.560897 ], [ -77.175082, 39.559883 ], [ -77.173168, 39.557808 ], [ -77.173614, 39.557302 ], [ -77.173267, 39.55655 ], [ -77.171678, 39.555518 ], [ -77.171494, 39.554639 ], [ -77.170678, 39.554398 ], [ -77.170239, 39.554804 ], [ -77.169388, 39.554013 ], [ -77.169154, 39.551751 ], [ -77.169616, 39.549851 ], [ -77.171751, 39.546645 ], [ -77.171603, 39.543823 ], [ -77.169624, 39.543532 ], [ -77.169, 39.542291 ], [ -77.171462, 39.539233 ], [ -77.170646, 39.538316 ], [ -77.171072, 39.538118 ], [ -77.170959, 39.537042 ], [ -77.170406, 39.536592 ], [ -77.171327, 39.53584 ], [ -77.170583, 39.534396 ], [ -77.168797, 39.533714 ], [ -77.168626, 39.534065 ], [ -77.167095, 39.533662 ], [ -77.165457, 39.534166 ], [ -77.165862, 39.533287 ], [ -77.165103, 39.533523 ], [ -77.165175, 39.532881 ], [ -77.163211, 39.532538 ], [ -77.157104, 39.533058 ], [ -77.155963, 39.53369 ], [ -77.153879, 39.533322 ], [ -77.15234, 39.532498 ], [ -77.151143, 39.530773 ], [ -77.151675, 39.529417 ], [ -77.151102, 39.528594 ], [ -77.151152, 39.527281 ], [ -77.150203, 39.525749 ], [ -77.150586, 39.52536 ], [ -77.150274, 39.524333 ], [ -77.150969, 39.524448 ], [ -77.150927, 39.523279 ], [ -77.150133, 39.522982 ], [ -77.150686, 39.522752 ], [ -77.150027, 39.521988 ], [ -77.143824, 39.521794 ], [ -77.138402, 39.52049 ], [ -77.137623, 39.519623 ], [ -77.13773, 39.518914 ], [ -77.136951, 39.517403 ], [ -77.137688, 39.517372 ], [ -77.137824, 39.515159 ], [ -77.13623, 39.512741 ], [ -77.13468, 39.511896 ], [ -77.134666, 39.510176 ], [ -77.133533, 39.509084 ], [ -77.133605, 39.508596 ], [ -77.132145, 39.508343 ], [ -77.130228, 39.509508 ], [ -77.129479, 39.509445 ], [ -77.128296, 39.508412 ], [ -77.127601, 39.508467 ], [ -77.125329, 39.50555 ], [ -77.120419, 39.504017 ], [ -77.118163, 39.501284 ], [ -77.115286, 39.499373 ], [ -77.117037, 39.499062 ], [ -77.123291, 39.495584 ], [ -77.12928, 39.493577 ], [ -77.132492, 39.493415 ], [ -77.136106, 39.492363 ], [ -77.138434, 39.493203 ], [ -77.141904, 39.493192 ], [ -77.1456, 39.491594 ], [ -77.152553, 39.490963 ], [ -77.154553, 39.491763 ], [ -77.157387, 39.491145 ], [ -77.165015, 39.492302 ], [ -77.169373, 39.491778 ], [ -77.175602, 39.493655 ], [ -77.180334, 39.494445 ], [ -77.184869, 39.494428 ], [ -77.188209, 39.495112 ], [ -77.191236, 39.494529 ], [ -77.191801, 39.495488 ], [ -77.19377, 39.496048 ], [ -77.198805, 39.499202 ], [ -77.203312, 39.503286 ], [ -77.205106, 39.506574 ], [ -77.208185, 39.50898 ], [ -77.209792, 39.51211 ], [ -77.224961, 39.514921 ], [ -77.235109, 39.515725 ], [ -77.244848, 39.51451 ], [ -77.248713, 39.514772 ], [ -77.251557, 39.513981 ], [ -77.254318, 39.514832 ], [ -77.257957, 39.515173 ], [ -77.259971, 39.516344 ], [ -77.262164, 39.519177 ], [ -77.267763, 39.521839 ], [ -77.273286, 39.526257 ], [ -77.28064, 39.528291 ], [ -77.290064, 39.532374 ], [ -77.297116, 39.534564 ], [ -77.299005, 39.536876 ], [ -77.300988, 39.538203 ], [ -77.303449, 39.5379 ] ] ] } },
{ "type": "Feature", "properties": { "geoid": "24005441000", "state": "Maryland", "county": "Baltimore County", "classification": "Less Likely", "oztoolclassification": "Less likely to attract OZ investment", "composite_score": 0.21554, "rank": 303, "recommended": 0, "jobs_2022": 119.0, "povrate_2024": 0.151293, "median_hhincome_2024": 69875.0, "unemprate_2024": 0.055731, "vacancyrate_2024": 0.012916, "stackability_count": 0, "pop_2024": 3827.0, "median_homevalue_2024": 226000.0, "job_density_score": 0.005241, "dev_capacity_score": 0.068804, "market_momentum_score": 0.716644, "poverty_score": 0.540334, "income_score": 0.400948, "unemployment_score": 0.161272, "stackability_score": 0.0, "stage1_result": "Advances to Scoring" }, "geometry": { "type": "Polygon", "coordinates": [ [ [ -76.529686, 39.323264 ], [ -76.529693, 39.336142 ], [ -76.529097, 39.336881 ], [ -76.528276, 39.336533 ], [ -76.524756, 39.34101 ], [ -76.521397, 39.341764 ], [ -76.516158, 39.341873 ], [ -76.514035, 39.341454 ], [ -76.516626, 39.336889 ], [ -76.51914, 39.33358 ], [ -76.529686, 39.323264 ] ] ] } },
{ "type": "Feature", "properties": { "geoid": "24033802404", "state": "Maryland", "county": "Prince George's County", "classification": "Less Likely", "oztoolclassification": "Less likely to attract OZ investment", "composite_score": 0.217748, "rank": 298, "recommended": 0, "jobs_2022": 118.0, "povrate_2024": 0.130984, "median_hhincome_2024": 54651.0, "unemprate_2024": 0.053857, "vacancyrate_2024": 0.08049, "stackability_count": 0, "pop_2024": 4119.0, "median_homevalue_2024": 242600.0, "job_density_score": 0.005194, "dev_capacity_score": 0.068804, "market_momentum_score": 0.716644, "poverty_score": 0.467801, "income_score": 0.536307, "unemployment_score": 0.155851, "stackability_score": 0.0, "stage1_result": "Advances to Scoring" }, "geometry": { "type": "Polygon", "coordinates": [ [ [ -76.898947, 38.857819 ], [ -76.897772, 38.863467 ], [ -76.894868, 38.864259 ], [ -76.893211, 38.865266 ], [ -76.891422, 38.868496 ], [ -76.889783, 38.869858 ], [ -76.885118, 38.871294 ], [ -76.885894, 38.867577 ], [ -76.88348, 38.864661 ], [ -76.886596, 38.863294 ], [ -76.887797, 38.860865 ], [ -76.892025, 38.860063 ], [ -76.898947, 38.857819 ] ] ] } },
{ "type": "Feature", "properties": { "geoid": "24033802501", "state": "Maryland", "county": "Prince George's County", "classification": "Less Likely", "oztoolclassification": "Less likely to attract OZ investment", "composite_score": 0.293053, "rank": 171, "recommended": 0, "jobs_2022": 58.0, "povrate_2024": 0.30127, "median_hhincome_2024": 61772.0, "unemprate_2024": 0.114553, "vacancyrate_2024": 0.063643, "stackability_count": 0, "pop_2024": 2755.0, "median_homevalue_2024": 362200.0, "job_density_score": 0.002361, "dev_capacity_score": 0.068804, "market_momentum_score": 0.716644, "poverty_score": 0.924034, "income_score": 0.472993, "unemployment_score": 0.331491, "stackability_score": 0.0, "stage1_result": "Advances to Scoring" }, "geometry": { "type": "Polygon", "coordinates": [ [ [ -76.958026, 38.854969 ], [ -76.939557, 38.869358 ], [ -76.935941, 38.866476 ], [ -76.935307, 38.866906 ], [ -76.932873, 38.86496 ], [ -76.934776, 38.863984 ], [ -76.940281, 38.862787 ], [ -76.947095, 38.860441 ], [ -76.95141, 38.857432 ], [ -76.952665, 38.856075 ], [ -76.953105, 38.854821 ], [ -76.955948, 38.853353 ], [ -76.956543, 38.853169 ], [ -76.958026, 38.854969 ] ] ] } },
{ "type": "Feature", "properties": { "geoid": "24510250500", "state": "Maryland", "county": "Baltimore city", "classification": "Less Likely", "oztoolclassification": "Less likely to attract OZ investment", "composite_score": 0.408727, "rank": 21, "recommended": 1, "jobs_2022": 3613.0, "povrate_2024": 0.325291, "median_hhincome_2024": 37360.0, "unemprate_2024": 0.141397, "vacancyrate_2024": 0.149495, "stackability_count": 1, "pop_2024": 4808.0, "median_homevalue_2024": 96700.0, "job_density_score": 0.170208, "dev_capacity_score": 0.136163, "market_momentum_score": 0.638506, "poverty_score": 0.838246, "income_score": 0.690045, "unemployment_score": 0.409171, "stackability_score": 0.333333, "stage1_result": "Advances to Scoring" }, "geometry": { "type": "Polygon", "coordinates": [ [ [ -76.600478, 39.223922 ], [ -76.599308, 39.225298 ], [ -76.599947, 39.226385 ], [ -76.595787, 39.234309 ], [ -76.597742, 39.234898 ], [ -76.595211, 39.239636 ], [ -76.596954, 39.240977 ], [ -76.593105, 39.241049 ], [ -76.585039, 39.232402 ], [ -76.581969, 39.232078 ], [ -76.580587, 39.230906 ], [ -76.579287, 39.226706 ], [ -76.577387, 39.224906 ], [ -76.566186, 39.221106 ], [ -76.529685, 39.217307 ], [ -76.529785, 39.209907 ], [ -76.550086, 39.197207 ], [ -76.563786, 39.201407 ], [ -76.567396, 39.202117 ], [ -76.57057, 39.20365 ], [ -76.58328, 39.207404 ], [ -76.600478, 39.223922 ] ] ] } },
{ "type": "Feature", "properties": { "geoid": "24510250600", "state": "Maryland", "county": "Baltimore city", "classification": "Already Attractive", "oztoolclassification": "Likely to attract capital even without OZ designation", "composite_score": 0.406769, "rank": 25, "recommended": 1, "jobs_2022": 3469.0, "povrate_2024": 0.411765, "median_hhincome_2024": 20375.0, "unemprate_2024": 0.205882, "vacancyrate_2024": 0.0, "stackability_count": 1, "pop_2024": 34.0, "median_homevalue_2024": null, "job_density_score": 0.163409, "dev_capacity_score": 0.351452, "market_momentum_score": 0.543923, "poverty_score": 0.529412, "income_score": 0.841061, "unemployment_score": 0.595777, "stackability_score": 0.333333, "stage1_result": "Advances to Scoring" }, "geometry": { "type": "Polygon", "coordinates": [ [ [ -76.614642, 39.241092 ], [ -76.612489, 39.246606 ], [ -76.609089, 39.249906 ], [ -76.608288, 39.254706 ], [ -76.589488, 39.254806 ], [ -76.577287, 39.256305 ], [ -76.571887, 39.256505 ], [ -76.566887, 39.254306 ], [ -76.529486, 39.218408 ], [ -76.529685, 39.217307 ], [ -76.566186, 39.221106 ], [ -76.577387, 39.224906 ], [ -76.579287, 39.226706 ], [ -76.580587, 39.230906 ], [ -76.581969, 39.232078 ], [ -76.585039, 39.232402 ], [ -76.593105, 39.241049 ], [ -76.596954, 39.240977 ], [ -76.595211, 39.239636 ], [ -76.595552, 39.239143 ], [ -76.601004, 39.240606 ], [ -76.608808, 39.24002 ], [ -76.60848, 39.240643 ], [ -76.614642, 39.241092 ] ] ] } },
{ "type": "Feature", "properties": { "geoid": "24510260101", "state": "Maryland", "county": "Baltimore city", "classification": "Less Likely", "oztoolclassification": "Less likely to attract OZ investment", "composite_score": 0.222687, "rank": 290, "recommended": 0, "jobs_2022": 438.0, "povrate_2024": 0.096361, "median_hhincome_2024": 58977.0, "unemprate_2024": 0.025913, "vacancyrate_2024": 0.040796, "stackability_count": 1, "pop_2024": 4452.0, "median_homevalue_2024": 241800.0, "job_density_score": 0.020302, "dev_capacity_score": 0.054819, "market_momentum_score": 0.526129, "poverty_score": 0.344147, "income_score": 0.497844, "unemployment_score": 0.074986, "stackability_score": 0.333333, "stage1_result": "Advances to Scoring" }, "geometry": { "type": "Polygon", "coordinates": [ [ [ -76.545574, 39.342364 ], [ -76.541259, 39.345392 ], [ -76.529773, 39.355575 ], [ -76.529453, 39.350723 ], [ -76.530002, 39.335698 ], [ -76.531081, 39.335935 ], [ -76.531656, 39.336805 ], [ -76.532646, 39.337142 ], [ -76.53936, 39.33691 ], [ -76.540927, 39.33808 ], [ -76.541467, 39.339465 ], [ -76.544552, 39.341204 ], [ -76.545574, 39.342364 ] ] ] } },
{ "type": "Feature", "properties": { "geoid": "24011955600", "state": "Maryland", "county": "Caroline County", "classification": "Less Likely", "oztoolclassification": "Less likely to attract OZ investment", "composite_score": 0.337112, "rank": 100, "recommended": 1, "jobs_2022": 2290.0, "povrate_2024": 0.290723, "median_hhincome_2024": 40931.0, "unemprate_2024": 0.06386, "vacancyrate_2024": 0.108808, "stackability_count": 0, "pop_2024": 4518.0, "median_homevalue_2024": 185600.0, "job_density_score": 0.107743, "dev_capacity_score": 0.068804, "market_momentum_score": 0.716644, "poverty_score": 0.961702, "income_score": 0.658294, "unemployment_score": 0.184796, "stackability_score": 0.0, "stage1_result": "Advances to Scoring" }, "geometry": { "type": "Polygon", "coordinates": [ [ [ -75.861053, 38.700641 ], [ -75.857177, 38.704772 ], [ -75.857147, 38.708877 ], [ -75.856575, 38.711208 ], [ -75.857955, 38.720317 ], [ -75.854629, 38.723808 ], [ -75.84822, 38.727363 ], [ -75.844818, 38.730121 ], [ -75.839622, 38.735481 ], [ -75.836273, 38.737308 ], [ -75.832977, 38.740139 ], [ -75.829321, 38.740688 ], [ -75.821952, 38.732112 ], [ -75.820343, 38.730583 ], [ -75.817237, 38.728969 ], [ -75.815093, 38.726276 ], [ -75.812477, 38.724048 ], [ -75.803543, 38.730804 ], [ -75.806579, 38.733076 ], [ -75.800318, 38.740559 ], [ -75.799407, 38.742931 ], [ -75.793667, 38.74408 ], [ -75.794492, 38.747298 ], [ -75.798385, 38.75418 ], [ -75.794229, 38.755194 ], [ -75.787521, 38.756 ], [ -75.784172, 38.755355 ], [ -75.782943, 38.755744 ], [ -75.779747, 38.759277 ], [ -75.777076, 38.760498 ], [ -75.775482, 38.760459 ], [ -75.761924, 38.755908 ], [ -75.758888, 38.753494 ], [ -75.753746, 38.751571 ], [ -75.757072, 38.748546 ], [ -75.759002, 38.742294 ], [ -75.756942, 38.742259 ], [ -75.754577, 38.743328 ], [ -75.753707, 38.742549 ], [ -75.752914, 38.742725 ], [ -75.752784, 38.741981 ], [ -75.751853, 38.742336 ], [ -75.750778, 38.745395 ], [ -75.75, 38.74591 ], [ -75.75, 38.748081 ], [ -75.74723, 38.749298 ], [ -75.745994, 38.750915 ], [ -75.744735, 38.751693 ], [ -75.742652, 38.751823 ], [ -75.742759, 38.753555 ], [ -75.741188, 38.755859 ], [ -75.741035, 38.75711 ], [ -75.739898, 38.757904 ], [ -75.736907, 38.758022 ], [ -75.730072, 38.760391 ], [ -75.725372, 38.760894 ], [ -75.723937, 38.762248 ], [ -75.720296, 38.763527 ], [ -75.717704, 38.765598 ], [ -75.707447, 38.635396 ], [ -75.70794, 38.635358 ], [ -75.711278, 38.639707 ], [ -75.713198, 38.644106 ], [ -75.714533, 38.645843 ], [ -75.728015, 38.656366 ], [ -75.737704, 38.66532 ], [ -75.749018, 38.671073 ], [ -75.762722, 38.68622 ], [ -75.764701, 38.685882 ], [ -75.76654, 38.686431 ], [ -75.768966, 38.685821 ], [ -75.771573, 38.681434 ], [ -75.772428, 38.681248 ], [ -75.772905, 38.678354 ], [ -75.773487, 38.678341 ], [ -75.773672, 38.677674 ], [ -75.773205, 38.676395 ], [ -75.774911, 38.67639 ], [ -75.775017, 38.678652 ], [ -75.775352, 38.678675 ], [ -75.775764, 38.677303 ], [ -75.77672, 38.676599 ], [ -75.779459, 38.676452 ], [ -75.786491, 38.677291 ], [ -75.798408, 38.676338 ], [ -75.800277, 38.695983 ], [ -75.800468, 38.69691 ], [ -75.802452, 38.697704 ], [ -75.806236, 38.698356 ], [ -75.817153, 38.698406 ], [ -75.839103, 38.704124 ], [ -75.841636, 38.704105 ], [ -75.850311, 38.702579 ], [ -75.858116, 38.701164 ], [ -75.860893, 38.700191 ], [ -75.861053, 38.700641 ] ] ] } },
{ "type": "Feature", "properties": { "geoid": "24031700706", "state": "Maryland", "county": "Montgomery County", "classification": "Goldilocks", "oztoolclassification": "More likely to attract OZ investment, with larger impact", "composite_score": null, "rank": null, "recommended": 0, "jobs_2022": 3247.0, "povrate_2024": 0.051573, "median_hhincome_2024": 100907.0, "unemprate_2024": 0.029688, "vacancyrate_2024": 0.054401, "stackability_count": 0, "pop_2024": 4324.0, "median_homevalue_2024": 496600.0, "job_density_score": null, "dev_capacity_score": null, "market_momentum_score": null, "poverty_score": null, "income_score": null, "unemployment_score": null, "stackability_score": null, "stage1_result": "Eliminated — Already Attractive" }, "geometry": { "type": "Polygon", "coordinates": [ [ [ -77.251792, 39.155742 ], [ -77.250862, 39.15665 ], [ -77.249298, 39.156524 ], [ -77.249145, 39.157863 ], [ -77.247467, 39.159599 ], [ -77.24517, 39.160026 ], [ -77.244995, 39.160419 ], [ -77.244979, 39.160068 ], [ -77.244567, 39.160289 ], [ -77.244903, 39.16069 ], [ -77.244056, 39.161125 ], [ -77.237922, 39.160888 ], [ -77.236793, 39.160434 ], [ -77.236808, 39.159931 ], [ -77.235725, 39.159812 ], [ -77.232493, 39.160968 ], [ -77.22624, 39.157089 ], [ -77.218479, 39.150688 ], [ -77.214726, 39.145679 ], [ -77.212553, 39.140513 ], [ -77.215232, 39.140798 ], [ -77.222557, 39.143115 ], [ -77.230789, 39.147209 ], [ -77.238616, 39.148483 ], [ -77.244407, 39.150135 ], [ -77.249298, 39.153633 ], [ -77.251144, 39.154048 ], [ -77.251792, 39.155742 ] ] ] } },
{ "type": "Feature", "properties": { "geoid": "24031702000", "state": "Maryland", "county": "Montgomery County", "classification": "Less Likely", "oztoolclassification": "Less likely to attract OZ investment", "composite_score": null, "rank": null, "recommended": 0, "jobs_2022": 382.0, "povrate_2024": 0.114633, "median_hhincome_2024": 72821.0, "unemprate_2024": 0.099492, "vacancyrate_2024": 0.0, "stackability_count": 1, "pop_2024": 5705.0, "median_homevalue_2024": 396600.0, "job_density_score": null, "dev_capacity_score": null, "market_momentum_score": null, "poverty_score": null, "income_score": null, "unemployment_score": null, "stackability_score": null, "stage1_result": "Eliminated — Already Attractive" }, "geometry": { "type": "Polygon", "coordinates": [ [ [ -76.998947, 38.9948 ], [ -76.997978, 38.997058 ], [ -76.998229, 38.998863 ], [ -76.995277, 38.999652 ], [ -76.991088, 38.999874 ], [ -76.988024, 39.00119 ], [ -76.98415, 39.001438 ], [ -76.985693, 38.99998 ], [ -76.991098, 38.992405 ], [ -76.99143, 38.992759 ], [ -76.992149, 38.992397 ], [ -76.992385, 38.990219 ], [ -76.991935, 38.989578 ], [ -76.993141, 38.988262 ], [ -76.994163, 38.988132 ], [ -76.994918, 38.987434 ], [ -76.997352, 38.989006 ], [ -76.998168, 38.990848 ], [ -76.998001, 38.991489 ], [ -76.99887, 38.99237 ], [ -76.998504, 38.993644 ], [ -76.998947, 38.9948 ] ] ] } },
{ "type": "Feature", "properties": { "geoid": "24031702301", "state": "Maryland", "county": "Montgomery County", "classification": "Goldilocks", "oztoolclassification": "More likely to attract OZ investment, with larger impact", "composite_score": null, "rank": null, "recommended": 0, "jobs_2022": 606.0, "povrate_2024": 0.122658, "median_hhincome_2024": 99265.0, "unemprate_2024": 0.052472, "vacancyrate_2024": 0.089744, "stackability_count": 1, "pop_2024": 3522.0, "median_homevalue_2024": 383300.0, "job_density_score": null, "dev_capacity_score": null, "market_momentum_score": null, "poverty_score": null, "income_score": null, "unemployment_score": null, "stackability_score": null, "stage1_result": "Eliminated — Already Attractive" }, "geometry": { "type": "Polygon", "coordinates": [ [ [ -77.010612, 38.999633 ], [ -77.009307, 38.999904 ], [ -77.006805, 39.002468 ], [ -77.002182, 39.0037 ], [ -76.999786, 39.004928 ], [ -76.999366, 39.004558 ], [ -76.99942, 39.002704 ], [ -76.998229, 38.998863 ], [ -77.003645, 38.998225 ], [ -77.00451, 38.997781 ], [ -77.00595, 38.995864 ], [ -77.009056, 38.996543 ], [ -77.010612, 38.999633 ] ] ] } },
{ "type": "Feature", "properties": { "geoid": "24011955000", "state": "Maryland", "county": "Caroline County", "classification": "Less Likely", "oztoolclassification": "Less likely to attract OZ investment", "composite_score": 0.212872, "rank": 306, "recommended": 0, "jobs_2022": 148.0, "povrate_2024": 0.140524, "median_hhincome_2024": 59458.0, "unemprate_2024": 0.027347, "vacancyrate_2024": 0.100543, "stackability_count": 0, "pop_2024": 2939.0, "median_homevalue_2024": 193900.0, "job_density_score": 0.00661, "dev_capacity_score": 0.068804, "market_momentum_score": 0.716644, "poverty_score": 0.501871, "income_score": 0.493567, "unemployment_score": 0.079135, "stackability_score": 0.0, "stage1_result": "Advances to Scoring" }, "geometry": { "type": "Polygon", "coordinates": [ [ [ -75.852651, 39.068054 ], [ -75.848721, 39.071654 ], [ -75.846976, 39.075055 ], [ -75.847415, 39.079421 ], [ -75.847169, 39.08152 ], [ -75.848257, 39.085765 ], [ -75.847645, 39.088012 ], [ -75.846229, 39.089391 ], [ -75.843304, 39.090507 ], [ -75.83965, 39.100198 ], [ -75.835874, 39.106076 ], [ -75.834948, 39.108437 ], [ -75.832217, 39.108619 ], [ -75.82594, 39.112417 ], [ -75.823157, 39.1151 ], [ -75.818936, 39.116154 ], [ -75.814886, 39.118714 ], [ -75.810083, 39.12027 ], [ -75.802593, 39.124409 ], [ -75.79939, 39.128328 ], [ -75.793968, 39.129779 ], [ -75.791079, 39.132828 ], [ -75.774809, 39.134681 ], [ -75.758737, 39.138192 ], [ -75.75447, 39.139832 ], [ -75.747761, 39.143338 ], [ -75.739799, 39.04362 ], [ -75.740939, 39.043273 ], [ -75.740335, 39.041149 ], [ -75.742148, 39.0393 ], [ -75.745735, 39.038516 ], [ -75.746757, 39.038608 ], [ -75.746986, 39.039245 ], [ -75.748352, 39.03873 ], [ -75.748298, 39.038066 ], [ -75.74971, 39.036262 ], [ -75.75415, 39.035091 ], [ -75.755683, 39.033275 ], [ -75.758003, 39.031986 ], [ -75.758056, 39.030818 ], [ -75.757415, 39.030441 ], [ -75.757873, 39.029674 ], [ -75.759765, 39.028499 ], [ -75.762474, 39.028171 ], [ -75.76342, 39.026615 ], [ -75.76445, 39.026332 ], [ -75.764801, 39.025356 ], [ -75.764175, 39.024471 ], [ -75.76464, 39.023178 ], [ -75.764106, 39.021327 ], [ -75.765602, 39.020641 ], [ -75.765319, 39.019229 ], [ -75.766441, 39.019161 ], [ -75.768394, 39.020244 ], [ -75.771194, 39.020008 ], [ -75.773849, 39.017913 ], [ -75.77478, 39.015296 ], [ -75.775505, 39.015007 ], [ -75.776588, 39.017597 ], [ -75.777381, 39.01786 ], [ -75.78054, 39.016849 ], [ -75.781524, 39.017158 ], [ -75.782539, 39.015777 ], [ -75.783561, 39.015823 ], [ -75.785362, 39.014225 ], [ -75.786911, 39.015014 ], [ -75.786651, 39.016349 ], [ -75.787391, 39.020145 ], [ -75.787322, 39.022441 ], [ -75.791969, 39.025737 ], [ -75.794067, 39.025772 ], [ -75.797462, 39.027015 ], [ -75.803611, 39.027488 ], [ -75.807823, 39.027141 ], [ -75.820373, 39.029289 ], [ -75.823143, 39.034374 ], [ -75.827957, 39.038574 ], [ -75.82891, 39.041912 ], [ -75.831886, 39.044677 ], [ -75.832077, 39.04792 ], [ -75.833641, 39.050453 ], [ -75.840591, 39.055953 ], [ -75.847373, 39.060382 ], [ -75.852651, 39.068054 ] ] ] } },
{ "type": "Feature", "properties": { "geoid": "24011955100", "state": "Maryland", "county": "Caroline County", "classification": "Less Likely", "oztoolclassification": "Less likely to attract OZ investment", "composite_score": 0.254312, "rank": 232, "recommended": 0, "jobs_2022": 566.0, "povrate_2024": 0.123072, "median_hhincome_2024": 62717.0, "unemprate_2024": 0.017699, "vacancyrate_2024": 0.088639, "stackability_count": 1, "pop_2024": 5834.0, "median_homevalue_2024": 283900.0, "job_density_score": 0.026346, "dev_capacity_score": 0.068804, "market_momentum_score": 0.716644, "poverty_score": 0.439542, "income_score": 0.464591, "unemployment_score": 0.051217, "stackability_score": 0.333333, "stage1_result": "Advances to Scoring" }, "geometry": { "type": "Polygon", "coordinates": [ [ [ -75.89098, 39.021529 ], [ -75.890529, 39.023 ], [ -75.888597, 39.023831 ], [ -75.888376, 39.025088 ], [ -75.887197, 39.026605 ], [ -75.882817, 39.02791 ], [ -75.88378, 39.029559 ], [ -75.88295, 39.030463 ], [ -75.883359, 39.0325 ], [ -75.882653, 39.033935 ], [ -75.881285, 39.034268 ], [ -75.880876, 39.034913 ], [ -75.880464, 39.037822 ], [ -75.878017, 39.038785 ], [ -75.876005, 39.043349 ], [ -75.877304, 39.04536 ], [ -75.878601, 39.045623 ], [ -75.878448, 39.047225 ], [ -75.876281, 39.047508 ], [ -75.875984, 39.048587 ], [ -75.874657, 39.049445 ], [ -75.874657, 39.050215 ], [ -75.873346, 39.051413 ], [ -75.873367, 39.052165 ], [ -75.871396, 39.05354 ], [ -75.871284, 39.054589 ], [ -75.870278, 39.055699 ], [ -75.86968, 39.057347 ], [ -75.866025, 39.058947 ], [ -75.863285, 39.059267 ], [ -75.862066, 39.059976 ], [ -75.860475, 39.061108 ], [ -75.857821, 39.064312 ], [ -75.852772, 39.067936 ], [ -75.851699, 39.067045 ], [ -75.847373, 39.060382 ], [ -75.840591, 39.055953 ], [ -75.833641, 39.050453 ], [ -75.832077, 39.04792 ], [ -75.831886, 39.044677 ], [ -75.82891, 39.041912 ], [ -75.827957, 39.038574 ], [ -75.823143, 39.034374 ], [ -75.820373, 39.029289 ], [ -75.807823, 39.027141 ], [ -75.803611, 39.027488 ], [ -75.797462, 39.027015 ], [ -75.794067, 39.025772 ], [ -75.791969, 39.025737 ], [ -75.787322, 39.022441 ], [ -75.787391, 39.020145 ], [ -75.786651, 39.016349 ], [ -75.786911, 39.015014 ], [ -75.785362, 39.014225 ], [ -75.783561, 39.015823 ], [ -75.782539, 39.015777 ], [ -75.781524, 39.017158 ], [ -75.78054, 39.016849 ], [ -75.777381, 39.01786 ], [ -75.776588, 39.017597 ], [ -75.775505, 39.015007 ], [ -75.77478, 39.015296 ], [ -75.773849, 39.017913 ], [ -75.771194, 39.020008 ], [ -75.768394, 39.020244 ], [ -75.766441, 39.019161 ], [ -75.765319, 39.019229 ], [ -75.765602, 39.020641 ], [ -75.764106, 39.021327 ], [ -75.76464, 39.023178 ], [ -75.764175, 39.024471 ], [ -75.764801, 39.025356 ], [ -75.76445, 39.026332 ], [ -75.76342, 39.026615 ], [ -75.762474, 39.028171 ], [ -75.759765, 39.028499 ], [ -75.757873, 39.029674 ], [ -75.757415, 39.030441 ], [ -75.758056, 39.030818 ], [ -75.758003, 39.031986 ], [ -75.755683, 39.033275 ], [ -75.75415, 39.035091 ], [ -75.74971, 39.036262 ], [ -75.748298, 39.038066 ], [ -75.748352, 39.03873 ], [ -75.746986, 39.039245 ], [ -75.746757, 39.038608 ], [ -75.745735, 39.038516 ], [ -75.742148, 39.0393 ], [ -75.740335, 39.041149 ], [ -75.740939, 39.043273 ], [ -75.739799, 39.04362 ], [ -75.730994, 38.933089 ], [ -75.735049, 38.930914 ], [ -75.73838, 38.931134 ], [ -75.7406, 38.931826 ], [ -75.74794, 38.930248 ], [ -75.760139, 38.922309 ], [ -75.769729, 38.921054 ], [ -75.771949, 38.921546 ], [ -75.774246, 38.920795 ], [ -75.776542, 38.921371 ], [ -75.777763, 38.9207 ], [ -75.777641, 38.919692 ], [ -75.77893, 38.918582 ], [ -75.782882, 38.917839 ], [ -75.783874, 38.916759 ], [ -75.786437, 38.915557 ], [ -75.789527, 38.916133 ], [ -75.791137, 38.914669 ], [ -75.795272, 38.917186 ], [ -75.799133, 38.916862 ], [ -75.800979, 38.915767 ], [ -75.802406, 38.916168 ], [ -75.804878, 38.916027 ], [ -75.805282, 38.916393 ], [ -75.807678, 38.915699 ], [ -75.809051, 38.91632 ], [ -75.809547, 38.915653 ], [ -75.810272, 38.915683 ], [ -75.811614, 38.914508 ], [ -75.812629, 38.914337 ], [ -75.811882, 38.912895 ], [ -75.812767, 38.913093 ], [ -75.813346, 38.912288 ], [ -75.818405, 38.912036 ], [ -75.819877, 38.913181 ], [ -75.821746, 38.910678 ], [ -75.823532, 38.910781 ], [ -75.823905, 38.909988 ], [ -75.824996, 38.910118 ], [ -75.826828, 38.9094 ], [ -75.827926, 38.910274 ], [ -75.829086, 38.910373 ], [ -75.829994, 38.90995 ], [ -75.830299, 38.90826 ], [ -75.833251, 38.908981 ], [ -75.834419, 38.907871 ], [ -75.835065, 38.90585 ], [ -75.835591, 38.905636 ], [ -75.837776, 38.907646 ], [ -75.838356, 38.909374 ], [ -75.837147, 38.910315 ], [ -75.832896, 38.910707 ], [ -75.829558, 38.91316 ], [ -75.829719, 38.914216 ], [ -75.831871, 38.91557 ], [ -75.832189, 38.917899 ], [ -75.830936, 38.919933 ], [ -75.827855, 38.92273 ], [ -75.82705, 38.9244 ], [ -75.827056, 38.92525 ], [ -75.827916, 38.926225 ], [ -75.833416, 38.930586 ], [ -75.834826, 38.933271 ], [ -75.834036, 38.935816 ], [ -75.833161, 38.936545 ], [ -75.829187, 38.936393 ], [ -75.827825, 38.936991 ], [ -75.827905, 38.940475 ], [ -75.826666, 38.946936 ], [ -75.827338, 38.948991 ], [ -75.824647, 38.950321 ], [ -75.825549, 38.951363 ], [ -75.826541, 38.951442 ], [ -75.827934, 38.949897 ], [ -75.829307, 38.949966 ], [ -75.829765, 38.95021 ], [ -75.829734, 38.951 ], [ -75.831502, 38.952377 ], [ -75.831672, 38.953754 ], [ -75.828903, 38.954128 ], [ -75.828598, 38.954692 ], [ -75.827507, 38.954612 ], [ -75.826477, 38.955551 ], [ -75.826675, 38.956481 ], [ -75.827453, 38.957 ], [ -75.825057, 38.957965 ], [ -75.824409, 38.958965 ], [ -75.827117, 38.960411 ], [ -75.827285, 38.961143 ], [ -75.826454, 38.961669 ], [ -75.825065, 38.961654 ], [ -75.824844, 38.963779 ], [ -75.825813, 38.964424 ], [ -75.828994, 38.964992 ], [ -75.831527, 38.967487 ], [ -75.832099, 38.968616 ], [ -75.833856, 38.96896 ], [ -75.834014, 38.970264 ], [ -75.835922, 38.972038 ], [ -75.836601, 38.972042 ], [ -75.83715, 38.973144 ], [ -75.83683, 38.974723 ], [ -75.83786, 38.976306 ], [ -75.842361, 38.976734 ], [ -75.843559, 38.977317 ], [ -75.843116, 38.977519 ], [ -75.844154, 38.978618 ], [ -75.847068, 38.979816 ], [ -75.84645, 38.98104 ], [ -75.84642, 38.985576 ], [ -75.845893, 38.98703 ], [ -75.851074, 38.988681 ], [ -75.86145, 38.995418 ], [ -75.870994, 39.000263 ], [ -75.874176, 39.001068 ], [ -75.873138, 39.003765 ], [ -75.873527, 39.010196 ], [ -75.876068, 39.011211 ], [ -75.87812, 39.011444 ], [ -75.879623, 39.012813 ], [ -75.880249, 39.014102 ], [ -75.884902, 39.017383 ], [ -75.887756, 39.017505 ], [ -75.890765, 39.018315 ], [ -75.890307, 39.019325 ], [ -75.89098, 39.021529 ] ] ] } },
{ "type": "Feature", "properties": { "geoid": "24045000500", "state": "Maryland", "county": "Wicomico County", "classification": "Less Likely", "oztoolclassification": "Less likely to attract OZ investment", "composite_score": 0.384589, "rank": 44, "recommended": 1, "jobs_2022": 1551.0, "povrate_2024": 0.280623, "median_hhincome_2024": 57331.0, "unemprate_2024": 0.137791, "vacancyrate_2024": 0.120039, "stackability_count": 1, "pop_2024": 2890.0, "median_homevalue_2024": 198300.0, "job_density_score": 0.072852, "dev_capacity_score": 0.068804, "market_momentum_score": 0.716644, "poverty_score": 0.997776, "income_score": 0.512479, "unemployment_score": 0.398735, "stackability_score": 0.333333, "stage1_result": "Advances to Scoring" }, "geometry": { "type": "Polygon", "coordinates": [ [ [ -75.600981, 38.348491 ], [ -75.595112, 38.365207 ], [ -75.588928, 38.364489 ], [ -75.586856, 38.362796 ], [ -75.584082, 38.362358 ], [ -75.579417, 38.360109 ], [ -75.581473, 38.359816 ], [ -75.583126, 38.356319 ], [ -75.584486, 38.356791 ], [ -75.589004, 38.352076 ], [ -75.590404, 38.352919 ], [ -75.591297, 38.351802 ], [ -75.592518, 38.347889 ], [ -75.600981, 38.348491 ] ] ] } },
{ "type": "Feature", "properties": { "geoid": "24045000200", "state": "Maryland", "county": "Wicomico County", "classification": "Less Likely", "oztoolclassification": "Less likely to attract OZ investment", "composite_score": 0.35686, "rank": 70, "recommended": 1, "jobs_2022": 3348.0, "povrate_2024": 0.210058, "median_hhincome_2024": 56950.0, "unemprate_2024": 0.06701, "vacancyrate_2024": 0.140558, "stackability_count": 1, "pop_2024": 1909.0, "median_homevalue_2024": 199000.0, "job_density_score": 0.157696, "dev_capacity_score": 0.068804, "market_momentum_score": 0.716644, "poverty_score": 0.750206, "income_score": 0.515866, "unemployment_score": 0.193913, "stackability_score": 0.333333, "stage1_result": "Advances to Scoring" }, "geometry": { "type": "Polygon", "coordinates": [ [ [ -75.604513, 38.36485 ], [ -75.602634, 38.371104 ], [ -75.602594, 38.372767 ], [ -75.600231, 38.375005 ], [ -75.600632, 38.377931 ], [ -75.598678, 38.379004 ], [ -75.598192, 38.380096 ], [ -75.594395, 38.380903 ], [ -75.593131, 38.382341 ], [ -75.591404, 38.383223 ], [ -75.587783, 38.383921 ], [ -75.588775, 38.379434 ], [ -75.595112, 38.365207 ], [ -75.599498, 38.364052 ], [ -75.600845, 38.363057 ], [ -75.602059, 38.363128 ], [ -75.604513, 38.36485 ] ] ] } },
{ "type": "Feature", "properties": { "geoid": "24045000300", "state": "Maryland", "county": "Wicomico County", "classification": "Already Attractive", "oztoolclassification": "Likely to attract capital even without OZ designation", "composite_score": 0.359602, "rank": 67, "recommended": 1, "jobs_2022": 547.0, "povrate_2024": 0.374019, "median_hhincome_2024": 45822.0, "unemprate_2024": 0.047228, "vacancyrate_2024": 0.160396, "stackability_count": 2, "pop_2024": 1147.0, "median_homevalue_2024": null, "job_density_score": 0.025449, "dev_capacity_score": 0.068804, "market_momentum_score": 0.716644, "poverty_score": 0.664217, "income_score": 0.614807, "unemployment_score": 0.136667, "stackability_score": 0.666667, "stage1_result": "Advances to Scoring" }, "geometry": { "type": "Polygon", "coordinates": [ [ [ -75.617685, 38.367594 ], [ -75.616179, 38.369088 ], [ -75.614131, 38.369631 ], [ -75.614936, 38.370575 ], [ -75.607295, 38.371923 ], [ -75.606092, 38.373773 ], [ -75.606044, 38.3776 ], [ -75.600214, 38.376692 ], [ -75.600231, 38.375005 ], [ -75.602594, 38.372767 ], [ -75.602634, 38.371104 ], [ -75.604558, 38.364744 ], [ -75.607351, 38.363311 ], [ -75.611857, 38.362159 ], [ -75.613049, 38.363151 ], [ -75.61279, 38.363914 ], [ -75.61391, 38.364041 ], [ -75.617685, 38.367594 ] ] ] } },
{ "type": "Feature", "properties": { "geoid": "24003740205", "state": "Maryland", "county": "Anne Arundel County", "classification": "Less Likely", "oztoolclassification": "Less likely to attract OZ investment", "composite_score": null, "rank": null, "recommended": 0, "jobs_2022": 1607.0, "povrate_2024": 0.226861, "median_hhincome_2024": 87404.0, "unemprate_2024": 0.036858, "vacancyrate_2024": 0.080297, "stackability_count": 1, "pop_2024": 3285.0, "median_homevalue_2024": 372100.0, "job_density_score": null, "dev_capacity_score": null, "market_momentum_score": null, "poverty_score": null, "income_score": null, "unemployment_score": null, "stackability_score": null, "stage1_result": "Eliminated — Already Attractive" }, "geometry": { "type": "Polygon", "coordinates": [ [ [ -76.645503, 39.155684 ], [ -76.644943, 39.159176 ], [ -76.642376, 39.159717 ], [ -76.643, 39.158859 ], [ -76.642257, 39.151893 ], [ -76.635165, 39.145945 ], [ -76.633526, 39.146154 ], [ -76.631631, 39.144422 ], [ -76.633832, 39.136449 ], [ -76.639623, 39.13035 ], [ -76.641211, 39.128043 ], [ -76.642786, 39.13218 ], [ -76.643845, 39.137153 ], [ -76.645503, 39.155684 ] ] ] } },
{ "type": "Feature", "properties": { "geoid": "24003730205", "state": "Maryland", "county": "Anne Arundel County", "classification": "Less Likely", "oztoolclassification": "Less likely to attract OZ investment", "composite_score": 0.350016, "rank": 74, "recommended": 1, "jobs_2022": 2064.0, "povrate_2024": 0.197348, "median_hhincome_2024": 41935.0, "unemprate_2024": 0.087751, "vacancyrate_2024": 0.033361, "stackability_count": 1, "pop_2024": 1961.0, "median_homevalue_2024": 238300.0, "job_density_score": 0.097073, "dev_capacity_score": 0.068804, "market_momentum_score": 0.716644, "poverty_score": 0.704815, "income_score": 0.649367, "unemployment_score": 0.253933, "stackability_score": 0.333333, "stage1_result": "Advances to Scoring" }, "geometry": { "type": "Polygon", "coordinates": [ [ [ -76.602609, 39.140888 ], [ -76.599143, 39.144316 ], [ -76.59818, 39.142759 ], [ -76.595165, 39.140225 ], [ -76.594367, 39.140801 ], [ -76.591375, 39.139592 ], [ -76.590665, 39.140261 ], [ -76.588572, 39.140839 ], [ -76.584517, 39.134095 ], [ -76.597334, 39.136038 ], [ -76.60029, 39.137938 ], [ -76.602609, 39.140888 ] ] ] } },
{ "type": "Feature", "properties": { "geoid": "24003730403", "state": "Maryland", "county": "Anne Arundel County", "classification": "Less Likely", "oztoolclassification": "Less likely to attract OZ investment", "composite_score": 0.200272, "rank": 320, "recommended": 0, "jobs_2022": 415.0, "povrate_2024": 0.075991, "median_hhincome_2024": 95577.0, "unemprate_2024": 0.028658, "vacancyrate_2024": 0.084765, "stackability_count": 1, "pop_2024": 4545.0, "median_homevalue_2024": 340300.0, "job_density_score": 0.019216, "dev_capacity_score": 0.068804, "market_momentum_score": 0.716644, "poverty_score": 0.271397, "income_score": 0.172427, "unemployment_score": 0.082929, "stackability_score": 0.333333, "stage1_result": "Advances to Scoring" }, "geometry": { "type": "Polygon", "coordinates": [ [ [ -76.632024, 39.150156 ], [ -76.631432, 39.152882 ], [ -76.626856, 39.151287 ], [ -76.62029, 39.151042 ], [ -76.619104, 39.147611 ], [ -76.61864, 39.139818 ], [ -76.623254, 39.139906 ], [ -76.626509, 39.140586 ], [ -76.631467, 39.144292 ], [ -76.632024, 39.150156 ] ] ] } },
{ "type": "Feature", "properties": { "geoid": "24003730206", "state": "Maryland", "county": "Anne Arundel County", "classification": "Less Likely", "oztoolclassification": "Less likely to attract OZ investment", "composite_score": 0.281026, "rank": 189, "recommended": 0, "jobs_2022": 151.0, "povrate_2024": 0.248352, "median_hhincome_2024": 65032.0, "unemprate_2024": 0.093448, "vacancyrate_2024": 0.032219, "stackability_count": 0, "pop_2024": 3338.0, "median_homevalue_2024": 363200.0, "job_density_score": 0.006752, "dev_capacity_score": 0.068804, "market_momentum_score": 0.716644, "poverty_score": 0.886972, "income_score": 0.444008, "unemployment_score": 0.270417, "stackability_score": 0.0, "stage1_result": "Advances to Scoring" }, "geometry": { "type": "Polygon", "coordinates": [ [ [ -76.599143, 39.144316 ], [ -76.596033, 39.14679 ], [ -76.592911, 39.147961 ], [ -76.595539, 39.151991 ], [ -76.598791, 39.155075 ], [ -76.598973, 39.156032 ], [ -76.594032, 39.161016 ], [ -76.591236, 39.161753 ], [ -76.589096, 39.164747 ], [ -76.58611, 39.162409 ], [ -76.585909, 39.160575 ], [ -76.584803, 39.158971 ], [ -76.590455, 39.15587 ], [ -76.5911, 39.15515 ], [ -76.590062, 39.153663 ], [ -76.59001, 39.15244 ], [ -76.592105, 39.151568 ], [ -76.588495, 39.145758 ], [ -76.590483, 39.144025 ], [ -76.588572, 39.140839 ], [ -76.590665, 39.140261 ], [ -76.591375, 39.139592 ], [ -76.594367, 39.140801 ], [ -76.595165, 39.140225 ], [ -76.59818, 39.142759 ], [ -76.599143, 39.144316 ] ] ] } },
{ "type": "Feature", "properties": { "geoid": "24003730404", "state": "Maryland", "county": "Anne Arundel County", "classification": "Less Likely", "oztoolclassification": "Less likely to attract OZ investment", "composite_score": 0.259995, "rank": 226, "recommended": 0, "jobs_2022": 561.0, "povrate_2024": 0.136701, "median_hhincome_2024": 63536.0, "unemprate_2024": 0.014156, "vacancyrate_2024": 0.033416, "stackability_count": 1, "pop_2024": 2019.0, "median_homevalue_2024": 325400.0, "job_density_score": 0.02611, "dev_capacity_score": 0.068804, "market_momentum_score": 0.716644, "poverty_score": 0.488219, "income_score": 0.457309, "unemployment_score": 0.040963, "stackability_score": 0.333333, "stage1_result": "Advances to Scoring" }, "geometry": { "type": "Polygon", "coordinates": [ [ [ -76.62029, 39.151042 ], [ -76.614555, 39.153689 ], [ -76.597445, 39.134819 ], [ -76.602672, 39.135037 ], [ -76.615006, 39.139382 ], [ -76.61864, 39.139818 ], [ -76.619104, 39.147611 ], [ -76.62029, 39.151042 ] ] ] } },
{ "type": "Feature", "properties": { "geoid": "24003730511", "state": "Maryland", "county": "Anne Arundel County", "classification": "Already Attractive", "oztoolclassification": "Likely to attract capital even without OZ designation", "composite_score": 0.304377, "rank": 145, "recommended": 0, "jobs_2022": 227.0, "povrate_2024": 0.166413, "median_hhincome_2024": 40368.0, "unemprate_2024": 0.068571, "vacancyrate_2024": 0.083225, "stackability_count": 1, "pop_2024": 1316.0, "median_homevalue_2024": null, "job_density_score": 0.01034, "dev_capacity_score": 0.068804, "market_momentum_score": 0.716644, "poverty_score": 0.594333, "income_score": 0.6633, "unemployment_score": 0.19843, "stackability_score": 0.333333, "stage1_result": "Advances to Scoring" }, "geometry": { "type": "Polygon", "coordinates": [ [ [ -76.633384, 39.137483 ], [ -76.631631, 39.144422 ], [ -76.626509, 39.140586 ], [ -76.628152, 39.138873 ], [ -76.625846, 39.136041 ], [ -76.629821, 39.134483 ], [ -76.631409, 39.135496 ], [ -76.632054, 39.136879 ], [ -76.633384, 39.137483 ] ] ] } },
{ "type": "Feature", "properties": { "geoid": "24003730514", "state": "Maryland", "county": "Anne Arundel County", "classification": "Already Attractive", "oztoolclassification": "Likely to attract capital even without OZ designation", "composite_score": 0.245198, "rank": 248, "recommended": 0, "jobs_2022": 284.0, "povrate_2024": 0.090667, "median_hhincome_2024": 61587.0, "unemprate_2024": 0.066232, "vacancyrate_2024": 0.075421, "stackability_count": 1, "pop_2024": 3000.0, "median_homevalue_2024": null, "job_density_score": 0.013031, "dev_capacity_score": 0.068804, "market_momentum_score": 0.716644, "poverty_score": 0.32381, "income_score": 0.474638, "unemployment_score": 0.19166, "stackability_score": 0.333333, "stage1_result": "Advances to Scoring" }, "geometry": { "type": "Polygon", "coordinates": [ [ [ -76.641211, 39.128043 ], [ -76.639623, 39.13035 ], [ -76.63446, 39.135557 ], [ -76.632327, 39.134653 ], [ -76.629814, 39.132437 ], [ -76.629847, 39.130585 ], [ -76.6309, 39.129662 ], [ -76.632645, 39.129765 ], [ -76.633266, 39.129111 ], [ -76.635189, 39.129495 ], [ -76.636108, 39.128206 ], [ -76.636908, 39.128085 ], [ -76.637664, 39.126518 ], [ -76.639023, 39.125683 ], [ -76.640344, 39.126062 ], [ -76.641211, 39.128043 ] ] ] } },
{ "type": "Feature", "properties": { "geoid": "24031703218", "state": "Maryland", "county": "Montgomery County", "classification": "Already Attractive", "oztoolclassification": "Likely to attract capital even without OZ designation", "composite_score": 0.181034, "rank": 333, "recommended": 0, "jobs_2022": 745.0, "povrate_2024": 0.086957, "median_hhincome_2024": 84279.0, "unemprate_2024": 0.072581, "vacancyrate_2024": 0.100487, "stackability_count": 0, "pop_2024": 1962.0, "median_homevalue_2024": 278800.0, "job_density_score": 0.034797, "dev_capacity_score": 0.068804, "market_momentum_score": 0.716644, "poverty_score": 0.310559, "income_score": 0.272879, "unemployment_score": 0.210032, "stackability_score": 0.0, "stage1_result": "Advances to Scoring" }, "geometry": { "type": "Polygon", "coordinates": [ [ [ -77.076918, 39.101305 ], [ -77.075911, 39.109413 ], [ -77.074494, 39.109915 ], [ -77.073059, 39.11199 ], [ -77.070114, 39.112483 ], [ -77.068733, 39.109176 ], [ -77.067573, 39.109184 ], [ -77.068305, 39.106956 ], [ -77.06982, 39.105185 ], [ -77.070106, 39.104183 ], [ -77.071037, 39.103507 ], [ -77.072349, 39.103691 ], [ -77.074312, 39.100926 ], [ -77.076918, 39.101305 ] ] ] } },
{ "type": "Feature", "properties": { "geoid": "24031701508", "state": "Maryland", "county": "Montgomery County", "classification": "Less Likely", "oztoolclassification": "Less likely to attract OZ investment", "composite_score": null, "rank": null, "recommended": 0, "jobs_2022": 95.0, "povrate_2024": 0.111709, "median_hhincome_2024": 84755.0, "unemprate_2024": 0.119497, "vacancyrate_2024": 0.042032, "stackability_count": 1, "pop_2024": 4834.0, "median_homevalue_2024": 529800.0, "job_density_score": null, "dev_capacity_score": null, "market_momentum_score": null, "poverty_score": null, "income_score": null, "unemployment_score": null, "stackability_score": null, "stage1_result": "Eliminated — Already Attractive" }, "geometry": { "type": "Polygon", "coordinates": [ [ [ -76.986904, 39.046457 ], [ -76.979407, 39.051068 ], [ -76.976211, 39.049289 ], [ -76.975578, 39.047927 ], [ -76.973289, 39.047359 ], [ -76.973396, 39.046207 ], [ -76.972564, 39.044574 ], [ -76.972335, 39.042774 ], [ -76.969451, 39.041969 ], [ -76.967872, 39.043262 ], [ -76.967689, 39.042236 ], [ -76.968551, 39.041011 ], [ -76.979924, 39.039812 ], [ -76.980061, 39.040575 ], [ -76.981811, 39.041484 ], [ -76.981018, 39.04198 ], [ -76.980278, 39.04383 ], [ -76.980476, 39.04449 ], [ -76.982002, 39.045608 ], [ -76.984489, 39.04531 ], [ -76.986904, 39.046457 ] ] ] } },
{ "type": "Feature", "properties": { "geoid": "24031701423", "state": "Maryland", "county": "Montgomery County", "classification": "Less Likely", "oztoolclassification": "Less likely to attract OZ investment", "composite_score": null, "rank": null, "recommended": 0, "jobs_2022": 102.0, "povrate_2024": 0.138013, "median_hhincome_2024": 89196.0, "unemprate_2024": 0.057767, "vacancyrate_2024": 0.039639, "stackability_count": 1, "pop_2024": 5456.0, "median_homevalue_2024": 369300.0, "job_density_score": null, "dev_capacity_score": null, "market_momentum_score": null, "poverty_score": null, "income_score": null, "unemployment_score": null, "stackability_score": null, "stage1_result": "Eliminated — Already Attractive" }, "geometry": { "type": "Polygon", "coordinates": [ [ [ -76.945585, 39.086104 ], [ -76.937856, 39.095547 ], [ -76.932044, 39.093208 ], [ -76.930099, 39.090923 ], [ -76.931228, 39.085979 ], [ -76.933929, 39.085624 ], [ -76.938415, 39.083102 ], [ -76.939296, 39.084169 ], [ -76.942955, 39.085047 ], [ -76.945585, 39.086104 ] ] ] } },
{ "type": "Feature", "properties": { "geoid": "24033803610", "state": "Maryland", "county": "Prince George's County", "classification": "Less Likely", "oztoolclassification": "Less likely to attract OZ investment", "composite_score": null, "rank": null, "recommended": 0, "jobs_2022": 798.0, "povrate_2024": 0.149858, "median_hhincome_2024": 84632.0, "unemprate_2024": 0.085129, "vacancyrate_2024": 0.048161, "stackability_count": 1, "pop_2024": 3940.0, "median_homevalue_2024": 436000.0, "job_density_score": null, "dev_capacity_score": null, "market_momentum_score": null, "poverty_score": null, "income_score": null, "unemployment_score": null, "stackability_score": null, "stage1_result": "Eliminated — Already Attractive" }, "geometry": { "type": "Polygon", "coordinates": [ [ [ -76.896839, 38.964394 ], [ -76.896502, 38.96519 ], [ -76.895557, 38.965137 ], [ -76.893006, 38.966722 ], [ -76.889587, 38.967487 ], [ -76.887097, 38.967124 ], [ -76.884304, 38.965893 ], [ -76.881039, 38.965597 ], [ -76.877787, 38.966508 ], [ -76.874091, 38.966118 ], [ -76.872377, 38.965011 ], [ -76.869504, 38.961384 ], [ -76.869926, 38.960498 ], [ -76.869223, 38.957917 ], [ -76.87262, 38.955989 ], [ -76.87543, 38.958833 ], [ -76.876688, 38.959485 ], [ -76.883767, 38.961842 ], [ -76.887563, 38.962325 ], [ -76.890673, 38.964134 ], [ -76.896839, 38.964394 ] ] ] } },
{ "type": "Feature", "properties": { "geoid": "24033803612", "state": "Maryland", "county": "Prince George's County", "classification": "Less Likely", "oztoolclassification": "Less likely to attract OZ investment", "composite_score": 0.290516, "rank": 174, "recommended": 0, "jobs_2022": 2306.0, "povrate_2024": 0.145291, "median_hhincome_2024": 75957.0, "unemprate_2024": 0.067059, "vacancyrate_2024": 0.023824, "stackability_count": 1, "pop_2024": 3992.0, "median_homevalue_2024": 360900.0, "job_density_score": 0.108499, "dev_capacity_score": 0.068804, "market_momentum_score": 0.716644, "poverty_score": 0.518895, "income_score": 0.346872, "unemployment_score": 0.194055, "stackability_score": 0.333333, "stage1_result": "Advances to Scoring" }, "geometry": { "type": "Polygon", "coordinates": [ [ [ -76.888175, 38.948244 ], [ -76.884793, 38.952163 ], [ -76.878623, 38.952793 ], [ -76.866037, 38.959659 ], [ -76.864707, 38.957095 ], [ -76.869521, 38.950699 ], [ -76.880027, 38.941458 ], [ -76.881442, 38.945619 ], [ -76.884847, 38.94724 ], [ -76.88712, 38.947508 ], [ -76.888175, 38.948244 ] ] ] } },
{ "type": "Feature", "properties": { "geoid": "24033803613", "state": "Maryland", "county": "Prince George's County", "classification": "Goldilocks", "oztoolclassification": "More likely to attract OZ investment, with larger impact", "composite_score": null, "rank": null, "recommended": 0, "jobs_2022": 699.0, "povrate_2024": 0.071902, "median_hhincome_2024": 74082.0, "unemprate_2024": 0.025111, "vacancyrate_2024": 0.044362, "stackability_count": 1, "pop_2024": 7558.0, "median_homevalue_2024": 405800.0, "job_density_score": null, "dev_capacity_score": null, "market_momentum_score": null, "poverty_score": null, "income_score": null, "unemployment_score": null, "stackability_score": null, "stage1_result": "Eliminated — Already Attractive" }, "geometry": { "type": "Polygon", "coordinates": [ [ [ -76.900479, 38.963234 ], [ -76.898079, 38.964387 ], [ -76.890673, 38.964134 ], [ -76.887563, 38.962325 ], [ -76.883767, 38.961842 ], [ -76.87624, 38.959307 ], [ -76.87262, 38.955989 ], [ -76.878623, 38.952793 ], [ -76.883686, 38.952504 ], [ -76.88549, 38.951658 ], [ -76.893423, 38.959271 ], [ -76.900479, 38.963234 ] ] ] } },
{ "type": "Feature", "properties": { "geoid": "24033803801", "state": "Maryland", "county": "Prince George's County", "classification": "Less Likely", "oztoolclassification": "Less likely to attract OZ investment", "composite_score": 0.239043, "rank": 260, "recommended": 0, "jobs_2022": 912.0, "povrate_2024": 0.098677, "median_hhincome_2024": 93452.0, "unemprate_2024": 0.105067, "vacancyrate_2024": 0.06383, "stackability_count": 1, "pop_2024": 2648.0, "median_homevalue_2024": 361800.0, "job_density_score": 0.042682, "dev_capacity_score": 0.068804, "market_momentum_score": 0.716644, "poverty_score": 0.352417, "income_score": 0.19132, "unemployment_score": 0.30404, "stackability_score": 0.333333, "stage1_result": "Advances to Scoring" }, "geometry": { "type": "Polygon", "coordinates": [ [ [ -76.914357, 38.939158 ], [ -76.911418, 38.942228 ], [ -76.910237, 38.944431 ], [ -76.909802, 38.946567 ], [ -76.910009, 38.951202 ], [ -76.909422, 38.953109 ], [ -76.905106, 38.951856 ], [ -76.903111, 38.95018 ], [ -76.900937, 38.94927 ], [ -76.892029, 38.947045 ], [ -76.899831, 38.944795 ], [ -76.904022, 38.941437 ], [ -76.907538, 38.939311 ], [ -76.910358, 38.938839 ], [ -76.914357, 38.939158 ] ] ] } },
{ "type": "Feature", "properties": { "geoid": "24033803803", "state": "Maryland", "county": "Prince George's County", "classification": "Less Likely", "oztoolclassification": "Less likely to attract OZ investment", "composite_score": 0.247087, "rank": 244, "recommended": 0, "jobs_2022": 4145.0, "povrate_2024": 0.026664, "median_hhincome_2024": 91553.0, "unemprate_2024": 0.101351, "vacancyrate_2024": 0.031974, "stackability_count": 1, "pop_2024": 5930.0, "median_homevalue_2024": 361200.0, "job_density_score": 0.195326, "dev_capacity_score": 0.068804, "market_momentum_score": 0.716644, "poverty_score": 0.09523, "income_score": 0.208205, "unemployment_score": 0.293288, "stackability_score": 0.333333, "stage1_result": "Advances to Scoring" }, "geometry": { "type": "Polygon", "coordinates": [ [ [ -76.909422, 38.953109 ], [ -76.906038, 38.957449 ], [ -76.905545, 38.961212 ], [ -76.903009, 38.961432 ], [ -76.900479, 38.963234 ], [ -76.893423, 38.959271 ], [ -76.88549, 38.951658 ], [ -76.888032, 38.94833 ], [ -76.892029, 38.947045 ], [ -76.900937, 38.94927 ], [ -76.903111, 38.95018 ], [ -76.904854, 38.951735 ], [ -76.909422, 38.953109 ] ] ] } },
{ "type": "Feature", "properties": { "geoid": "24023000100", "state": "Maryland", "county": "Garrett County", "classification": "Less Likely", "oztoolclassification": "Less likely to attract OZ investment", "composite_score": 0.238443, "rank": 261, "recommended": 0, "jobs_2022": 1047.0, "povrate_2024": 0.15589, "median_hhincome_2024": 59094.0, "unemprate_2024": 0.045844, "vacancyrate_2024": 0.151174, "stackability_count": 0, "pop_2024": 4029.0, "median_homevalue_2024": 206700.0, "job_density_score": 0.049056, "dev_capacity_score": 0.068804, "market_momentum_score": 0.716644, "poverty_score": 0.556749, "income_score": 0.496804, "unemployment_score": 0.132662, "stackability_score": 0.0, "stage1_result": "Advances to Scoring" }, "geometry": { "type": "Polygon", "coordinates": [ [ [ -79.478655, 39.556317 ], [ -79.477764, 39.642282 ], [ -79.476561, 39.642738 ], [ -79.476662, 39.721078 ], [ -79.30033, 39.721977 ], [ -79.289085, 39.718034 ], [ -79.275537, 39.710365 ], [ -79.261101, 39.703701 ], [ -79.258979, 39.702301 ], [ -79.251708, 39.695305 ], [ -79.250187, 39.694714 ], [ -79.247933, 39.694625 ], [ -79.248744, 39.691535 ], [ -79.250665, 39.688067 ], [ -79.255164, 39.683252 ], [ -79.25711, 39.681925 ], [ -79.268845, 39.677865 ], [ -79.271501, 39.678303 ], [ -79.274362, 39.68046 ], [ -79.276491, 39.681127 ], [ -79.28324, 39.680664 ], [ -79.285396, 39.679943 ], [ -79.286835, 39.678343 ], [ -79.287132, 39.674913 ], [ -79.288016, 39.673037 ], [ -79.294739, 39.666465 ], [ -79.295328, 39.664587 ], [ -79.295216, 39.660885 ], [ -79.295684, 39.659101 ], [ -79.297167, 39.656651 ], [ -79.300012, 39.653748 ], [ -79.300298, 39.651795 ], [ -79.297264, 39.65003 ], [ -79.295886, 39.650226 ], [ -79.291134, 39.649476 ], [ -79.289506, 39.650159 ], [ -79.288526, 39.650023 ], [ -79.285579, 39.64784 ], [ -79.28482, 39.646554 ], [ -79.283783, 39.646183 ], [ -79.283009, 39.645176 ], [ -79.281674, 39.644787 ], [ -79.279821, 39.642633 ], [ -79.278273, 39.641831 ], [ -79.277515, 39.639495 ], [ -79.275775, 39.63764 ], [ -79.27506, 39.634778 ], [ -79.27582, 39.633754 ], [ -79.275863, 39.632385 ], [ -79.277378, 39.628092 ], [ -79.278792, 39.627207 ], [ -79.279127, 39.625343 ], [ -79.281207, 39.623332 ], [ -79.281937, 39.621331 ], [ -79.283768, 39.619077 ], [ -79.28657, 39.61405 ], [ -79.289241, 39.612229 ], [ -79.290742, 39.610494 ], [ -79.29077, 39.60976 ], [ -79.292678, 39.608311 ], [ -79.293314, 39.606825 ], [ -79.295338, 39.605174 ], [ -79.296167, 39.60247 ], [ -79.297415, 39.601159 ], [ -79.298676, 39.597578 ], [ -79.299739, 39.595936 ], [ -79.30022, 39.593141 ], [ -79.302365, 39.59125 ], [ -79.301897, 39.590601 ], [ -79.304684, 39.585015 ], [ -79.3062, 39.580223 ], [ -79.309289, 39.580909 ], [ -79.310984, 39.579958 ], [ -79.313055, 39.580286 ], [ -79.323912, 39.584643 ], [ -79.324942, 39.586671 ], [ -79.329142, 39.589882 ], [ -79.336477, 39.592147 ], [ -79.3376, 39.593772 ], [ -79.338023, 39.596274 ], [ -79.343901, 39.593243 ], [ -79.352447, 39.592329 ], [ -79.354717, 39.591602 ], [ -79.358466, 39.58757 ], [ -79.359894, 39.583336 ], [ -79.361082, 39.581574 ], [ -79.370268, 39.575443 ], [ -79.370938, 39.572973 ], [ -79.369027, 39.568396 ], [ -79.367473, 39.566544 ], [ -79.362942, 39.563133 ], [ -79.362488, 39.561362 ], [ -79.366093, 39.562076 ], [ -79.37086, 39.561983 ], [ -79.374053, 39.562582 ], [ -79.390235, 39.568136 ], [ -79.39166, 39.569695 ], [ -79.392438, 39.571648 ], [ -79.392773, 39.575341 ], [ -79.396211, 39.571927 ], [ -79.399899, 39.57054 ], [ -79.404486, 39.570993 ], [ -79.419165, 39.571059 ], [ -79.422364, 39.569033 ], [ -79.42374, 39.565823 ], [ -79.428918, 39.566273 ], [ -79.429993, 39.565516 ], [ -79.431864, 39.565893 ], [ -79.435112, 39.56405 ], [ -79.435553, 39.564807 ], [ -79.437875, 39.564013 ], [ -79.440696, 39.563915 ], [ -79.443198, 39.565113 ], [ -79.444076, 39.565079 ], [ -79.447141, 39.56297 ], [ -79.447676, 39.561423 ], [ -79.447833, 39.558167 ], [ -79.452466, 39.554362 ], [ -79.457485, 39.553321 ], [ -79.46005, 39.55327 ], [ -79.462123, 39.552603 ], [ -79.463164, 39.551498 ], [ -79.465753, 39.552211 ], [ -79.469479, 39.552433 ], [ -79.471096, 39.554147 ], [ -79.475107, 39.556297 ], [ -79.475614, 39.556439 ], [ -79.476605, 39.555544 ], [ -79.478655, 39.556317 ] ] ] } },
{ "type": "Feature", "properties": { "geoid": "24023000700", "state": "Maryland", "county": "Garrett County", "classification": "Less Likely", "oztoolclassification": "Less likely to attract OZ investment", "composite_score": 0.260207, "rank": 225, "recommended": 0, "jobs_2022": 2086.0, "povrate_2024": 0.157111, "median_hhincome_2024": 53750.0, "unemprate_2024": 0.052934, "vacancyrate_2024": 0.10479, "stackability_count": 0, "pop_2024": 5458.0, "median_homevalue_2024": 211900.0, "job_density_score": 0.098111, "dev_capacity_score": 0.068804, "market_momentum_score": 0.716644, "poverty_score": 0.56111, "income_score": 0.544318, "unemployment_score": 0.15318, "stackability_score": 0.0, "stage1_result": "Advances to Scoring" }, "geometry": { "type": "Polygon", "coordinates": [ [ [ -79.487274, 39.265205 ], [ -79.487122, 39.275453 ], [ -79.485467, 39.277677 ], [ -79.484274, 39.278999 ], [ -79.481728, 39.279633 ], [ -79.478842, 39.281315 ], [ -79.474006, 39.287009 ], [ -79.469817, 39.293319 ], [ -79.466368, 39.295539 ], [ -79.457064, 39.304817 ], [ -79.454295, 39.308884 ], [ -79.451132, 39.311805 ], [ -79.45038, 39.31604 ], [ -79.450594, 39.318005 ], [ -79.453598, 39.324078 ], [ -79.457861, 39.328384 ], [ -79.457701, 39.33034 ], [ -79.451537, 39.337849 ], [ -79.439778, 39.344074 ], [ -79.434712, 39.347795 ], [ -79.431111, 39.352458 ], [ -79.420537, 39.36243 ], [ -79.418926, 39.364944 ], [ -79.416206, 39.372191 ], [ -79.413299, 39.377117 ], [ -79.405093, 39.385037 ], [ -79.398371, 39.39504 ], [ -79.397636, 39.394953 ], [ -79.394745, 39.399766 ], [ -79.392981, 39.401024 ], [ -79.392429, 39.402802 ], [ -79.391153, 39.403156 ], [ -79.391219, 39.403959 ], [ -79.389219, 39.407545 ], [ -79.39767, 39.410521 ], [ -79.396458, 39.413141 ], [ -79.389802, 39.417335 ], [ -79.387353, 39.416895 ], [ -79.382948, 39.417649 ], [ -79.378639, 39.42159 ], [ -79.371, 39.420144 ], [ -79.365308, 39.42565 ], [ -79.363947, 39.428554 ], [ -79.362779, 39.429773 ], [ -79.356885, 39.431883 ], [ -79.353898, 39.430416 ], [ -79.353264, 39.428982 ], [ -79.350517, 39.427072 ], [ -79.346585, 39.426124 ], [ -79.342913, 39.42435 ], [ -79.338463, 39.424207 ], [ -79.335554, 39.422232 ], [ -79.334429, 39.419777 ], [ -79.332391, 39.418368 ], [ -79.334597, 39.414853 ], [ -79.334631, 39.412964 ], [ -79.329711, 39.40746 ], [ -79.327411, 39.403976 ], [ -79.324727, 39.404744 ], [ -79.320246, 39.40759 ], [ -79.317388, 39.407784 ], [ -79.314897, 39.410025 ], [ -79.312186, 39.409711 ], [ -79.310688, 39.41216 ], [ -79.305266, 39.406471 ], [ -79.302103, 39.406279 ], [ -79.300092, 39.407439 ], [ -79.299431, 39.407338 ], [ -79.298538, 39.404146 ], [ -79.299196, 39.401597 ], [ -79.298574, 39.398186 ], [ -79.298221, 39.397224 ], [ -79.297239, 39.396909 ], [ -79.297939, 39.395326 ], [ -79.300923, 39.3938 ], [ -79.302879, 39.391608 ], [ -79.303956, 39.389671 ], [ -79.303838, 39.385517 ], [ -79.301302, 39.383743 ], [ -79.295669, 39.381077 ], [ -79.295855, 39.377275 ], [ -79.296972, 39.374889 ], [ -79.29718, 39.368195 ], [ -79.296851, 39.364342 ], [ -79.294949, 39.362035 ], [ -79.297175, 39.359911 ], [ -79.299936, 39.359641 ], [ -79.301843, 39.358538 ], [ -79.306815, 39.353145 ], [ -79.308887, 39.352489 ], [ -79.309705, 39.351247 ], [ -79.312173, 39.351036 ], [ -79.314738, 39.349869 ], [ -79.315622, 39.348679 ], [ -79.317509, 39.347901 ], [ -79.321575, 39.34472 ], [ -79.322552, 39.343196 ], [ -79.321196, 39.342149 ], [ -79.313463, 39.341861 ], [ -79.31302, 39.339151 ], [ -79.312323, 39.338114 ], [ -79.309976, 39.337893 ], [ -79.309982, 39.325588 ], [ -79.310447, 39.32118 ], [ -79.308839, 39.31874 ], [ -79.306978, 39.317769 ], [ -79.306959, 39.315894 ], [ -79.307988, 39.314262 ], [ -79.311641, 39.31249 ], [ -79.311082, 39.305653 ], [ -79.311608, 39.304756 ], [ -79.312555, 39.304337 ], [ -79.313944, 39.304706 ], [ -79.316604, 39.304305 ], [ -79.319745, 39.302047 ], [ -79.320402, 39.30065 ], [ -79.321265, 39.300005 ], [ -79.326246, 39.301077 ], [ -79.329417, 39.299911 ], [ -79.332647, 39.30013 ], [ -79.333949, 39.29882 ], [ -79.338087, 39.296769 ], [ -79.340375, 39.293671 ], [ -79.344564, 39.293439 ], [ -79.346282, 39.293815 ], [ -79.347086, 39.293018 ], [ -79.347337, 39.290914 ], [ -79.345904, 39.289923 ], [ -79.343656, 39.287118 ], [ -79.343786, 39.286556 ], [ -79.344915, 39.284969 ], [ -79.34616, 39.284521 ], [ -79.349614, 39.285204 ], [ -79.351308, 39.285071 ], [ -79.352059, 39.280605 ], [ -79.354165, 39.277881 ], [ -79.356087, 39.277996 ], [ -79.357145, 39.276507 ], [ -79.361714, 39.27484 ], [ -79.364868, 39.274758 ], [ -79.367169, 39.274052 ], [ -79.373173, 39.273994 ], [ -79.376014, 39.273217 ], [ -79.378809, 39.271818 ], [ -79.381857, 39.266865 ], [ -79.384489, 39.2674 ], [ -79.385624, 39.268242 ], [ -79.387338, 39.26782 ], [ -79.387812, 39.267413 ], [ -79.387021, 39.265495 ], [ -79.387376, 39.263549 ], [ -79.390258, 39.261364 ], [ -79.391353, 39.261149 ], [ -79.392583, 39.261786 ], [ -79.393285, 39.261627 ], [ -79.395004, 39.257074 ], [ -79.396232, 39.25608 ], [ -79.397982, 39.256316 ], [ -79.39956, 39.255042 ], [ -79.398388, 39.253408 ], [ -79.399665, 39.251505 ], [ -79.400776, 39.250603 ], [ -79.403451, 39.25013 ], [ -79.405574, 39.248178 ], [ -79.405861, 39.247347 ], [ -79.409452, 39.246199 ], [ -79.408246, 39.245457 ], [ -79.408335, 39.24507 ], [ -79.409478, 39.242796 ], [ -79.41212, 39.241231 ], [ -79.412217, 39.240193 ], [ -79.41426, 39.240395 ], [ -79.4151, 39.239638 ], [ -79.417574, 39.239826 ], [ -79.420261, 39.238883 ], [ -79.420925, 39.238066 ], [ -79.420369, 39.236361 ], [ -79.42068, 39.235424 ], [ -79.423934, 39.234086 ], [ -79.424704, 39.234661 ], [ -79.425221, 39.234477 ], [ -79.424336, 39.230081 ], [ -79.424688, 39.228353 ], [ -79.424054, 39.227398 ], [ -79.425713, 39.225314 ], [ -79.427667, 39.224912 ], [ -79.429116, 39.22364 ], [ -79.430082, 39.223497 ], [ -79.430511, 39.224316 ], [ -79.431223, 39.22452 ], [ -79.432984, 39.223887 ], [ -79.436516, 39.219554 ], [ -79.437695, 39.218555 ], [ -79.438705, 39.218527 ], [ -79.440647, 39.216506 ], [ -79.441706, 39.216968 ], [ -79.44208, 39.216353 ], [ -79.444113, 39.21666 ], [ -79.447424, 39.215682 ], [ -79.448547, 39.21443 ], [ -79.450544, 39.214002 ], [ -79.450784, 39.212766 ], [ -79.452218, 39.212662 ], [ -79.452161, 39.212101 ], [ -79.453121, 39.211453 ], [ -79.452577, 39.21136 ], [ -79.452704, 39.210871 ], [ -79.453304, 39.21047 ], [ -79.455288, 39.21019 ], [ -79.455345, 39.211052 ], [ -79.456919, 39.21086 ], [ -79.45855, 39.211623 ], [ -79.460555, 39.211556 ], [ -79.462757, 39.210875 ], [ -79.465566, 39.209073 ], [ -79.467387, 39.208765 ], [ -79.468121, 39.207612 ], [ -79.469604, 39.207216 ], [ -79.468749, 39.206348 ], [ -79.469398, 39.204497 ], [ -79.470047, 39.204563 ], [ -79.469793, 39.203734 ], [ -79.470526, 39.203201 ], [ -79.472214, 39.203255 ], [ -79.472997, 39.202124 ], [ -79.47652, 39.203853 ], [ -79.48072, 39.204472 ], [ -79.480897, 39.204873 ], [ -79.483008, 39.205207 ], [ -79.483234, 39.205701 ], [ -79.486875, 39.205896 ], [ -79.485874, 39.264905 ], [ -79.487274, 39.265205 ] ] ] } },
{ "type": "Feature", "properties": { "geoid": "24023000400", "state": "Maryland", "county": "Garrett County", "classification": "Less Likely", "oztoolclassification": "Less likely to attract OZ investment", "composite_score": 0.221829, "rank": 293, "recommended": 0, "jobs_2022": 199.0, "povrate_2024": 0.121849, "median_hhincome_2024": 55994.0, "unemprate_2024": 0.092827, "vacancyrate_2024": 0.186942, "stackability_count": 0, "pop_2024": 2651.0, "median_homevalue_2024": 148000.0, "job_density_score": 0.009018, "dev_capacity_score": 0.068804, "market_momentum_score": 0.716644, "poverty_score": 0.435174, "income_score": 0.524366, "unemployment_score": 0.26862, "stackability_score": 0.0, "stage1_result": "Advances to Scoring" }, "geometry": { "type": "Polygon", "coordinates": [ [ [ -79.354962, 39.4311 ], [ -79.348739, 39.433004 ], [ -79.342021, 39.437417 ], [ -79.339114, 39.438749 ], [ -79.334891, 39.438059 ], [ -79.333196, 39.438438 ], [ -79.332321, 39.43937 ], [ -79.327731, 39.439727 ], [ -79.320395, 39.438456 ], [ -79.319216, 39.438916 ], [ -79.316858, 39.441074 ], [ -79.311318, 39.440864 ], [ -79.301167, 39.438062 ], [ -79.301289, 39.437556 ], [ -79.299613, 39.437274 ], [ -79.296719, 39.435796 ], [ -79.292564, 39.434925 ], [ -79.290404, 39.434981 ], [ -79.283313, 39.437719 ], [ -79.271185, 39.448192 ], [ -79.264395, 39.450196 ], [ -79.258769, 39.453249 ], [ -79.248834, 39.455795 ], [ -79.242714, 39.458187 ], [ -79.236158, 39.459909 ], [ -79.237631, 39.462449 ], [ -79.24244, 39.466399 ], [ -79.243442, 39.468125 ], [ -79.244167, 39.470909 ], [ -79.244471, 39.48126 ], [ -79.248189, 39.492473 ], [ -79.247717, 39.493814 ], [ -79.246508, 39.495087 ], [ -79.2313, 39.50386 ], [ -79.23024, 39.505198 ], [ -79.230026, 39.506757 ], [ -79.234422, 39.519981 ], [ -79.236026, 39.521934 ], [ -79.241786, 39.526978 ], [ -79.242395, 39.528292 ], [ -79.242308, 39.529517 ], [ -79.241617, 39.530644 ], [ -79.236465, 39.534918 ], [ -79.234258, 39.537475 ], [ -79.233899, 39.538603 ], [ -79.227779, 39.541421 ], [ -79.22448, 39.544439 ], [ -79.22043, 39.545919 ], [ -79.218574, 39.547446 ], [ -79.215347, 39.54909 ], [ -79.213068, 39.551578 ], [ -79.212296, 39.554186 ], [ -79.210875, 39.555562 ], [ -79.206899, 39.556826 ], [ -79.204195, 39.556833 ], [ -79.203401, 39.557692 ], [ -79.20213, 39.556517 ], [ -79.197076, 39.555914 ], [ -79.196366, 39.554804 ], [ -79.195281, 39.554296 ], [ -79.190669, 39.55427 ], [ -79.185002, 39.552716 ], [ -79.179704, 39.5501 ], [ -79.175373, 39.550054 ], [ -79.172895, 39.54944 ], [ -79.16932, 39.543334 ], [ -79.165747, 39.539756 ], [ -79.160961, 39.537773 ], [ -79.157983, 39.537157 ], [ -79.152523, 39.534108 ], [ -79.151794, 39.531752 ], [ -79.153384, 39.530281 ], [ -79.153753, 39.528733 ], [ -79.150954, 39.525256 ], [ -79.1487, 39.523937 ], [ -79.145864, 39.523146 ], [ -79.14199, 39.522854 ], [ -79.141059, 39.522343 ], [ -79.136948, 39.511674 ], [ -79.134163, 39.507545 ], [ -79.130751, 39.504723 ], [ -79.129925, 39.503426 ], [ -79.12738, 39.502915 ], [ -79.124757, 39.503003 ], [ -79.122074, 39.50192 ], [ -79.117986, 39.501938 ], [ -79.114734, 39.501292 ], [ -79.110758, 39.502095 ], [ -79.10596, 39.501131 ], [ -79.104524, 39.50019 ], [ -79.104559, 39.497242 ], [ -79.103563, 39.496002 ], [ -79.102316, 39.495791 ], [ -79.099883, 39.496429 ], [ -79.0975, 39.496049 ], [ -79.097379, 39.494963 ], [ -79.098229, 39.492298 ], [ -79.097168, 39.491134 ], [ -79.095072, 39.490608 ], [ -79.089093, 39.491198 ], [ -79.087025, 39.488241 ], [ -79.084987, 39.486644 ], [ -79.082763, 39.486305 ], [ -79.080474, 39.486838 ], [ -79.074399, 39.486514 ], [ -79.073595, 39.485678 ], [ -79.0736, 39.484047 ], [ -79.072154, 39.481492 ], [ -79.069018, 39.481244 ], [ -79.067887, 39.480581 ], [ -79.068241, 39.479558 ], [ -79.06777, 39.475999 ], [ -79.069138, 39.474066 ], [ -79.069719, 39.474379 ], [ -79.072914, 39.473857 ], [ -79.082139, 39.471583 ], [ -79.086793, 39.471621 ], [ -79.090697, 39.472389 ], [ -79.093277, 39.473448 ], [ -79.095991, 39.475336 ], [ -79.100194, 39.476999 ], [ -79.102383, 39.476394 ], [ -79.10472, 39.474922 ], [ -79.105555, 39.473164 ], [ -79.104087, 39.470403 ], [ -79.100785, 39.468822 ], [ -79.097278, 39.468456 ], [ -79.095882, 39.467352 ], [ -79.094542, 39.464849 ], [ -79.095171, 39.463086 ], [ -79.096312, 39.462421 ], [ -79.105174, 39.463012 ], [ -79.106725, 39.462385 ], [ -79.107879, 39.461221 ], [ -79.108713, 39.457953 ], [ -79.10833, 39.457124 ], [ -79.103315, 39.457801 ], [ -79.101806, 39.457165 ], [ -79.102025, 39.455721 ], [ -79.103009, 39.454847 ], [ -79.10242, 39.453206 ], [ -79.102816, 39.450482 ], [ -79.104146, 39.44851 ], [ -79.107778, 39.445896 ], [ -79.110554, 39.445269 ], [ -79.113888, 39.443521 ], [ -79.116012, 39.441401 ], [ -79.11686, 39.438858 ], [ -79.116512, 39.438128 ], [ -79.113579, 39.4368 ], [ -79.11212, 39.435511 ], [ -79.110673, 39.433046 ], [ -79.110821, 39.431854 ], [ -79.112732, 39.430854 ], [ -79.120909, 39.433029 ], [ -79.124036, 39.433204 ], [ -79.126391, 39.430891 ], [ -79.129047, 39.429542 ], [ -79.129491, 39.428719 ], [ -79.129404, 39.426637 ], [ -79.12841, 39.423562 ], [ -79.127547, 39.422972 ], [ -79.127137, 39.421808 ], [ -79.127866, 39.419066 ], [ -79.127442, 39.418177 ], [ -79.128381, 39.417481 ], [ -79.129826, 39.417303 ], [ -79.136499, 39.418887 ], [ -79.14079, 39.417846 ], [ -79.141843, 39.417098 ], [ -79.14231, 39.416687 ], [ -79.142501, 39.414733 ], [ -79.141829, 39.413752 ], [ -79.141138, 39.408682 ], [ -79.142179, 39.406467 ], [ -79.143751, 39.405202 ], [ -79.146734, 39.40454 ], [ -79.148979, 39.405039 ], [ -79.149979, 39.406077 ], [ -79.149181, 39.408822 ], [ -79.149559, 39.413727 ], [ -79.150152, 39.41574 ], [ -79.151241, 39.416968 ], [ -79.15535, 39.418299 ], [ -79.159466, 39.417036 ], [ -79.160305, 39.415923 ], [ -79.159472, 39.414202 ], [ -79.158996, 39.411441 ], [ -79.159416, 39.409543 ], [ -79.160576, 39.407816 ], [ -79.164512, 39.405679 ], [ -79.166705, 39.400943 ], [ -79.165448, 39.395472 ], [ -79.164392, 39.395015 ], [ -79.161478, 39.390902 ], [ -79.161415, 39.389348 ], [ -79.162271, 39.388129 ], [ -79.164572, 39.38718 ], [ -79.166065, 39.387443 ], [ -79.171746, 39.391513 ], [ -79.174569, 39.395379 ], [ -79.17677, 39.396637 ], [ -79.179184, 39.396495 ], [ -79.181091, 39.395131 ], [ -79.181128, 39.394394 ], [ -79.176636, 39.389741 ], [ -79.176959, 39.389028 ], [ -79.177411, 39.388686 ], [ -79.177836, 39.389087 ], [ -79.182964, 39.385478 ], [ -79.185569, 39.385208 ], [ -79.188907, 39.386018 ], [ -79.193303, 39.388632 ], [ -79.195235, 39.388857 ], [ -79.197691, 39.388373 ], [ -79.199099, 39.385941 ], [ -79.200294, 39.382146 ], [ -79.202444, 39.378802 ], [ -79.207017, 39.374004 ], [ -79.211517, 39.37134 ], [ -79.212585, 39.370248 ], [ -79.21303, 39.369178 ], [ -79.213283, 39.364998 ], [ -79.21428, 39.363482 ], [ -79.220944, 39.363145 ], [ -79.230955, 39.364905 ], [ -79.231832, 39.364202 ], [ -79.231916, 39.361802 ], [ -79.232919, 39.359622 ], [ -79.234963, 39.358677 ], [ -79.23746, 39.358423 ], [ -79.239887, 39.359487 ], [ -79.24261, 39.359415 ], [ -79.247016, 39.357875 ], [ -79.24843, 39.357073 ], [ -79.249066, 39.355854 ], [ -79.250601, 39.355472 ], [ -79.252037, 39.355676 ], [ -79.255275, 39.357391 ], [ -79.256534, 39.357084 ], [ -79.256868, 39.355393 ], [ -79.253725, 39.349944 ], [ -79.25348, 39.347896 ], [ -79.254288, 39.345793 ], [ -79.257133, 39.343236 ], [ -79.257354, 39.341907 ], [ -79.256775, 39.340644 ], [ -79.254357, 39.339204 ], [ -79.253764, 39.338209 ], [ -79.25385, 39.337144 ], [ -79.257048, 39.335169 ], [ -79.260174, 39.334297 ], [ -79.266721, 39.336272 ], [ -79.26868, 39.336163 ], [ -79.269494, 39.335175 ], [ -79.269243, 39.330595 ], [ -79.270425, 39.328882 ], [ -79.271695, 39.327999 ], [ -79.275417, 39.327184 ], [ -79.278894, 39.324719 ], [ -79.282132, 39.323273 ], [ -79.282503, 39.322091 ], [ -79.28206, 39.320726 ], [ -79.282746, 39.317991 ], [ -79.284226, 39.315482 ], [ -79.283556, 39.312812 ], [ -79.283884, 39.309844 ], [ -79.290161, 39.303516 ], [ -79.289836, 39.300427 ], [ -79.290938, 39.299163 ], [ -79.293089, 39.298911 ], [ -79.298953, 39.300068 ], [ -79.303431, 39.299623 ], [ -79.308105, 39.302213 ], [ -79.311006, 39.302822 ], [ -79.312057, 39.303617 ], [ -79.312555, 39.304337 ], [ -79.311608, 39.304756 ], [ -79.311082, 39.305653 ], [ -79.311641, 39.31249 ], [ -79.307988, 39.314262 ], [ -79.306959, 39.315894 ], [ -79.306978, 39.317769 ], [ -79.308839, 39.31874 ], [ -79.310447, 39.32118 ], [ -79.309982, 39.325588 ], [ -79.309976, 39.337893 ], [ -79.312323, 39.338114 ], [ -79.31302, 39.339151 ], [ -79.313463, 39.341861 ], [ -79.321196, 39.342149 ], [ -79.322552, 39.343196 ], [ -79.321575, 39.34472 ], [ -79.317509, 39.347901 ], [ -79.315622, 39.348679 ], [ -79.314738, 39.349869 ], [ -79.312173, 39.351036 ], [ -79.309705, 39.351247 ], [ -79.308887, 39.352489 ], [ -79.306815, 39.353145 ], [ -79.301843, 39.358538 ], [ -79.299936, 39.359641 ], [ -79.297175, 39.359911 ], [ -79.294949, 39.362035 ], [ -79.296851, 39.364342 ], [ -79.29718, 39.368195 ], [ -79.296972, 39.374889 ], [ -79.295855, 39.377275 ], [ -79.295669, 39.381077 ], [ -79.301302, 39.383743 ], [ -79.303838, 39.385517 ], [ -79.303956, 39.389671 ], [ -79.302879, 39.391608 ], [ -79.300923, 39.3938 ], [ -79.297939, 39.395326 ], [ -79.297239, 39.396909 ], [ -79.298221, 39.397224 ], [ -79.298574, 39.398186 ], [ -79.299196, 39.401597 ], [ -79.298538, 39.404146 ], [ -79.299401, 39.407291 ], [ -79.300092, 39.407439 ], [ -79.302103, 39.406279 ], [ -79.305266, 39.406471 ], [ -79.310688, 39.41216 ], [ -79.312186, 39.409711 ], [ -79.314897, 39.410025 ], [ -79.317388, 39.407784 ], [ -79.320246, 39.40759 ], [ -79.324727, 39.404744 ], [ -79.327411, 39.403976 ], [ -79.329711, 39.40746 ], [ -79.334631, 39.412964 ], [ -79.334597, 39.414853 ], [ -79.332391, 39.418368 ], [ -79.334429, 39.419777 ], [ -79.335554, 39.422232 ], [ -79.338463, 39.424207 ], [ -79.342913, 39.42435 ], [ -79.346585, 39.426124 ], [ -79.350517, 39.427072 ], [ -79.352803, 39.42855 ], [ -79.35368, 39.430208 ], [ -79.354962, 39.4311 ] ] ] } },
{ "type": "Feature", "properties": { "geoid": "24510030200", "state": "Maryland", "county": "Baltimore city", "classification": "Goldilocks", "oztoolclassification": "More likely to attract OZ investment, with larger impact", "composite_score": null, "rank": null, "recommended": 0, "jobs_2022": 6150.0, "povrate_2024": 0.21412, "median_hhincome_2024": 107048.0, "unemprate_2024": 0.029864, "vacancyrate_2024": 0.109384, "stackability_count": 1, "pop_2024": 3446.0, "median_homevalue_2024": 377500.0, "job_density_score": null, "dev_capacity_score": null, "market_momentum_score": null, "poverty_score": null, "income_score": null, "unemployment_score": null, "stackability_score": null, "stage1_result": "Eliminated — Already Attractive" }, "geometry": { "type": "Polygon", "coordinates": [ [ [ -76.606394, 39.290715 ], [ -76.599687, 39.292536 ], [ -76.599009, 39.282253 ], [ -76.602588, 39.279506 ], [ -76.603688, 39.280906 ], [ -76.605001, 39.286855 ], [ -76.606222, 39.289865 ], [ -76.605805, 39.289962 ], [ -76.606394, 39.290715 ] ] ] } },
{ "type": "Feature", "properties": { "geoid": "24510040200", "state": "Maryland", "county": "Baltimore city", "classification": "Already Attractive", "oztoolclassification": "Likely to attract capital even without OZ designation", "composite_score": 0.71481, "rank": 1, "recommended": 1, "jobs_2022": 21188.0, "povrate_2024": 0.306378, "median_hhincome_2024": 43361.0, "unemprate_2024": 0.02593, "vacancyrate_2024": 0.061837, "stackability_count": 2, "pop_2024": 1517.0, "median_homevalue_2024": null, "job_density_score": 1.0, "dev_capacity_score": 0.499192, "market_momentum_score": 0.49366, "poverty_score": 0.905792, "income_score": 0.636689, "unemployment_score": 0.075036, "stackability_score": 0.666667, "stage1_result": "Advances to Scoring" }, "geometry": { "type": "Polygon", "coordinates": [ [ [ -76.628062, 39.287786 ], [ -76.627477, 39.29046 ], [ -76.627688, 39.29463 ], [ -76.622638, 39.294812 ], [ -76.622129, 39.286257 ], [ -76.627539, 39.286057 ], [ -76.628062, 39.287786 ] ] ] } },
{ "type": "Feature", "properties": { "geoid": "24510060400", "state": "Maryland", "county": "Baltimore city", "classification": "Goldilocks", "oztoolclassification": "More likely to attract OZ investment, with larger impact", "composite_score": 0.546386, "rank": 3, "recommended": 1, "jobs_2022": 14007.0, "povrate_2024": 0.270758, "median_hhincome_2024": 46707.0, "unemprate_2024": 0.078002, "vacancyrate_2024": 0.066734, "stackability_count": 1, "pop_2024": 1963.0, "median_homevalue_2024": 263300.0, "job_density_score": 0.660954, "dev_capacity_score": 0.12992, "market_momentum_score": 0.587087, "poverty_score": 0.966993, "income_score": 0.606939, "unemployment_score": 0.225719, "stackability_score": 0.333333, "stage1_result": "Advances to Scoring" }, "geometry": { "type": "Polygon", "coordinates": [ [ [ -76.594408, 39.298373 ], [ -76.587869, 39.298647 ], [ -76.587414, 39.291813 ], [ -76.593944, 39.291542 ], [ -76.594408, 39.298373 ] ] ] } },
{ "type": "Feature", "properties": { "geoid": "24510070100", "state": "Maryland", "county": "Baltimore city", "classification": "Less Likely", "oztoolclassification": "Less likely to attract OZ investment", "composite_score": 0.343945, "rank": 85, "recommended": 1, "jobs_2022": 40.0, "povrate_2024": 0.29886, "median_hhincome_2024": 59727.0, "unemprate_2024": 0.136461, "vacancyrate_2024": 0.27673, "stackability_count": 1, "pop_2024": 2369.0, "median_homevalue_2024": 107900.0, "job_density_score": 0.001511, "dev_capacity_score": 0.066086, "market_momentum_score": 0.649566, "poverty_score": 0.932642, "income_score": 0.491176, "unemployment_score": 0.394886, "stackability_score": 0.333333, "stage1_result": "Advances to Scoring" }, "geometry": { "type": "Polygon", "coordinates": [ [ [ -76.578278, 39.302549 ], [ -76.572793, 39.302721 ], [ -76.572597, 39.297115 ], [ -76.577955, 39.296911 ], [ -76.578278, 39.302549 ] ] ] } },
{ "type": "Feature", "properties": { "geoid": "24510070200", "state": "Maryland", "county": "Baltimore city", "classification": "Less Likely", "oztoolclassification": "Less likely to attract OZ investment", "composite_score": 0.368793, "rank": 54, "recommended": 1, "jobs_2022": 143.0, "povrate_2024": 0.335313, "median_hhincome_2024": 45701.0, "unemprate_2024": 0.050891, "vacancyrate_2024": 0.283516, "stackability_count": 2, "pop_2024": 2675.0, "median_homevalue_2024": 147100.0, "job_density_score": 0.006374, "dev_capacity_score": 0.128965, "market_momentum_score": 0.576671, "poverty_score": 0.802454, "income_score": 0.615883, "unemployment_score": 0.147266, "stackability_score": 0.666667, "stage1_result": "Advances to Scoring" }, "geometry": { "type": "Polygon", "coordinates": [ [ [ -76.585358, 39.302297 ], [ -76.578278, 39.302549 ], [ -76.577955, 39.296911 ], [ -76.583585, 39.296687 ], [ -76.583903, 39.301807 ], [ -76.585354, 39.301897 ], [ -76.585358, 39.302297 ] ] ] } },
{ "type": "Feature", "properties": { "geoid": "24510070300", "state": "Maryland", "county": "Baltimore city", "classification": "Goldilocks", "oztoolclassification": "More likely to attract OZ investment, with larger impact", "composite_score": 0.296364, "rank": 168, "recommended": 0, "jobs_2022": 208.0, "povrate_2024": 0.197471, "median_hhincome_2024": 66607.0, "unemprate_2024": 0.074141, "vacancyrate_2024": 0.202586, "stackability_count": 1, "pop_2024": 1028.0, "median_homevalue_2024": 234200.0, "job_density_score": 0.009443, "dev_capacity_score": 0.204396, "market_momentum_score": 0.530511, "poverty_score": 0.705253, "income_score": 0.430004, "unemployment_score": 0.214547, "stackability_score": 0.333333, "stage1_result": "Advances to Scoring" }, "geometry": { "type": "Polygon", "coordinates": [ [ [ -76.588135, 39.303218 ], [ -76.585358, 39.302297 ], [ -76.585354, 39.301897 ], [ -76.583903, 39.301807 ], [ -76.583585, 39.296687 ], [ -76.58773, 39.296519 ], [ -76.588135, 39.303218 ] ] ] } },
{ "type": "Feature", "properties": { "geoid": "24510070400", "state": "Maryland", "county": "Baltimore city", "classification": "Already Attractive", "oztoolclassification": "Likely to attract capital even without OZ designation", "composite_score": 0.595555, "rank": 2, "recommended": 1, "jobs_2022": 10579.0, "povrate_2024": 0.333974, "median_hhincome_2024": 26989.0, "unemprate_2024": 0.116622, "vacancyrate_2024": 0.090323, "stackability_count": 2, "pop_2024": 1645.0, "median_homevalue_2024": 121000.0, "job_density_score": 0.499103, "dev_capacity_score": 0.5, "market_momentum_score": 0.595149, "poverty_score": 0.807234, "income_score": 0.782255, "unemployment_score": 0.337478, "stackability_score": 0.666667, "stage1_result": "Advances to Scoring" }, "geometry": { "type": "Polygon", "coordinates": [ [ [ -76.597829, 39.301744 ], [ -76.588079, 39.302138 ], [ -76.587869, 39.298647 ], [ -76.597597, 39.298251 ], [ -76.597829, 39.301744 ] ] ] } },
{ "type": "Feature", "properties": { "geoid": "24021751003", "state": "Maryland", "county": "Frederick County", "classification": "Already Attractive", "oztoolclassification": "Likely to attract capital even without OZ designation", "composite_score": 0.472333, "rank": 7, "recommended": 1, "jobs_2022": 19005.0, "povrate_2024": 0.158913, "median_hhincome_2024": 74400.0, "unemprate_2024": 0.009197, "vacancyrate_2024": 0.032022, "stackability_count": 0, "pop_2024": 5675.0, "median_homevalue_2024": 348100.0, "job_density_score": 0.896931, "dev_capacity_score": 0.068804, "market_momentum_score": 0.716644, "poverty_score": 0.567547, "income_score": 0.360715, "unemployment_score": 0.026614, "stackability_score": 0.0, "stage1_result": "Advances to Scoring" }, "geometry": { "type": "Polygon", "coordinates": [ [ [ -77.439213, 39.391916 ], [ -77.438318, 39.393587 ], [ -77.437202, 39.398273 ], [ -77.417588, 39.397811 ], [ -77.390445, 39.404461 ], [ -77.383902, 39.40424 ], [ -77.382624, 39.403137 ], [ -77.377917, 39.402467 ], [ -77.367271, 39.398394 ], [ -77.371508, 39.395729 ], [ -77.374705, 39.394991 ], [ -77.376404, 39.39387 ], [ -77.381819, 39.385028 ], [ -77.383582, 39.383151 ], [ -77.39157, 39.381376 ], [ -77.394125, 39.379389 ], [ -77.393447, 39.377275 ], [ -77.387762, 39.372959 ], [ -77.388358, 39.369841 ], [ -77.396525, 39.366278 ], [ -77.399565, 39.364225 ], [ -77.404982, 39.364064 ], [ -77.409866, 39.362527 ], [ -77.413384, 39.36429 ], [ -77.414227, 39.363159 ], [ -77.416803, 39.363251 ], [ -77.416626, 39.364427 ], [ -77.417613, 39.36511 ], [ -77.417712, 39.366032 ], [ -77.416969, 39.367174 ], [ -77.417952, 39.369151 ], [ -77.417061, 39.369942 ], [ -77.415591, 39.369794 ], [ -77.414726, 39.370681 ], [ -77.414742, 39.371262 ], [ -77.417534, 39.371643 ], [ -77.417031, 39.373576 ], [ -77.41919, 39.375103 ], [ -77.41931, 39.376244 ], [ -77.420413, 39.375322 ], [ -77.420002, 39.374493 ], [ -77.420271, 39.373801 ], [ -77.422507, 39.375103 ], [ -77.421474, 39.376613 ], [ -77.422149, 39.377935 ], [ -77.420937, 39.380128 ], [ -77.422923, 39.390143 ], [ -77.42759, 39.390902 ], [ -77.430348, 39.391919 ], [ -77.432955, 39.392028 ], [ -77.43659, 39.391176 ], [ -77.439213, 39.391916 ] ] ] } },
{ "type": "Feature", "properties": { "geoid": "24005491401", "state": "Maryland", "county": "Baltimore County", "classification": "Less Likely", "oztoolclassification": "Less likely to attract OZ investment", "composite_score": 0.223566, "rank": 286, "recommended": 0, "jobs_2022": 408.0, "povrate_2024": 0.066904, "median_hhincome_2024": 65602.0, "unemprate_2024": 0.03561, "vacancyrate_2024": 0.103707, "stackability_count": 1, "pop_2024": 4833.0, "median_homevalue_2024": 213400.0, "job_density_score": 0.018886, "dev_capacity_score": 0.068804, "market_momentum_score": 0.716644, "poverty_score": 0.238941, "income_score": 0.43894, "unemployment_score": 0.103049, "stackability_score": 0.333333, "stage1_result": "Advances to Scoring" }, "geometry": { "type": "Polygon", "coordinates": [ [ [ -76.582074, 39.372351 ], [ -76.579719, 39.375231 ], [ -76.57956, 39.380836 ], [ -76.57667, 39.385151 ], [ -76.570933, 39.383083 ], [ -76.570627, 39.380823 ], [ -76.568025, 39.37805 ], [ -76.56839, 39.375383 ], [ -76.567936, 39.373305 ], [ -76.569997, 39.372121 ], [ -76.582074, 39.372351 ] ] ] } },
{ "type": "Feature", "properties": { "geoid": "24005491600", "state": "Maryland", "county": "Baltimore County", "classification": "Less Likely", "oztoolclassification": "Less likely to attract OZ investment", "composite_score": 0.28789, "rank": 177, "recommended": 0, "jobs_2022": 887.0, "povrate_2024": 0.198273, "median_hhincome_2024": 39306.0, "unemprate_2024": 0.095148, "vacancyrate_2024": 0.155401, "stackability_count": 0, "pop_2024": 3085.0, "median_homevalue_2024": 208600.0, "job_density_score": 0.041501, "dev_capacity_score": 0.068804, "market_momentum_score": 0.716644, "poverty_score": 0.708117, "income_score": 0.672742, "unemployment_score": 0.275337, "stackability_score": 0.0, "stage1_result": "Advances to Scoring" }, "geometry": { "type": "Polygon", "coordinates": [ [ [ -76.566104, 39.401384 ], [ -76.558986, 39.402021 ], [ -76.553314, 39.399628 ], [ -76.554757, 39.399257 ], [ -76.555873, 39.396892 ], [ -76.558206, 39.390213 ], [ -76.558393, 39.388486 ], [ -76.559353, 39.388653 ], [ -76.559462, 39.389469 ], [ -76.565396, 39.39162 ], [ -76.563636, 39.393597 ], [ -76.563044, 39.396124 ], [ -76.563857, 39.398577 ], [ -76.566104, 39.401384 ] ] ] } },
{ "type": "Feature", "properties": { "geoid": "24005491402", "state": "Maryland", "county": "Baltimore County", "classification": "Goldilocks", "oztoolclassification": "More likely to attract OZ investment, with larger impact", "composite_score": 0.209952, "rank": 310, "recommended": 0, "jobs_2022": 220.0, "povrate_2024": 0.048839, "median_hhincome_2024": 78789.0, "unemprate_2024": 0.080756, "vacancyrate_2024": 0.09699, "stackability_count": 1, "pop_2024": 3020.0, "median_homevalue_2024": 195800.0, "job_density_score": 0.010009, "dev_capacity_score": 0.068804, "market_momentum_score": 0.716644, "poverty_score": 0.174424, "income_score": 0.321692, "unemployment_score": 0.23369, "stackability_score": 0.333333, "stage1_result": "Advances to Scoring" }, "geometry": { "type": "Polygon", "coordinates": [ [ [ -76.570933, 39.383083 ], [ -76.566867, 39.382813 ], [ -76.557393, 39.380868 ], [ -76.556252, 39.380358 ], [ -76.556644, 39.378184 ], [ -76.557911, 39.37619 ], [ -76.559908, 39.374881 ], [ -76.567936, 39.373305 ], [ -76.56839, 39.375383 ], [ -76.568025, 39.37805 ], [ -76.570627, 39.380823 ], [ -76.570933, 39.383083 ] ] ] } },
{ "type": "Feature", "properties": { "geoid": "24003751103", "state": "Maryland", "county": "Anne Arundel County", "classification": "Less Likely", "oztoolclassification": "Less likely to attract OZ investment", "composite_score": null, "rank": null, "recommended": 0, "jobs_2022": 407.0, "povrate_2024": 0.080878, "median_hhincome_2024": 71875.0, "unemprate_2024": 0.011259, "vacancyrate_2024": 0.019135, "stackability_count": 0, "pop_2024": 5690.0, "median_homevalue_2024": 375100.0, "job_density_score": null, "dev_capacity_score": null, "market_momentum_score": null, "poverty_score": null, "income_score": null, "unemployment_score": null, "stackability_score": null, "stage1_result": "Eliminated — Already Attractive" }, "geometry": { "type": "Polygon", "coordinates": [ [ [ -76.604948, 39.16972 ], [ -76.600462, 39.172027 ], [ -76.599185, 39.175238 ], [ -76.598252, 39.176232 ], [ -76.596577, 39.176858 ], [ -76.595779, 39.18038 ], [ -76.593321, 39.180987 ], [ -76.58729, 39.185217 ], [ -76.584451, 39.186374 ], [ -76.576588, 39.186909 ], [ -76.583188, 39.177409 ], [ -76.586788, 39.167709 ], [ -76.591236, 39.161753 ], [ -76.594032, 39.161016 ], [ -76.597694, 39.157652 ], [ -76.598973, 39.156032 ], [ -76.598791, 39.155075 ], [ -76.600293, 39.156194 ], [ -76.599819, 39.156779 ], [ -76.600154, 39.157381 ], [ -76.602888, 39.1599 ], [ -76.604357, 39.163883 ], [ -76.604948, 39.16972 ] ] ] } },
{ "type": "Feature", "properties": { "geoid": "24510151300", "state": "Maryland", "county": "Baltimore city", "classification": "Less Likely", "oztoolclassification": "Less likely to attract OZ investment", "composite_score": 0.337723, "rank": 98, "recommended": 1, "jobs_2022": 473.0, "povrate_2024": 0.233465, "median_hhincome_2024": 49591.0, "unemprate_2024": 0.060622, "vacancyrate_2024": 0.249884, "stackability_count": 1, "pop_2024": 4060.0, "median_homevalue_2024": 142900.0, "job_density_score": 0.021955, "dev_capacity_score": 0.197216, "market_momentum_score": 0.602366, "poverty_score": 0.833803, "income_score": 0.581297, "unemployment_score": 0.175427, "stackability_score": 0.333333, "stage1_result": "Advances to Scoring" }, "geometry": { "type": "Polygon", "coordinates": [ [ [ -76.677964, 39.339925 ], [ -76.67671, 39.341841 ], [ -76.668682, 39.339556 ], [ -76.667926, 39.338921 ], [ -76.663952, 39.340931 ], [ -76.65841, 39.340832 ], [ -76.657829, 39.339069 ], [ -76.656604, 39.337847 ], [ -76.656359, 39.336504 ], [ -76.659844, 39.335652 ], [ -76.66589, 39.332968 ], [ -76.667285, 39.334369 ], [ -76.671375, 39.33595 ], [ -76.677964, 39.339925 ] ] ] } },
{ "type": "Feature", "properties": { "geoid": "24510160400", "state": "Maryland", "county": "Baltimore city", "classification": "Less Likely", "oztoolclassification": "Less likely to attract OZ investment", "composite_score": 0.385543, "rank": 43, "recommended": 1, "jobs_2022": 58.0, "povrate_2024": 0.268737, "median_hhincome_2024": 34089.0, "unemprate_2024": 0.020492, "vacancyrate_2024": 0.455396, "stackability_count": 1, "pop_2024": 1481.0, "median_homevalue_2024": 62000.0, "job_density_score": 0.002361, "dev_capacity_score": 0.361468, "market_momentum_score": 0.708355, "poverty_score": 0.959776, "income_score": 0.719128, "unemployment_score": 0.059299, "stackability_score": 0.333333, "stage1_result": "Advances to Scoring" }, "geometry": { "type": "Polygon", "coordinates": [ [ [ -76.651345, 39.298947 ], [ -76.650177, 39.30107 ], [ -76.647717, 39.302305 ], [ -76.647787, 39.303062 ], [ -76.646118, 39.303112 ], [ -76.64552, 39.293895 ], [ -76.650383, 39.293698 ], [ -76.650607, 39.298663 ], [ -76.651345, 39.298947 ] ] ] } },
{ "type": "Feature", "properties": { "geoid": "24005450400", "state": "Maryland", "county": "Baltimore County", "classification": "Less Likely", "oztoolclassification": "Less likely to attract OZ investment", "composite_score": 0.220508, "rank": 295, "recommended": 0, "jobs_2022": 513.0, "povrate_2024": 0.09129, "median_hhincome_2024": 87639.0, "unemprate_2024": 0.044183, "vacancyrate_2024": 0.031659, "stackability_count": 1, "pop_2024": 2618.0, "median_homevalue_2024": 246400.0, "job_density_score": 0.023843, "dev_capacity_score": 0.068804, "market_momentum_score": 0.716644, "poverty_score": 0.326035, "income_score": 0.243005, "unemployment_score": 0.127854, "stackability_score": 0.333333, "stage1_result": "Advances to Scoring" }, "geometry": { "type": "Polygon", "coordinates": [ [ [ -76.489278, 39.301947 ], [ -76.479502, 39.306919 ], [ -76.468282, 39.31139 ], [ -76.468813, 39.305287 ], [ -76.468055, 39.304337 ], [ -76.468743, 39.303959 ], [ -76.467609, 39.301645 ], [ -76.467787, 39.299768 ], [ -76.466598, 39.299907 ], [ -76.465665, 39.299078 ], [ -76.465991, 39.2983 ], [ -76.463874, 39.297961 ], [ -76.464283, 39.296106 ], [ -76.463391, 39.29572 ], [ -76.462548, 39.293797 ], [ -76.46405, 39.29219 ], [ -76.466083, 39.287906 ], [ -76.489278, 39.301947 ] ] ] } },
{ "type": "Feature", "properties": { "geoid": "24005452500", "state": "Maryland", "county": "Baltimore County", "classification": "Less Likely", "oztoolclassification": "Less likely to attract OZ investment", "composite_score": 0.300227, "rank": 160, "recommended": 0, "jobs_2022": 271.0, "povrate_2024": 0.201003, "median_hhincome_2024": 66310.0, "unemprate_2024": 0.067544, "vacancyrate_2024": 0.050708, "stackability_count": 1, "pop_2024": 4189.0, "median_homevalue_2024": 225000.0, "job_density_score": 0.012417, "dev_capacity_score": 0.068804, "market_momentum_score": 0.716644, "poverty_score": 0.717867, "income_score": 0.432645, "unemployment_score": 0.195458, "stackability_score": 0.333333, "stage1_result": "Advances to Scoring" }, "geometry": { "type": "Polygon", "coordinates": [ [ [ -76.48057, 39.272782 ], [ -76.479204, 39.276754 ], [ -76.473413, 39.274285 ], [ -76.462742, 39.259679 ], [ -76.461779, 39.256489 ], [ -76.477484, 39.261107 ], [ -76.48057, 39.272782 ] ] ] } },
{ "type": "Feature", "properties": { "geoid": "24031703214", "state": "Maryland", "county": "Montgomery County", "classification": "Less Likely", "oztoolclassification": "Less likely to attract OZ investment", "composite_score": null, "rank": null, "recommended": 0, "jobs_2022": 486.0, "povrate_2024": 0.229175, "median_hhincome_2024": 65875.0, "unemprate_2024": 0.10954, "vacancyrate_2024": 0.066198, "stackability_count": 1, "pop_2024": 7219.0, "median_homevalue_2024": 580600.0, "job_density_score": null, "dev_capacity_score": null, "market_momentum_score": null, "poverty_score": null, "income_score": null, "unemployment_score": null, "stackability_score": null, "stage1_result": "Eliminated — Already Attractive" }, "geometry": { "type": "Polygon", "coordinates": [ [ [ -77.077668, 39.083743 ], [ -77.074616, 39.085523 ], [ -77.070343, 39.091934 ], [ -77.068603, 39.091365 ], [ -77.063102, 39.091354 ], [ -77.059112, 39.090648 ], [ -77.059425, 39.08905 ], [ -77.057929, 39.087902 ], [ -77.05738, 39.086421 ], [ -77.057281, 39.085483 ], [ -77.058555, 39.084823 ], [ -77.059013, 39.083457 ], [ -77.058029, 39.081001 ], [ -77.059799, 39.080387 ], [ -77.067687, 39.07933 ], [ -77.070733, 39.077577 ], [ -77.076044, 39.081477 ], [ -77.077668, 39.083743 ] ] ] } },
{ "type": "Feature", "properties": { "geoid": "24031703501", "state": "Maryland", "county": "Montgomery County", "classification": "Less Likely", "oztoolclassification": "Less likely to attract OZ investment", "composite_score": null, "rank": null, "recommended": 0, "jobs_2022": 359.0, "povrate_2024": 0.152142, "median_hhincome_2024": 87347.0, "unemprate_2024": 0.080682, "vacancyrate_2024": 0.0, "stackability_count": 1, "pop_2024": 6191.0, "median_homevalue_2024": 478300.0, "job_density_score": null, "dev_capacity_score": null, "market_momentum_score": null, "poverty_score": null, "income_score": null, "unemployment_score": null, "stackability_score": null, "stage1_result": "Eliminated — Already Attractive" }, "geometry": { "type": "Polygon", "coordinates": [ [ [ -77.109221, 39.071684 ], [ -77.07705, 39.053002 ], [ -77.074783, 39.051498 ], [ -77.075233, 39.049372 ], [ -77.076408, 39.04832 ], [ -77.078575, 39.048999 ], [ -77.079811, 39.04887 ], [ -77.080291, 39.047958 ], [ -77.08152, 39.04747 ], [ -77.081115, 39.047069 ], [ -77.082046, 39.044204 ], [ -77.081619, 39.043846 ], [ -77.08184, 39.043327 ], [ -77.083316, 39.043464 ], [ -77.085367, 39.041082 ], [ -77.088436, 39.039706 ], [ -77.090057, 39.04158 ], [ -77.090024, 39.044858 ], [ -77.09095, 39.046096 ], [ -77.090606, 39.047042 ], [ -77.091003, 39.047817 ], [ -77.0904, 39.049087 ], [ -77.090476, 39.050811 ], [ -77.0913, 39.052795 ], [ -77.091254, 39.054601 ], [ -77.094713, 39.059719 ], [ -77.097223, 39.061773 ], [ -77.099113, 39.062652 ], [ -77.0998, 39.063709 ], [ -77.099617, 39.065109 ], [ -77.100929, 39.065917 ], [ -77.101448, 39.065071 ], [ -77.103378, 39.064853 ], [ -77.106994, 39.068412 ], [ -77.107147, 39.069213 ], [ -77.108711, 39.069263 ], [ -77.109221, 39.071684 ] ] ] } },
{ "type": "Feature", "properties": { "geoid": "24031700309", "state": "Maryland", "county": "Montgomery County", "classification": "Already Attractive", "oztoolclassification": "Likely to attract capital even without OZ designation", "composite_score": null, "rank": null, "recommended": 0, "jobs_2022": 6216.0, "povrate_2024": 0.128715, "median_hhincome_2024": 95424.0, "unemprate_2024": 0.035123, "vacancyrate_2024": 0.04207, "stackability_count": 0, "pop_2024": 5889.0, "median_homevalue_2024": 365100.0, "job_density_score": null, "dev_capacity_score": null, "market_momentum_score": null, "poverty_score": null, "income_score": null, "unemployment_score": null, "stackability_score": null, "stage1_result": "Eliminated — Already Attractive" }, "geometry": { "type": "Polygon", "coordinates": [ [ [ -77.276294, 39.181462 ], [ -77.274591, 39.182487 ], [ -77.273852, 39.183693 ], [ -77.273745, 39.188609 ], [ -77.272451, 39.191286 ], [ -77.269629, 39.194048 ], [ -77.263447, 39.197704 ], [ -77.260868, 39.194026 ], [ -77.258285, 39.18853 ], [ -77.254733, 39.184277 ], [ -77.26732, 39.178753 ], [ -77.266998, 39.17849 ], [ -77.268749, 39.176078 ], [ -77.273841, 39.179149 ], [ -77.276294, 39.181462 ] ] ] } },
{ "type": "Feature", "properties": { "geoid": "24019970804", "state": "Maryland", "county": "Dorchester County", "classification": "Less Likely", "oztoolclassification": "Less likely to attract OZ investment", "composite_score": 0.2004, "rank": 319, "recommended": 0, "jobs_2022": 305.0, "povrate_2024": 0.144992, "median_hhincome_2024": 80556.0, "unemprate_2024": 0.034557, "vacancyrate_2024": 0.384866, "stackability_count": 0, "pop_2024": 1823.0, "median_homevalue_2024": 286500.0, "job_density_score": 0.014023, "dev_capacity_score": 0.068804, "market_momentum_score": 0.716644, "poverty_score": 0.517827, "income_score": 0.305981, "unemployment_score": 0.100001, "stackability_score": 0.0, "stage1_result": "Advances to Scoring" }, "geometry": { "type": "Polygon", "coordinates": [ [ [ -76.345172, 38.521551 ], [ -76.340256, 38.52632 ], [ -76.330645, 38.526687 ], [ -76.332112, 38.512674 ], [ -76.3308, 38.50106 ], [ -76.319151, 38.50258 ], [ -76.311107, 38.500192 ], [ -76.29502, 38.505402 ], [ -76.280597, 38.508658 ], [ -76.284158, 38.523947 ], [ -76.280853, 38.52267 ], [ -76.269004, 38.52584 ], [ -76.249664, 38.532348 ], [ -76.241836, 38.534469 ], [ -76.233329, 38.538047 ], [ -76.229064, 38.540477 ], [ -76.222824, 38.544948 ], [ -76.220405, 38.547367 ], [ -76.212844, 38.538272 ], [ -76.204017, 38.531471 ], [ -76.20124, 38.528381 ], [ -76.199264, 38.527194 ], [ -76.186546, 38.528205 ], [ -76.180938, 38.527942 ], [ -76.178016, 38.52845 ], [ -76.174629, 38.530307 ], [ -76.171165, 38.531463 ], [ -76.166099, 38.532051 ], [ -76.160354, 38.532024 ], [ -76.159797, 38.532478 ], [ -76.15937, 38.531932 ], [ -76.15129, 38.531871 ], [ -76.1464, 38.532806 ], [ -76.143684, 38.52843 ], [ -76.140312, 38.529865 ], [ -76.132621, 38.528541 ], [ -76.129394, 38.527141 ], [ -76.124664, 38.527694 ], [ -76.124664, 38.527164 ], [ -76.122116, 38.529083 ], [ -76.121604, 38.528446 ], [ -76.121192, 38.528976 ], [ -76.120559, 38.528865 ], [ -76.120635, 38.529773 ], [ -76.1194, 38.531124 ], [ -76.114608, 38.528881 ], [ -76.112564, 38.530956 ], [ -76.111518, 38.533775 ], [ -76.10382, 38.53136 ], [ -76.103469, 38.533172 ], [ -76.09616, 38.531562 ], [ -76.09938, 38.522937 ], [ -76.09246, 38.519384 ], [ -76.094619, 38.514774 ], [ -76.092628, 38.512317 ], [ -76.092994, 38.510944 ], [ -76.094032, 38.510475 ], [ -76.097114, 38.512096 ], [ -76.097961, 38.51194 ], [ -76.098747, 38.510993 ], [ -76.099281, 38.509109 ], [ -76.09877, 38.50846 ], [ -76.095603, 38.508773 ], [ -76.093597, 38.507987 ], [ -76.093002, 38.507442 ], [ -76.09317, 38.50616 ], [ -76.092636, 38.505569 ], [ -76.094024, 38.503749 ], [ -76.093894, 38.502429 ], [ -76.094406, 38.501598 ], [ -76.096647, 38.500731 ], [ -76.094863, 38.500316 ], [ -76.094009, 38.498954 ], [ -76.094673, 38.495994 ], [ -76.095787, 38.494266 ], [ -76.095436, 38.493736 ], [ -76.095718, 38.492519 ], [ -76.096427, 38.491657 ], [ -76.097236, 38.492118 ], [ -76.097211, 38.491138 ], [ -76.091216, 38.488658 ], [ -76.090738, 38.487833 ], [ -76.091191, 38.484859 ], [ -76.090457, 38.484197 ], [ -76.088476, 38.48372 ], [ -76.087365, 38.482 ], [ -76.086678, 38.480311 ], [ -76.08697, 38.479033 ], [ -76.087769, 38.478352 ], [ -76.090331, 38.477815 ], [ -76.090711, 38.476981 ], [ -76.088271, 38.475971 ], [ -76.083793, 38.475486 ], [ -76.082061, 38.473712 ], [ -76.08123, 38.471809 ], [ -76.081382, 38.471176 ], [ -76.082603, 38.470916 ], [ -76.086433, 38.471183 ], [ -76.087783, 38.469959 ], [ -76.088615, 38.46791 ], [ -76.087975, 38.466188 ], [ -76.084204, 38.464157 ], [ -76.083154, 38.462912 ], [ -76.083881, 38.461613 ], [ -76.088307, 38.460213 ], [ -76.089091, 38.459635 ], [ -76.089218, 38.458526 ], [ -76.088133, 38.457325 ], [ -76.085445, 38.457442 ], [ -76.084385, 38.457 ], [ -76.083035, 38.454618 ], [ -76.083173, 38.45359 ], [ -76.085352, 38.453833 ], [ -76.08624, 38.453544 ], [ -76.086747, 38.452651 ], [ -76.085133, 38.451334 ], [ -76.082779, 38.450422 ], [ -76.081661, 38.449123 ], [ -76.081661, 38.448491 ], [ -76.083135, 38.447 ], [ -76.089028, 38.446062 ], [ -76.090176, 38.443137 ], [ -76.089476, 38.442178 ], [ -76.086216, 38.440839 ], [ -76.08498, 38.438622 ], [ -76.085415, 38.437567 ], [ -76.088073, 38.4361 ], [ -76.088928, 38.433818 ], [ -76.089149, 38.431629 ], [ -76.088134, 38.425823 ], [ -76.089569, 38.416172 ], [ -76.097213, 38.421325 ], [ -76.110389, 38.423698 ], [ -76.117317, 38.426525 ], [ -76.123382, 38.42807 ], [ -76.124664, 38.428848 ], [ -76.135047, 38.430294 ], [ -76.139328, 38.431499 ], [ -76.142303, 38.433742 ], [ -76.145782, 38.438438 ], [ -76.150672, 38.434844 ], [ -76.161514, 38.430789 ], [ -76.167877, 38.430034 ], [ -76.172607, 38.425937 ], [ -76.174659, 38.425132 ], [ -76.177795, 38.419895 ], [ -76.184242, 38.413803 ], [ -76.188377, 38.416275 ], [ -76.203674, 38.412109 ], [ -76.208023, 38.41016 ], [ -76.210548, 38.407184 ], [ -76.217674, 38.404365 ], [ -76.22113, 38.404106 ], [ -76.225433, 38.40303 ], [ -76.230079, 38.403259 ], [ -76.229345, 38.40215 ], [ -76.228924, 38.398185 ], [ -76.226918, 38.397241 ], [ -76.224499, 38.397183 ], [ -76.224784, 38.396537 ], [ -76.223876, 38.395397 ], [ -76.227073, 38.395061 ], [ -76.229042, 38.393936 ], [ -76.230117, 38.394489 ], [ -76.224052, 38.387416 ], [ -76.221987, 38.382015 ], [ -76.222394, 38.373886 ], [ -76.224276, 38.369289 ], [ -76.224159, 38.365249 ], [ -76.219803, 38.357646 ], [ -76.217328, 38.355049 ], [ -76.209293, 38.348392 ], [ -76.206809, 38.344551 ], [ -76.205357, 38.340675 ], [ -76.205003, 38.335529 ], [ -76.206967, 38.325809 ], [ -76.207301, 38.320571 ], [ -76.206833, 38.316238 ], [ -76.205007, 38.312332 ], [ -76.200608, 38.30775 ], [ -76.197071, 38.305618 ], [ -76.195209, 38.305027 ], [ -76.189825, 38.304298 ], [ -76.169105, 38.304119 ], [ -76.162341, 38.301898 ], [ -76.159019, 38.299484 ], [ -76.15779, 38.297897 ], [ -76.156391, 38.2942 ], [ -76.157295, 38.290035 ], [ -76.158798, 38.287506 ], [ -76.161918, 38.283821 ], [ -76.164543, 38.277778 ], [ -76.164451, 38.274772 ], [ -76.163803, 38.272487 ], [ -76.162223, 38.269672 ], [ -76.159629, 38.267086 ], [ -76.155166, 38.264102 ], [ -76.136283, 38.255104 ], [ -76.128189, 38.250507 ], [ -76.1193, 38.241241 ], [ -76.11763, 38.23751 ], [ -76.117371, 38.234721 ], [ -76.132419, 38.229575 ], [ -76.13818, 38.229107 ], [ -76.146326, 38.230043 ], [ -76.15765, 38.232851 ], [ -76.169769, 38.239247 ], [ -76.179306, 38.249076 ], [ -76.194206, 38.267328 ], [ -76.205928, 38.288701 ], [ -76.210696, 38.296345 ], [ -76.221226, 38.302429 ], [ -76.230365, 38.306018 ], [ -76.234537, 38.308514 ], [ -76.24531, 38.313282 ], [ -76.261701, 38.322334 ], [ -76.268057, 38.339519 ], [ -76.26789, 38.343848 ], [ -76.26451, 38.346354 ], [ -76.245138, 38.35148 ], [ -76.253042, 38.360543 ], [ -76.260747, 38.364866 ], [ -76.271776, 38.370178 ], [ -76.274232, 38.372366 ], [ -76.275428, 38.376637 ], [ -76.276889, 38.379033 ], [ -76.28154, 38.381012 ], [ -76.282204, 38.384762 ], [ -76.28526, 38.389346 ], [ -76.285791, 38.39445 ], [ -76.28433, 38.405492 ], [ -76.286057, 38.413513 ], [ -76.289463, 38.418709 ], [ -76.295297, 38.422909 ], [ -76.30029, 38.427685 ], [ -76.302231, 38.432026 ], [ -76.307501, 38.441361 ], [ -76.318873, 38.451564 ], [ -76.327471, 38.460899 ], [ -76.335792, 38.472622 ], [ -76.336347, 38.479351 ], [ -76.338566, 38.486298 ], [ -76.338289, 38.49216 ], [ -76.334366, 38.496822 ], [ -76.343557, 38.504095 ], [ -76.345172, 38.521551 ] ] ] } },
{ "type": "Feature", "properties": { "geoid": "24033801906", "state": "Maryland", "county": "Prince George's County", "classification": "Less Likely", "oztoolclassification": "Less likely to attract OZ investment", "composite_score": 0.247622, "rank": 243, "recommended": 0, "jobs_2022": 224.0, "povrate_2024": 0.14025, "median_hhincome_2024": 76806.0, "unemprate_2024": 0.024084, "vacancyrate_2024": 0.085526, "stackability_count": 1, "pop_2024": 1930.0, "median_homevalue_2024": 311400.0, "job_density_score": 0.010198, "dev_capacity_score": 0.068804, "market_momentum_score": 0.716644, "poverty_score": 0.500894, "income_score": 0.339323, "unemployment_score": 0.069693, "stackability_score": 0.333333, "stage1_result": "Advances to Scoring" }, "geometry": { "type": "Polygon", "coordinates": [ [ [ -76.902596, 38.835738 ], [ -76.897877, 38.836278 ], [ -76.892134, 38.835905 ], [ -76.87386, 38.830698 ], [ -76.883223, 38.824228 ], [ -76.887674, 38.822134 ], [ -76.892548, 38.826173 ], [ -76.896658, 38.831185 ], [ -76.898889, 38.832277 ], [ -76.902596, 38.835738 ] ] ] } },
{ "type": "Feature", "properties": { "geoid": "24033802001", "state": "Maryland", "county": "Prince George's County", "classification": "Less Likely", "oztoolclassification": "Less likely to attract OZ investment", "composite_score": 0.304837, "rank": 142, "recommended": 0, "jobs_2022": 589.0, "povrate_2024": 0.176302, "median_hhincome_2024": 65842.0, "unemprate_2024": 0.123362, "vacancyrate_2024": 0.01368, "stackability_count": 1, "pop_2024": 4546.0, "median_homevalue_2024": 310600.0, "job_density_score": 0.027432, "dev_capacity_score": 0.068804, "market_momentum_score": 0.716644, "poverty_score": 0.629649, "income_score": 0.436806, "unemployment_score": 0.35698, "stackability_score": 0.333333, "stage1_result": "Advances to Scoring" }, "geometry": { "type": "Polygon", "coordinates": [ [ [ -76.932154, 38.842899 ], [ -76.928864, 38.844509 ], [ -76.924773, 38.848837 ], [ -76.920155, 38.845696 ], [ -76.916147, 38.843876 ], [ -76.914534, 38.84003 ], [ -76.913773, 38.839297 ], [ -76.90888, 38.838925 ], [ -76.904183, 38.837096 ], [ -76.902502, 38.835656 ], [ -76.91229, 38.834342 ], [ -76.921175, 38.835603 ], [ -76.927241, 38.837825 ], [ -76.929976, 38.840091 ], [ -76.932154, 38.842899 ] ] ] } },
{ "type": "Feature", "properties": { "geoid": "24033802104", "state": "Maryland", "county": "Prince George's County", "classification": "Less Likely", "oztoolclassification": "Less likely to attract OZ investment", "composite_score": 0.242646, "rank": 252, "recommended": 0, "jobs_2022": 1284.0, "povrate_2024": 0.137827, "median_hhincome_2024": 52344.0, "unemprate_2024": 0.065373, "vacancyrate_2024": 0.124884, "stackability_count": 0, "pop_2024": 1988.0, "median_homevalue_2024": 308300.0, "job_density_score": 0.060246, "dev_capacity_score": 0.068804, "market_momentum_score": 0.716644, "poverty_score": 0.492239, "income_score": 0.556819, "unemployment_score": 0.189174, "stackability_score": 0.0, "stage1_result": "Advances to Scoring" }, "geometry": { "type": "Polygon", "coordinates": [ [ [ -76.889954, 38.835709 ], [ -76.889484, 38.83762 ], [ -76.887612, 38.840018 ], [ -76.888149, 38.842511 ], [ -76.887394, 38.844182 ], [ -76.874534, 38.841024 ], [ -76.867001, 38.83975 ], [ -76.87386, 38.830698 ], [ -76.880788, 38.832411 ], [ -76.889954, 38.835709 ] ] ] } },
{ "type": "Feature", "properties": { "geoid": "24033802203", "state": "Maryland", "county": "Prince George's County", "classification": "Less Likely", "oztoolclassification": "Less likely to attract OZ investment", "composite_score": 0.236595, "rank": 264, "recommended": 0, "jobs_2022": 2278.0, "povrate_2024": 0.125881, "median_hhincome_2024": 68333.0, "unemprate_2024": 0.067469, "vacancyrate_2024": 0.107549, "stackability_count": 0, "pop_2024": 4402.0, "median_homevalue_2024": 341600.0, "job_density_score": 0.107177, "dev_capacity_score": 0.068804, "market_momentum_score": 0.716644, "poverty_score": 0.449574, "income_score": 0.414658, "unemployment_score": 0.195239, "stackability_score": 0.0, "stage1_result": "Advances to Scoring" }, "geometry": { "type": "Polygon", "coordinates": [ [ [ -76.8897, 38.851306 ], [ -76.889126, 38.852763 ], [ -76.887097, 38.852353 ], [ -76.884391, 38.853056 ], [ -76.88446, 38.854501 ], [ -76.881126, 38.854012 ], [ -76.877847, 38.857895 ], [ -76.88111, 38.859951 ], [ -76.878987, 38.861176 ], [ -76.875058, 38.862008 ], [ -76.870359, 38.862113 ], [ -76.871418, 38.860324 ], [ -76.863353, 38.858599 ], [ -76.855514, 38.858948 ], [ -76.852898, 38.857147 ], [ -76.859443, 38.851309 ], [ -76.862808, 38.845583 ], [ -76.867001, 38.83975 ], [ -76.874229, 38.840965 ], [ -76.874046, 38.844563 ], [ -76.877654, 38.847369 ], [ -76.881883, 38.849503 ], [ -76.886122, 38.849843 ], [ -76.8897, 38.851306 ] ] ] } },
{ "type": "Feature", "properties": { "geoid": "24027601107", "state": "Maryland", "county": "Howard County", "classification": "Less Likely", "oztoolclassification": "Less likely to attract OZ investment", "composite_score": 0.204934, "rank": 315, "recommended": 0, "jobs_2022": 301.0, "povrate_2024": 0.1374, "median_hhincome_2024": 74777.0, "unemprate_2024": 0.049758, "vacancyrate_2024": 0.005222, "stackability_count": 0, "pop_2024": 5507.0, "median_homevalue_2024": 345200.0, "job_density_score": 0.013834, "dev_capacity_score": 0.068804, "market_momentum_score": 0.716644, "poverty_score": 0.490715, "income_score": 0.357363, "unemployment_score": 0.143987, "stackability_score": 0.0, "stage1_result": "Advances to Scoring" }, "geometry": { "type": "Polygon", "coordinates": [ [ [ -76.794331, 39.197065 ], [ -76.784457, 39.194474 ], [ -76.78065, 39.194222 ], [ -76.781114, 39.193256 ], [ -76.779725, 39.19043 ], [ -76.780708, 39.189183 ], [ -76.779486, 39.18813 ], [ -76.780042, 39.187328 ], [ -76.779549, 39.185725 ], [ -76.786965, 39.179814 ], [ -76.787401, 39.184298 ], [ -76.793519, 39.191839 ], [ -76.794331, 39.197065 ] ] ] } },
{ "type": "Feature", "properties": { "geoid": "24021765100", "state": "Maryland", "county": "Frederick County", "classification": "Goldilocks", "oztoolclassification": "More likely to attract OZ investment, with larger impact", "composite_score": 0.197055, "rank": 324, "recommended": 0, "jobs_2022": 2192.0, "povrate_2024": 0.098371, "median_hhincome_2024": 86402.0, "unemprate_2024": 0.034992, "vacancyrate_2024": 0.022618, "stackability_count": 0, "pop_2024": 5068.0, "median_homevalue_2024": 355700.0, "job_density_score": 0.103116, "dev_capacity_score": 0.068804, "market_momentum_score": 0.716644, "poverty_score": 0.351324, "income_score": 0.254003, "unemployment_score": 0.101259, "stackability_score": 0.0, "stage1_result": "Advances to Scoring" }, "geometry": { "type": "Polygon", "coordinates": [ [ [ -77.440332, 39.399423 ], [ -77.43616, 39.404132 ], [ -77.43265, 39.405983 ], [ -77.434637, 39.407853 ], [ -77.435851, 39.410349 ], [ -77.435848, 39.412136 ], [ -77.434853, 39.415285 ], [ -77.420947, 39.412562 ], [ -77.422082, 39.411366 ], [ -77.420899, 39.411293 ], [ -77.421293, 39.410576 ], [ -77.413728, 39.407921 ], [ -77.411787, 39.407756 ], [ -77.41202, 39.405899 ], [ -77.409347, 39.399854 ], [ -77.418488, 39.397763 ], [ -77.435259, 39.398009 ], [ -77.440332, 39.399423 ] ] ] } },
{ "type": "Feature", "properties": { "geoid": "24510260202", "state": "Maryland", "county": "Baltimore city", "classification": "Less Likely", "oztoolclassification": "Less likely to attract OZ investment", "composite_score": 0.281246, "rank": 188, "recommended": 0, "jobs_2022": 112.0, "povrate_2024": 0.388172, "median_hhincome_2024": 31294.0, "unemprate_2024": 0.004547, "vacancyrate_2024": 0.107389, "stackability_count": 1, "pop_2024": 5580.0, "median_homevalue_2024": 122200.0, "job_density_score": 0.00491, "dev_capacity_score": 0.024826, "market_momentum_score": 0.592928, "poverty_score": 0.613671, "income_score": 0.743978, "unemployment_score": 0.013158, "stackability_score": 0.333333, "stage1_result": "Advances to Scoring" }, "geometry": { "type": "Polygon", "coordinates": [ [ [ -76.567543, 39.326406 ], [ -76.561612, 39.331095 ], [ -76.558087, 39.328524 ], [ -76.555217, 39.327757 ], [ -76.551669, 39.325844 ], [ -76.548952, 39.323001 ], [ -76.548442, 39.32183 ], [ -76.555024, 39.317956 ], [ -76.555668, 39.319663 ], [ -76.556975, 39.321183 ], [ -76.560314, 39.320993 ], [ -76.560709, 39.322805 ], [ -76.562605, 39.32467 ], [ -76.565589, 39.325222 ], [ -76.567543, 39.326406 ] ] ] } },
{ "type": "Feature", "properties": { "geoid": "24510260203", "state": "Maryland", "county": "Baltimore city", "classification": "Less Likely", "oztoolclassification": "Less likely to attract OZ investment", "composite_score": 0.274979, "rank": 196, "recommended": 0, "jobs_2022": 287.0, "povrate_2024": 0.17623, "median_hhincome_2024": 63702.0, "unemprate_2024": 0.071482, "vacancyrate_2024": 0.069088, "stackability_count": 1, "pop_2024": 2440.0, "median_homevalue_2024": 170800.0, "job_density_score": 0.013173, "dev_capacity_score": 0.047098, "market_momentum_score": 0.588355, "poverty_score": 0.629391, "income_score": 0.455833, "unemployment_score": 0.206854, "stackability_score": 0.333333, "stage1_result": "Advances to Scoring" }, "geometry": { "type": "Polygon", "coordinates": [ [ [ -76.555024, 39.317956 ], [ -76.548944, 39.321734 ], [ -76.545086, 39.32229 ], [ -76.540754, 39.323623 ], [ -76.541721, 39.329213 ], [ -76.532977, 39.330558 ], [ -76.534104, 39.328295 ], [ -76.536023, 39.326705 ], [ -76.540459, 39.321218 ], [ -76.548136, 39.316256 ], [ -76.548938, 39.315888 ], [ -76.549255, 39.316387 ], [ -76.552311, 39.316808 ], [ -76.555024, 39.317956 ] ] ] } },
{ "type": "Feature", "properties": { "geoid": "24510260301", "state": "Maryland", "county": "Baltimore city", "classification": "Less Likely", "oztoolclassification": "Less likely to attract OZ investment", "composite_score": 0.292061, "rank": 173, "recommended": 0, "jobs_2022": 172.0, "povrate_2024": 0.191525, "median_hhincome_2024": 50342.0, "unemprate_2024": 0.054111, "vacancyrate_2024": 0.114929, "stackability_count": 1, "pop_2024": 4178.0, "median_homevalue_2024": 136700.0, "job_density_score": 0.007743, "dev_capacity_score": 0.027658, "market_momentum_score": 0.638271, "poverty_score": 0.684019, "income_score": 0.574619, "unemployment_score": 0.156586, "stackability_score": 0.333333, "stage1_result": "Advances to Scoring" }, "geometry": { "type": "Polygon", "coordinates": [ [ [ -76.573745, 39.321612 ], [ -76.567543, 39.326406 ], [ -76.565481, 39.325175 ], [ -76.562605, 39.32467 ], [ -76.560709, 39.322805 ], [ -76.560491, 39.321176 ], [ -76.559759, 39.320994 ], [ -76.560365, 39.320424 ], [ -76.560008, 39.320325 ], [ -76.570439, 39.318423 ], [ -76.571454, 39.32001 ], [ -76.573745, 39.321612 ] ] ] } },
{ "type": "Feature", "properties": { "geoid": "24510260302", "state": "Maryland", "county": "Baltimore city", "classification": "Less Likely", "oztoolclassification": "Less likely to attract OZ investment", "composite_score": 0.289329, "rank": 176, "recommended": 0, "jobs_2022": 186.0, "povrate_2024": 0.208065, "median_hhincome_2024": 51715.0, "unemprate_2024": 0.02255, "vacancyrate_2024": 0.045571, "stackability_count": 1, "pop_2024": 4814.0, "median_homevalue_2024": 154600.0, "job_density_score": 0.008404, "dev_capacity_score": 0.009717, "market_momentum_score": 0.62717, "poverty_score": 0.743089, "income_score": 0.562412, "unemployment_score": 0.065254, "stackability_score": 0.333333, "stage1_result": "Advances to Scoring" }, "geometry": { "type": "Polygon", "coordinates": [ [ [ -76.573137, 39.314474 ], [ -76.572913, 39.317485 ], [ -76.571729, 39.320259 ], [ -76.570439, 39.318423 ], [ -76.560008, 39.320325 ], [ -76.560365, 39.320424 ], [ -76.559759, 39.320994 ], [ -76.557584, 39.321418 ], [ -76.555937, 39.320081 ], [ -76.555024, 39.317956 ], [ -76.559314, 39.315315 ], [ -76.563569, 39.313657 ], [ -76.570315, 39.313425 ], [ -76.572195, 39.314509 ], [ -76.573137, 39.314474 ] ] ] } },
{ "type": "Feature", "properties": { "geoid": "24021750801", "state": "Maryland", "county": "Frederick County", "classification": "Goldilocks", "oztoolclassification": "More likely to attract OZ investment, with larger impact", "composite_score": null, "rank": null, "recommended": 0, "jobs_2022": 3368.0, "povrate_2024": 0.081329, "median_hhincome_2024": 68438.0, "unemprate_2024": 0.033949, "vacancyrate_2024": 0.075587, "stackability_count": 0, "pop_2024": 3259.0, "median_homevalue_2024": 427000.0, "job_density_score": null, "dev_capacity_score": null, "market_momentum_score": null, "poverty_score": null, "income_score": null, "unemployment_score": null, "stackability_score": null, "stage1_result": "Eliminated — Already Attractive" }, "geometry": { "type": "Polygon", "coordinates": [ [ [ -77.41956, 39.428694 ], [ -77.416233, 39.430836 ], [ -77.406025, 39.438958 ], [ -77.404314, 39.440912 ], [ -77.403166, 39.44364 ], [ -77.390305, 39.446862 ], [ -77.394864, 39.443787 ], [ -77.40314, 39.435444 ], [ -77.402734, 39.434805 ], [ -77.404152, 39.4224 ], [ -77.411807, 39.42297 ], [ -77.414734, 39.423972 ], [ -77.41956, 39.428694 ] ] ] } },
{ "type": "Feature", "properties": { "geoid": "24021750505", "state": "Maryland", "county": "Frederick County", "classification": "Less Likely", "oztoolclassification": "Less likely to attract OZ investment", "composite_score": 0.197112, "rank": 323, "recommended": 0, "jobs_2022": 1190.0, "povrate_2024": 0.114764, "median_hhincome_2024": 80307.0, "unemprate_2024": 0.0352, "vacancyrate_2024": 0.057767, "stackability_count": 0, "pop_2024": 6789.0, "median_homevalue_2024": 304300.0, "job_density_score": 0.055807, "dev_capacity_score": 0.068804, "market_momentum_score": 0.716644, "poverty_score": 0.409871, "income_score": 0.308195, "unemployment_score": 0.101862, "stackability_score": 0.0, "stage1_result": "Advances to Scoring" }, "geometry": { "type": "Polygon", "coordinates": [ [ [ -77.453714, 39.416371 ], [ -77.453451, 39.418533 ], [ -77.434853, 39.415285 ], [ -77.435848, 39.412136 ], [ -77.435851, 39.410349 ], [ -77.434637, 39.407853 ], [ -77.43265, 39.405983 ], [ -77.435594, 39.404604 ], [ -77.437963, 39.402103 ], [ -77.441062, 39.40312 ], [ -77.449246, 39.407742 ], [ -77.453748, 39.409291 ], [ -77.452895, 39.410836 ], [ -77.45072, 39.412848 ], [ -77.451376, 39.414229 ], [ -77.453714, 39.416371 ] ] ] } },
{ "type": "Feature", "properties": { "geoid": "24021751001", "state": "Maryland", "county": "Frederick County", "classification": "Already Attractive", "oztoolclassification": "Likely to attract capital even without OZ designation", "composite_score": null, "rank": null, "recommended": 0, "jobs_2022": 7.0, "povrate_2024": 0.141171, "median_hhincome_2024": 90465.0, "unemprate_2024": 0.050725, "vacancyrate_2024": 0.0, "stackability_count": 0, "pop_2024": 2300.0, "median_homevalue_2024": 448800.0, "job_density_score": null, "dev_capacity_score": null, "market_momentum_score": null, "poverty_score": null, "income_score": null, "unemployment_score": null, "stackability_score": null, "stage1_result": "Eliminated — Already Attractive" }, "geometry": { "type": "Polygon", "coordinates": [ [ [ -77.447674, 39.377448 ], [ -77.444052, 39.379866 ], [ -77.44204, 39.387571 ], [ -77.441385, 39.38842 ], [ -77.439773, 39.387441 ], [ -77.436336, 39.384106 ], [ -77.435897, 39.382721 ], [ -77.436629, 39.380451 ], [ -77.43608, 39.378821 ], [ -77.436053, 39.376587 ], [ -77.43395, 39.374927 ], [ -77.43736, 39.374762 ], [ -77.43988, 39.375104 ], [ -77.440156, 39.375664 ], [ -77.441174, 39.375784 ], [ -77.444024, 39.374223 ], [ -77.444582, 39.372862 ], [ -77.44568, 39.372902 ], [ -77.447674, 39.377448 ] ] ] } },
{ "type": "Feature", "properties": { "geoid": "24021753001", "state": "Maryland", "county": "Frederick County", "classification": "Less Likely", "oztoolclassification": "Less likely to attract OZ investment", "composite_score": null, "rank": null, "recommended": 0, "jobs_2022": 1222.0, "povrate_2024": 0.092581, "median_hhincome_2024": 97451.0, "unemprate_2024": 0.03716, "vacancyrate_2024": 0.020531, "stackability_count": 0, "pop_2024": 4731.0, "median_homevalue_2024": 381800.0, "job_density_score": null, "dev_capacity_score": null, "market_momentum_score": null, "poverty_score": null, "income_score": null, "unemployment_score": null, "stackability_score": null, "stage1_result": "Eliminated — Already Attractive" }, "geometry": { "type": "Polygon", "coordinates": [ [ [ -77.435433, 39.583493 ], [ -77.430715, 39.598771 ], [ -77.424997, 39.607322 ], [ -77.429259, 39.609438 ], [ -77.42927, 39.612 ], [ -77.428252, 39.613727 ], [ -77.428821, 39.615246 ], [ -77.427467, 39.61707 ], [ -77.42637, 39.617421 ], [ -77.426304, 39.620296 ], [ -77.422033, 39.62161 ], [ -77.421698, 39.622434 ], [ -77.422066, 39.623775 ], [ -77.420251, 39.624846 ], [ -77.418521, 39.625131 ], [ -77.417757, 39.627818 ], [ -77.415943, 39.631456 ], [ -77.410651, 39.63556 ], [ -77.410732, 39.625871 ], [ -77.411583, 39.623698 ], [ -77.407026, 39.622518 ], [ -77.401034, 39.6197 ], [ -77.398503, 39.617822 ], [ -77.396383, 39.615399 ], [ -77.384065, 39.6142 ], [ -77.381745, 39.614539 ], [ -77.375746, 39.59339 ], [ -77.372914, 39.588113 ], [ -77.372047, 39.584657 ], [ -77.380169, 39.589455 ], [ -77.3935, 39.599031 ], [ -77.398904, 39.590203 ], [ -77.400955, 39.587836 ], [ -77.404698, 39.586504 ], [ -77.414625, 39.585464 ], [ -77.418166, 39.58593 ], [ -77.424154, 39.58479 ], [ -77.430269, 39.585265 ], [ -77.434076, 39.584546 ], [ -77.43391, 39.582645 ], [ -77.434875, 39.582731 ], [ -77.435433, 39.583493 ] ] ] } },
{ "type": "Feature", "properties": { "geoid": "24510260303", "state": "Maryland", "county": "Baltimore city", "classification": "Goldilocks", "oztoolclassification": "More likely to attract OZ investment, with larger impact", "composite_score": 0.348034, "rank": 77, "recommended": 1, "jobs_2022": 719.0, "povrate_2024": 0.23947, "median_hhincome_2024": 62625.0, "unemprate_2024": 0.021505, "vacancyrate_2024": 0.023904, "stackability_count": 1, "pop_2024": 1282.0, "median_homevalue_2024": 215400.0, "job_density_score": 0.033569, "dev_capacity_score": 0.264807, "market_momentum_score": 0.763794, "poverty_score": 0.855248, "income_score": 0.465409, "unemployment_score": 0.062232, "stackability_score": 0.333333, "stage1_result": "Advances to Scoring" }, "geometry": { "type": "Polygon", "coordinates": [ [ [ -76.573145, 39.314316 ], [ -76.572195, 39.314509 ], [ -76.570183, 39.313409 ], [ -76.563279, 39.31371 ], [ -76.559314, 39.315315 ], [ -76.555024, 39.317956 ], [ -76.552311, 39.316808 ], [ -76.548924, 39.31611 ], [ -76.550387, 39.311318 ], [ -76.551794, 39.311287 ], [ -76.55361, 39.310102 ], [ -76.554023, 39.310807 ], [ -76.561198, 39.308987 ], [ -76.573046, 39.309338 ], [ -76.573145, 39.314316 ] ] ] } },
{ "type": "Feature", "properties": { "geoid": "24510260401", "state": "Maryland", "county": "Baltimore city", "classification": "Less Likely", "oztoolclassification": "Less likely to attract OZ investment", "composite_score": 0.280252, "rank": 190, "recommended": 0, "jobs_2022": 267.0, "povrate_2024": 0.408725, "median_hhincome_2024": 35625.0, "unemprate_2024": 0.023732, "vacancyrate_2024": 0.056362, "stackability_count": 2, "pop_2024": 2361.0, "median_homevalue_2024": 45300.0, "job_density_score": 0.012229, "dev_capacity_score": 0.0071, "market_momentum_score": 0.186505, "poverty_score": 0.540267, "income_score": 0.705471, "unemployment_score": 0.068676, "stackability_score": 0.666667, "stage1_result": "Advances to Scoring" }, "geometry": { "type": "Polygon", "coordinates": [ [ [ -76.565478, 39.30897 ], [ -76.560536, 39.309058 ], [ -76.554023, 39.310807 ], [ -76.55361, 39.310102 ], [ -76.551166, 39.311426 ], [ -76.548061, 39.311233 ], [ -76.546903, 39.309604 ], [ -76.544164, 39.307608 ], [ -76.543118, 39.307352 ], [ -76.546089, 39.302548 ], [ -76.553479, 39.300151 ], [ -76.565478, 39.30897 ] ] ] } },
{ "type": "Feature", "properties": { "geoid": "24033802901", "state": "Maryland", "county": "Prince George's County", "classification": "Already Attractive", "oztoolclassification": "Likely to attract capital even without OZ designation", "composite_score": null, "rank": 356, "recommended": 0, "jobs_2022": 529.0, "povrate_2024": 0.164326, "median_hhincome_2024": null, "unemprate_2024": 0.210604, "vacancyrate_2024": 0.035191, "stackability_count": 1, "pop_2024": 4059.0, "median_homevalue_2024": 349700.0, "job_density_score": 0.024599, "dev_capacity_score": 0.068804, "market_momentum_score": 0.716644, "poverty_score": 0.586879, "income_score": null, "unemployment_score": 0.60944, "stackability_score": 0.333333, "stage1_result": "Advances to Scoring" }, "geometry": { "type": "Polygon", "coordinates": [ [ [ -76.913194, 38.889901 ], [ -76.909393, 38.892852 ], [ -76.912868, 38.895584 ], [ -76.912371, 38.896936 ], [ -76.910344, 38.898645 ], [ -76.91069, 38.89964 ], [ -76.9005, 38.902198 ], [ -76.899329, 38.903379 ], [ -76.898942, 38.903172 ], [ -76.900151, 38.90133 ], [ -76.899058, 38.898745 ], [ -76.899844, 38.897979 ], [ -76.89931, 38.896927 ], [ -76.899437, 38.895843 ], [ -76.897627, 38.895173 ], [ -76.895382, 38.893293 ], [ -76.894261, 38.891596 ], [ -76.894138, 38.88944 ], [ -76.892704, 38.887494 ], [ -76.90205, 38.886995 ], [ -76.909726, 38.889403 ], [ -76.913194, 38.889901 ] ] ] } },
{ "type": "Feature", "properties": { "geoid": "24033807404", "state": "Maryland", "county": "Prince George's County", "classification": "Already Attractive", "oztoolclassification": "Likely to attract capital even without OZ designation", "composite_score": null, "rank": null, "recommended": 0, "jobs_2022": 11296.0, "povrate_2024": 0.091857, "median_hhincome_2024": 102891.0, "unemprate_2024": 0.095462, "vacancyrate_2024": 0.049737, "stackability_count": 0, "pop_2024": 6145.0, "median_homevalue_2024": 394700.0, "job_density_score": null, "dev_capacity_score": null, "market_momentum_score": null, "poverty_score": null, "income_score": null, "unemployment_score": null, "stackability_score": null, "stage1_result": "Eliminated — Already Attractive" }, "geometry": { "type": "Polygon", "coordinates": [ [ [ -76.926596, 39.018439 ], [ -76.92564, 39.02103 ], [ -76.923426, 39.023751 ], [ -76.915512, 39.029315 ], [ -76.911273, 39.038006 ], [ -76.911966, 39.039896 ], [ -76.912417, 39.044007 ], [ -76.919709, 39.049587 ], [ -76.922442, 39.05104 ], [ -76.925935, 39.051611 ], [ -76.923354, 39.052664 ], [ -76.919695, 39.053051 ], [ -76.914149, 39.055393 ], [ -76.908133, 39.056133 ], [ -76.904617, 39.057813 ], [ -76.903259, 39.056267 ], [ -76.900133, 39.054293 ], [ -76.897217, 39.050912 ], [ -76.897447, 39.050687 ], [ -76.896301, 39.050215 ], [ -76.895056, 39.050585 ], [ -76.890726, 39.048755 ], [ -76.893075, 39.046005 ], [ -76.894288, 39.045332 ], [ -76.895725, 39.043076 ], [ -76.895375, 39.043065 ], [ -76.898695, 39.040829 ], [ -76.898343, 39.038151 ], [ -76.898598, 39.033473 ], [ -76.901333, 39.028938 ], [ -76.901405, 39.023051 ], [ -76.90707, 39.023087 ], [ -76.907742, 39.017628 ], [ -76.908745, 39.015038 ], [ -76.912178, 39.017126 ], [ -76.915698, 39.018208 ], [ -76.92482, 39.018099 ], [ -76.926596, 39.018439 ] ] ] } },
{ "type": "Feature", "properties": { "geoid": "24033803900", "state": "Maryland", "county": "Prince George's County", "classification": "Less Likely", "oztoolclassification": "Less likely to attract OZ investment", "composite_score": 0.325174, "rank": 116, "recommended": 0, "jobs_2022": 903.0, "povrate_2024": 0.230631, "median_hhincome_2024": 82308.0, "unemprate_2024": 0.129517, "vacancyrate_2024": 0.033365, "stackability_count": 1, "pop_2024": 4453.0, "median_homevalue_2024": 343900.0, "job_density_score": 0.042257, "dev_capacity_score": 0.068804, "market_momentum_score": 0.716644, "poverty_score": 0.823682, "income_score": 0.290404, "unemployment_score": 0.374792, "stackability_score": 0.333333, "stage1_result": "Advances to Scoring" }, "geometry": { "type": "Polygon", "coordinates": [ [ [ -76.929325, 38.948016 ], [ -76.927449, 38.950163 ], [ -76.924622, 38.952159 ], [ -76.92358, 38.953955 ], [ -76.916161, 38.953248 ], [ -76.916783, 38.951181 ], [ -76.915258, 38.950327 ], [ -76.916163, 38.948947 ], [ -76.918617, 38.94747 ], [ -76.918709, 38.945852 ], [ -76.920443, 38.944325 ], [ -76.923491, 38.945464 ], [ -76.924349, 38.944578 ], [ -76.928317, 38.946687 ], [ -76.92759, 38.947556 ], [ -76.929325, 38.948016 ] ] ] } },
{ "type": "Feature", "properties": { "geoid": "24033804001", "state": "Maryland", "county": "Prince George's County", "classification": "Less Likely", "oztoolclassification": "Less likely to attract OZ investment", "composite_score": 0.367455, "rank": 55, "recommended": 1, "jobs_2022": 332.0, "povrate_2024": 0.267325, "median_hhincome_2024": 51179.0, "unemprate_2024": 0.142624, "vacancyrate_2024": 0.132151, "stackability_count": 1, "pop_2024": 5166.0, "median_homevalue_2024": 313300.0, "job_density_score": 0.015297, "dev_capacity_score": 0.068804, "market_momentum_score": 0.716644, "poverty_score": 0.954731, "income_score": 0.567177, "unemployment_score": 0.41272, "stackability_score": 0.333333, "stage1_result": "Advances to Scoring" }, "geometry": { "type": "Polygon", "coordinates": [ [ [ -76.918617, 38.94747 ], [ -76.916163, 38.948947 ], [ -76.915258, 38.950327 ], [ -76.916783, 38.951181 ], [ -76.916161, 38.953248 ], [ -76.909906, 38.953444 ], [ -76.909422, 38.953109 ], [ -76.910009, 38.951202 ], [ -76.909802, 38.946567 ], [ -76.910237, 38.944431 ], [ -76.911418, 38.942228 ], [ -76.914357, 38.939158 ], [ -76.91821, 38.939323 ], [ -76.916303, 38.946685 ], [ -76.918427, 38.946755 ], [ -76.918617, 38.94747 ] ] ] } },
{ "type": "Feature", "properties": { "geoid": "24033804101", "state": "Maryland", "county": "Prince George's County", "classification": "Less Likely", "oztoolclassification": "Less likely to attract OZ investment", "composite_score": null, "rank": null, "recommended": 0, "jobs_2022": 207.0, "povrate_2024": 0.102432, "median_hhincome_2024": 79504.0, "unemprate_2024": 0.091928, "vacancyrate_2024": 0.0, "stackability_count": 1, "pop_2024": 2942.0, "median_homevalue_2024": 547100.0, "job_density_score": null, "dev_capacity_score": null, "market_momentum_score": null, "poverty_score": null, "income_score": null, "unemployment_score": null, "stackability_score": null, "stage1_result": "Eliminated — Already Attractive" }, "geometry": { "type": "Polygon", "coordinates": [ [ [ -76.915638, 38.918249 ], [ -76.914401, 38.919821 ], [ -76.91211, 38.920635 ], [ -76.912157, 38.921857 ], [ -76.911261, 38.921932 ], [ -76.910312, 38.922956 ], [ -76.910424, 38.924154 ], [ -76.908709, 38.92467 ], [ -76.909021, 38.926908 ], [ -76.908612, 38.927441 ], [ -76.910788, 38.92824 ], [ -76.911625, 38.930879 ], [ -76.91129, 38.931993 ], [ -76.914604, 38.933668 ], [ -76.914475, 38.934335 ], [ -76.902935, 38.932562 ], [ -76.895975, 38.929805 ], [ -76.901052, 38.924553 ], [ -76.906899, 38.920363 ], [ -76.915185, 38.917109 ], [ -76.915638, 38.918249 ] ] ] } },
{ "type": "Feature", "properties": { "geoid": "24033804102", "state": "Maryland", "county": "Prince George's County", "classification": "Goldilocks", "oztoolclassification": "More likely to attract OZ investment, with larger impact", "composite_score": 0.216963, "rank": 300, "recommended": 0, "jobs_2022": 787.0, "povrate_2024": 0.155994, "median_hhincome_2024": 85163.0, "unemprate_2024": 0.068847, "vacancyrate_2024": 0.05873, "stackability_count": 0, "pop_2024": 7114.0, "median_homevalue_2024": 359100.0, "job_density_score": 0.03678, "dev_capacity_score": 0.068804, "market_momentum_score": 0.716644, "poverty_score": 0.55712, "income_score": 0.265019, "unemployment_score": 0.199228, "stackability_score": 0.0, "stage1_result": "Advances to Scoring" }, "geometry": { "type": "Polygon", "coordinates": [ [ [ -76.916844, 38.935405 ], [ -76.914357, 38.939158 ], [ -76.910358, 38.938839 ], [ -76.907538, 38.939311 ], [ -76.904022, 38.941437 ], [ -76.900879, 38.944225 ], [ -76.897552, 38.945536 ], [ -76.894333, 38.943966 ], [ -76.893121, 38.94404 ], [ -76.892819, 38.943327 ], [ -76.893288, 38.942233 ], [ -76.892095, 38.939923 ], [ -76.886479, 38.937423 ], [ -76.887415, 38.937302 ], [ -76.897604, 38.930543 ], [ -76.902935, 38.932562 ], [ -76.914203, 38.934273 ], [ -76.916844, 38.935405 ] ] ] } },
{ "type": "Feature", "properties": { "geoid": "24510090300", "state": "Maryland", "county": "Baltimore city", "classification": "Goldilocks", "oztoolclassification": "More likely to attract OZ investment, with larger impact", "composite_score": 0.308971, "rank": 136, "recommended": 0, "jobs_2022": 655.0, "povrate_2024": 0.257829, "median_hhincome_2024": 72701.0, "unemprate_2024": 0.067482, "vacancyrate_2024": 0.059363, "stackability_count": 1, "pop_2024": 4390.0, "median_homevalue_2024": 212400.0, "job_density_score": 0.030548, "dev_capacity_score": 0.034112, "market_momentum_score": 0.543865, "poverty_score": 0.920816, "income_score": 0.375821, "unemployment_score": 0.195277, "stackability_score": 0.333333, "stage1_result": "Advances to Scoring" }, "geometry": { "type": "Polygon", "coordinates": [ [ [ -76.609508, 39.334456 ], [ -76.607537, 39.334483 ], [ -76.607548, 39.334046 ], [ -76.595443, 39.33403 ], [ -76.595145, 39.328347 ], [ -76.609428, 39.328314 ], [ -76.609508, 39.334456 ] ] ] } },
{ "type": "Feature", "properties": { "geoid": "24510090400", "state": "Maryland", "county": "Baltimore city", "classification": "Less Likely", "oztoolclassification": "Less likely to attract OZ investment", "composite_score": 0.337215, "rank": 99, "recommended": 1, "jobs_2022": 320.0, "povrate_2024": 0.296647, "median_hhincome_2024": 39129.0, "unemprate_2024": 0.038516, "vacancyrate_2024": 0.122166, "stackability_count": 1, "pop_2024": 1419.0, "median_homevalue_2024": 122000.0, "job_density_score": 0.014731, "dev_capacity_score": 0.155998, "market_momentum_score": 0.466463, "poverty_score": 0.940546, "income_score": 0.674316, "unemployment_score": 0.111458, "stackability_score": 0.333333, "stage1_result": "Advances to Scoring" }, "geometry": { "type": "Polygon", "coordinates": [ [ [ -76.609509, 39.319519 ], [ -76.609426, 39.3254 ], [ -76.608864, 39.32647 ], [ -76.607238, 39.32619 ], [ -76.601468, 39.323707 ], [ -76.605812, 39.319457 ], [ -76.609509, 39.319519 ] ] ] } },
{ "type": "Feature", "properties": { "geoid": "24510090500", "state": "Maryland", "county": "Baltimore city", "classification": "Less Likely", "oztoolclassification": "Less likely to attract OZ investment", "composite_score": 0.266328, "rank": 210, "recommended": 0, "jobs_2022": 1360.0, "povrate_2024": 0.114576, "median_hhincome_2024": 68569.0, "unemprate_2024": 0.097651, "vacancyrate_2024": 0.146611, "stackability_count": 1, "pop_2024": 1379.0, "median_homevalue_2024": 179000.0, "job_density_score": 0.063834, "dev_capacity_score": 0.107709, "market_momentum_score": 0.590104, "poverty_score": 0.409199, "income_score": 0.41256, "unemployment_score": 0.282581, "stackability_score": 0.333333, "stage1_result": "Advances to Scoring" }, "geometry": { "type": "Polygon", "coordinates": [ [ [ -76.609426, 39.3254 ], [ -76.609428, 39.328314 ], [ -76.595145, 39.328347 ], [ -76.593929, 39.326225 ], [ -76.601489, 39.31879 ], [ -76.605812, 39.319457 ], [ -76.601468, 39.323707 ], [ -76.607455, 39.32625 ], [ -76.608864, 39.32647 ], [ -76.609426, 39.3254 ] ] ] } },
{ "type": "Feature", "properties": { "geoid": "24510090600", "state": "Maryland", "county": "Baltimore city", "classification": "Less Likely", "oztoolclassification": "Less likely to attract OZ investment", "composite_score": 0.373101, "rank": 51, "recommended": 1, "jobs_2022": 8.0, "povrate_2024": 0.265989, "median_hhincome_2024": 52128.0, "unemprate_2024": 0.193412, "vacancyrate_2024": 0.2324, "stackability_count": 1, "pop_2024": 2377.0, "median_homevalue_2024": 174800.0, "job_density_score": 0.0, "dev_capacity_score": 0.157328, "market_momentum_score": 0.610786, "poverty_score": 0.949961, "income_score": 0.55874, "unemployment_score": 0.559691, "stackability_score": 0.333333, "stage1_result": "Advances to Scoring" }, "geometry": { "type": "Polygon", "coordinates": [ [ [ -76.595161, 39.328131 ], [ -76.589311, 39.328364 ], [ -76.589334, 39.327297 ], [ -76.584576, 39.327047 ], [ -76.58747, 39.323564 ], [ -76.590658, 39.321239 ], [ -76.592814, 39.323209 ], [ -76.595161, 39.328131 ] ] ] } },
{ "type": "Feature", "properties": { "geoid": "24510090700", "state": "Maryland", "county": "Baltimore city", "classification": "Less Likely", "oztoolclassification": "Less likely to attract OZ investment", "composite_score": 0.346177, "rank": 81, "recommended": 1, "jobs_2022": 28.0, "povrate_2024": 0.356545, "median_hhincome_2024": 44353.0, "unemprate_2024": 0.175637, "vacancyrate_2024": 0.319763, "stackability_count": 1, "pop_2024": 2628.0, "median_homevalue_2024": 86900.0, "job_density_score": 0.000944, "dev_capacity_score": 0.156932, "market_momentum_score": 0.646205, "poverty_score": 0.726625, "income_score": 0.627869, "unemployment_score": 0.508255, "stackability_score": 0.333333, "stage1_result": "Advances to Scoring" }, "geometry": { "type": "Polygon", "coordinates": [ [ [ -76.601489, 39.31879 ], [ -76.593929, 39.326225 ], [ -76.592814, 39.323209 ], [ -76.590658, 39.321239 ], [ -76.594867, 39.317238 ], [ -76.601489, 39.31879 ] ] ] } },
{ "type": "Feature", "properties": { "geoid": "24005430900", "state": "Maryland", "county": "Baltimore County", "classification": "Less Likely", "oztoolclassification": "Less likely to attract OZ investment", "composite_score": 0.330024, "rank": 108, "recommended": 1, "jobs_2022": 485.0, "povrate_2024": 0.248613, "median_hhincome_2024": 60711.0, "unemprate_2024": 0.051484, "vacancyrate_2024": 0.041961, "stackability_count": 1, "pop_2024": 5768.0, "median_homevalue_2024": 341000.0, "job_density_score": 0.022521, "dev_capacity_score": 0.068804, "market_momentum_score": 0.716644, "poverty_score": 0.887904, "income_score": 0.482427, "unemployment_score": 0.148983, "stackability_score": 0.333333, "stage1_result": "Advances to Scoring" }, "geometry": { "type": "Polygon", "coordinates": [ [ [ -76.711101, 39.262384 ], [ -76.705321, 39.262688 ], [ -76.688634, 39.268178 ], [ -76.683541, 39.265862 ], [ -76.688814, 39.259055 ], [ -76.690413, 39.255605 ], [ -76.698701, 39.257928 ], [ -76.703956, 39.260721 ], [ -76.707366, 39.261148 ], [ -76.711101, 39.262384 ] ] ] } },
{ "type": "Feature", "properties": { "geoid": "24021767500", "state": "Maryland", "county": "Frederick County", "classification": "Less Likely", "oztoolclassification": "Less likely to attract OZ investment", "composite_score": null, "rank": null, "recommended": 0, "jobs_2022": 228.0, "povrate_2024": 0.032831, "median_hhincome_2024": 88009.0, "unemprate_2024": 0.042587, "vacancyrate_2024": 0.063452, "stackability_count": 0, "pop_2024": 2589.0, "median_homevalue_2024": 428800.0, "job_density_score": null, "dev_capacity_score": null, "market_momentum_score": null, "poverty_score": null, "income_score": null, "unemployment_score": null, "stackability_score": null, "stage1_result": "Eliminated — Already Attractive" }, "geometry": { "type": "Polygon", "coordinates": [ [ [ -77.396506, 39.594111 ], [ -77.3935, 39.599031 ], [ -77.380169, 39.589455 ], [ -77.372047, 39.584657 ], [ -77.372914, 39.588113 ], [ -77.375746, 39.59339 ], [ -77.381745, 39.614539 ], [ -77.379504, 39.615192 ], [ -77.37882, 39.615929 ], [ -77.375596, 39.616598 ], [ -77.372968, 39.618227 ], [ -77.372418, 39.619218 ], [ -77.369334, 39.620364 ], [ -77.367119, 39.623066 ], [ -77.364879, 39.623334 ], [ -77.366795, 39.623763 ], [ -77.367312, 39.624381 ], [ -77.366586, 39.624967 ], [ -77.365901, 39.62672 ], [ -77.365027, 39.629243 ], [ -77.365163, 39.63011 ], [ -77.366618, 39.630571 ], [ -77.370396, 39.63058 ], [ -77.371541, 39.632885 ], [ -77.372521, 39.633637 ], [ -77.374303, 39.633795 ], [ -77.377381, 39.636182 ], [ -77.378133, 39.637714 ], [ -77.379275, 39.638615 ], [ -77.38382, 39.638266 ], [ -77.385978, 39.639057 ], [ -77.387391, 39.63858 ], [ -77.390294, 39.63997 ], [ -77.39312, 39.640295 ], [ -77.393784, 39.640805 ], [ -77.393185, 39.641465 ], [ -77.390755, 39.642146 ], [ -77.387927, 39.646214 ], [ -77.386389, 39.647426 ], [ -77.386068, 39.648937 ], [ -77.386361, 39.649796 ], [ -77.389013, 39.649486 ], [ -77.389322, 39.649988 ], [ -77.386702, 39.650625 ], [ -77.38473, 39.651678 ], [ -77.378607, 39.657716 ], [ -77.378305, 39.6588 ], [ -77.379318, 39.664596 ], [ -77.381133, 39.668162 ], [ -77.379967, 39.669831 ], [ -77.376192, 39.670259 ], [ -77.370182, 39.671778 ], [ -77.363876, 39.674261 ], [ -77.360132, 39.674174 ], [ -77.358676, 39.675419 ], [ -77.356241, 39.676452 ], [ -77.351618, 39.667565 ], [ -77.343945, 39.66319 ], [ -77.339898, 39.661957 ], [ -77.338132, 39.660936 ], [ -77.337002, 39.662872 ], [ -77.337729, 39.669385 ], [ -77.335817, 39.671878 ], [ -77.334721, 39.674206 ], [ -77.334594, 39.677856 ], [ -77.331912, 39.678292 ], [ -77.320437, 39.683206 ], [ -77.317144, 39.68319 ], [ -77.309059, 39.677698 ], [ -77.307686, 39.675287 ], [ -77.302302, 39.673384 ], [ -77.301133, 39.67248 ], [ -77.30087, 39.67158 ], [ -77.298986, 39.671409 ], [ -77.297766, 39.672729 ], [ -77.28515, 39.674443 ], [ -77.285432, 39.680284 ], [ -77.284839, 39.681712 ], [ -77.284544, 39.687609 ], [ -77.285082, 39.692685 ], [ -77.284051, 39.694892 ], [ -77.296954, 39.69971 ], [ -77.294482, 39.70404 ], [ -77.295456, 39.706511 ], [ -77.295583, 39.708235 ], [ -77.293109, 39.711326 ], [ -77.293997, 39.713582 ], [ -77.292782, 39.713928 ], [ -77.292504, 39.714433 ], [ -77.293364, 39.71569 ], [ -77.293506, 39.716986 ], [ -77.29301, 39.719904 ], [ -77.217024, 39.719861 ], [ -77.215213, 39.718677 ], [ -77.214594, 39.716862 ], [ -77.215651, 39.712652 ], [ -77.218396, 39.711415 ], [ -77.224971, 39.710365 ], [ -77.226079, 39.709438 ], [ -77.226766, 39.707306 ], [ -77.226482, 39.706378 ], [ -77.224319, 39.704526 ], [ -77.218845, 39.703056 ], [ -77.216159, 39.701354 ], [ -77.215169, 39.699357 ], [ -77.216261, 39.697413 ], [ -77.217701, 39.696371 ], [ -77.225968, 39.693839 ], [ -77.237019, 39.694722 ], [ -77.240031, 39.695703 ], [ -77.242381, 39.695313 ], [ -77.243268, 39.694731 ], [ -77.244437, 39.692281 ], [ -77.244338, 39.691368 ], [ -77.241181, 39.689585 ], [ -77.239057, 39.687181 ], [ -77.236151, 39.685648 ], [ -77.235861, 39.683541 ], [ -77.236349, 39.680896 ], [ -77.234473, 39.679227 ], [ -77.234538, 39.677434 ], [ -77.23684, 39.674507 ], [ -77.239728, 39.672849 ], [ -77.243062, 39.669978 ], [ -77.245028, 39.669598 ], [ -77.249283, 39.667477 ], [ -77.253193, 39.667999 ], [ -77.254606, 39.667602 ], [ -77.255037, 39.66684 ], [ -77.255138, 39.664016 ], [ -77.255839, 39.663211 ], [ -77.262011, 39.66519 ], [ -77.26469, 39.663764 ], [ -77.266243, 39.662269 ], [ -77.26658, 39.661233 ], [ -77.265143, 39.657732 ], [ -77.265471, 39.655924 ], [ -77.266768, 39.6546 ], [ -77.269805, 39.653589 ], [ -77.272414, 39.651601 ], [ -77.275607, 39.647196 ], [ -77.275452, 39.646302 ], [ -77.271532, 39.642601 ], [ -77.271375, 39.641655 ], [ -77.272028, 39.640938 ], [ -77.27673, 39.639286 ], [ -77.279173, 39.636419 ], [ -77.279051, 39.635812 ], [ -77.275867, 39.632692 ], [ -77.275973, 39.631928 ], [ -77.279969, 39.630783 ], [ -77.291504, 39.630582 ], [ -77.294655, 39.631883 ], [ -77.295482, 39.633605 ], [ -77.298078, 39.635651 ], [ -77.298433, 39.638136 ], [ -77.300062, 39.639326 ], [ -77.30708, 39.641118 ], [ -77.309676, 39.640539 ], [ -77.311382, 39.639517 ], [ -77.311474, 39.638222 ], [ -77.309775, 39.636143 ], [ -77.30967, 39.63111 ], [ -77.307912, 39.628326 ], [ -77.305352, 39.626419 ], [ -77.300666, 39.625219 ], [ -77.299519, 39.62386 ], [ -77.301676, 39.621261 ], [ -77.306673, 39.620173 ], [ -77.307377, 39.618965 ], [ -77.303551, 39.615872 ], [ -77.301295, 39.61325 ], [ -77.29956, 39.612207 ], [ -77.294867, 39.610985 ], [ -77.290241, 39.606469 ], [ -77.290436, 39.604315 ], [ -77.291818, 39.604627 ], [ -77.293572, 39.60315 ], [ -77.302805, 39.6037 ], [ -77.306708, 39.602591 ], [ -77.308753, 39.600496 ], [ -77.309117, 39.599345 ], [ -77.308681, 39.597858 ], [ -77.305377, 39.596218 ], [ -77.30035, 39.592437 ], [ -77.298427, 39.590507 ], [ -77.298202, 39.589362 ], [ -77.298759, 39.588447 ], [ -77.300509, 39.587944 ], [ -77.307149, 39.587798 ], [ -77.310639, 39.588481 ], [ -77.311762, 39.585492 ], [ -77.311682, 39.582244 ], [ -77.313328, 39.580767 ], [ -77.323395, 39.579487 ], [ -77.329844, 39.579426 ], [ -77.333135, 39.577888 ], [ -77.338861, 39.577705 ], [ -77.3394, 39.577211 ], [ -77.340193, 39.5744 ], [ -77.33895, 39.570453 ], [ -77.337587, 39.56857 ], [ -77.337274, 39.566611 ], [ -77.340621, 39.564518 ], [ -77.342883, 39.563771 ], [ -77.347039, 39.563176 ], [ -77.351019, 39.563318 ], [ -77.356174, 39.561795 ], [ -77.358479, 39.561827 ], [ -77.358961, 39.560597 ], [ -77.359078, 39.556315 ], [ -77.356985, 39.554866 ], [ -77.355942, 39.55356 ], [ -77.355643, 39.552363 ], [ -77.358102, 39.549409 ], [ -77.358125, 39.550245 ], [ -77.358705, 39.550737 ], [ -77.362806, 39.552942 ], [ -77.366431, 39.554 ], [ -77.367473, 39.553862 ], [ -77.368586, 39.552588 ], [ -77.369847, 39.551994 ], [ -77.371685, 39.553009 ], [ -77.375113, 39.552907 ], [ -77.377843, 39.552326 ], [ -77.381632, 39.55011 ], [ -77.385717, 39.549475 ], [ -77.386482, 39.549665 ], [ -77.387481, 39.551545 ], [ -77.386738, 39.554899 ], [ -77.385505, 39.55631 ], [ -77.384723, 39.560059 ], [ -77.386265, 39.560559 ], [ -77.385974, 39.56143 ], [ -77.387268, 39.564169 ], [ -77.391678, 39.569221 ], [ -77.391234, 39.569476 ], [ -77.391507, 39.573913 ], [ -77.393386, 39.579494 ], [ -77.392508, 39.588709 ], [ -77.393662, 39.591536 ], [ -77.394906, 39.593151 ], [ -77.396506, 39.594111 ] ] ] } },
{ "type": "Feature", "properties": { "geoid": "24031703209", "state": "Maryland", "county": "Montgomery County", "classification": "Less Likely", "oztoolclassification": "Less likely to attract OZ investment", "composite_score": null, "rank": null, "recommended": 0, "jobs_2022": 894.0, "povrate_2024": 0.136266, "median_hhincome_2024": 85230.0, "unemprate_2024": 0.072385, "vacancyrate_2024": 0.087036, "stackability_count": 1, "pop_2024": 6088.0, "median_homevalue_2024": 541000.0, "job_density_score": null, "dev_capacity_score": null, "market_momentum_score": null, "poverty_score": null, "income_score": null, "unemployment_score": null, "stackability_score": null, "stage1_result": "Eliminated — Already Attractive" }, "geometry": { "type": "Polygon", "coordinates": [ [ [ -77.051987, 39.04308 ], [ -77.052018, 39.047123 ], [ -77.038757, 39.047279 ], [ -77.033401, 39.046566 ], [ -77.031311, 39.044994 ], [ -77.025639, 39.035948 ], [ -77.025932, 39.035611 ], [ -77.031317, 39.036677 ], [ -77.035913, 39.036184 ], [ -77.038174, 39.036534 ], [ -77.043461, 39.040207 ], [ -77.048231, 39.04135 ], [ -77.047889, 39.043308 ], [ -77.051987, 39.04308 ] ] ] } },
{ "type": "Feature", "properties": { "geoid": "24005402503", "state": "Maryland", "county": "Baltimore County", "classification": "Less Likely", "oztoolclassification": "Less likely to attract OZ investment", "composite_score": 0.296604, "rank": 167, "recommended": 0, "jobs_2022": 971.0, "povrate_2024": 0.227786, "median_hhincome_2024": 51509.0, "unemprate_2024": 0.106221, "vacancyrate_2024": 0.028421, "stackability_count": 0, "pop_2024": 5996.0, "median_homevalue_2024": 310200.0, "job_density_score": 0.045467, "dev_capacity_score": 0.068804, "market_momentum_score": 0.716644, "poverty_score": 0.813523, "income_score": 0.564243, "unemployment_score": 0.30738, "stackability_score": 0.0, "stage1_result": "Advances to Scoring" }, "geometry": { "type": "Polygon", "coordinates": [ [ [ -76.819474, 39.348708 ], [ -76.81924, 39.349824 ], [ -76.817346, 39.35155 ], [ -76.818408, 39.352452 ], [ -76.817491, 39.353723 ], [ -76.814918, 39.353243 ], [ -76.813972, 39.354066 ], [ -76.813124, 39.356294 ], [ -76.812695, 39.356454 ], [ -76.812955, 39.357065 ], [ -76.811973, 39.358602 ], [ -76.81297, 39.359939 ], [ -76.811914, 39.360915 ], [ -76.811464, 39.362824 ], [ -76.810416, 39.363518 ], [ -76.811297, 39.365804 ], [ -76.815097, 39.368204 ], [ -76.815361, 39.370037 ], [ -76.813689, 39.372518 ], [ -76.811748, 39.371584 ], [ -76.810418, 39.37419 ], [ -76.796613, 39.367893 ], [ -76.778715, 39.361381 ], [ -76.784792, 39.358625 ], [ -76.789251, 39.358895 ], [ -76.794641, 39.356674 ], [ -76.795829, 39.353781 ], [ -76.799811, 39.351912 ], [ -76.803801, 39.348953 ], [ -76.80707, 39.348115 ], [ -76.809343, 39.348296 ], [ -76.814116, 39.346175 ], [ -76.817382, 39.345448 ], [ -76.817492, 39.346781 ], [ -76.819474, 39.348708 ] ] ] } },
{ "type": "Feature", "properties": { "geoid": "24510160500", "state": "Maryland", "county": "Baltimore city", "classification": "Less Likely", "oztoolclassification": "Less likely to attract OZ investment", "composite_score": 0.358201, "rank": 69, "recommended": 1, "jobs_2022": 429.0, "povrate_2024": 0.317471, "median_hhincome_2024": 37396.0, "unemprate_2024": 0.151741, "vacancyrate_2024": 0.245464, "stackability_count": 1, "pop_2024": 2942.0, "median_homevalue_2024": 93200.0, "job_density_score": 0.019877, "dev_capacity_score": 0.092545, "market_momentum_score": 0.571055, "poverty_score": 0.866175, "income_score": 0.689724, "unemployment_score": 0.439105, "stackability_score": 0.333333, "stage1_result": "Advances to Scoring" }, "geometry": { "type": "Polygon", "coordinates": [ [ [ -76.660898, 39.306144 ], [ -76.659038, 39.306252 ], [ -76.657019, 39.304953 ], [ -76.64865, 39.302917 ], [ -76.647717, 39.302305 ], [ -76.650177, 39.30107 ], [ -76.651345, 39.298947 ], [ -76.650607, 39.298663 ], [ -76.650383, 39.293698 ], [ -76.659353, 39.293352 ], [ -76.659589, 39.298339 ], [ -76.660824, 39.300451 ], [ -76.660898, 39.306144 ] ] ] } },
{ "type": "Feature", "properties": { "geoid": "24005402404", "state": "Maryland", "county": "Baltimore County", "classification": "Less Likely", "oztoolclassification": "Less likely to attract OZ investment", "composite_score": 0.239378, "rank": 257, "recommended": 0, "jobs_2022": 214.0, "povrate_2024": 0.176508, "median_hhincome_2024": 59741.0, "unemprate_2024": 0.055621, "vacancyrate_2024": 0.031566, "stackability_count": 0, "pop_2024": 4842.0, "median_homevalue_2024": 282100.0, "job_density_score": 0.009726, "dev_capacity_score": 0.068804, "market_momentum_score": 0.716644, "poverty_score": 0.630385, "income_score": 0.491051, "unemployment_score": 0.160955, "stackability_score": 0.0, "stage1_result": "Advances to Scoring" }, "geometry": { "type": "Polygon", "coordinates": [ [ [ -76.742163, 39.331853 ], [ -76.740461, 39.335144 ], [ -76.736113, 39.33574 ], [ -76.727848, 39.342713 ], [ -76.727293, 39.342569 ], [ -76.72746, 39.338546 ], [ -76.725526, 39.335851 ], [ -76.725015, 39.333928 ], [ -76.726485, 39.332355 ], [ -76.726047, 39.327691 ], [ -76.728324, 39.327131 ], [ -76.726748, 39.323744 ], [ -76.724206, 39.323415 ], [ -76.726278, 39.32167 ], [ -76.735639, 39.327214 ], [ -76.742163, 39.331853 ] ] ] } },
{ "type": "Feature", "properties": { "geoid": "24005420301", "state": "Maryland", "county": "Baltimore County", "classification": "Less Likely", "oztoolclassification": "Less likely to attract OZ investment", "composite_score": 0.297432, "rank": 166, "recommended": 0, "jobs_2022": 212.0, "povrate_2024": 0.183589, "median_hhincome_2024": 64227.0, "unemprate_2024": 0.091378, "vacancyrate_2024": 0.030881, "stackability_count": 1, "pop_2024": 2424.0, "median_homevalue_2024": 178900.0, "job_density_score": 0.009632, "dev_capacity_score": 0.068804, "market_momentum_score": 0.716644, "poverty_score": 0.655675, "income_score": 0.451165, "unemployment_score": 0.264427, "stackability_score": 0.333333, "stage1_result": "Advances to Scoring" }, "geometry": { "type": "Polygon", "coordinates": [ [ [ -76.493852, 39.27327 ], [ -76.487076, 39.278481 ], [ -76.479204, 39.276754 ], [ -76.48057, 39.272782 ], [ -76.480374, 39.271884 ], [ -76.485615, 39.271919 ], [ -76.489996, 39.27307 ], [ -76.491531, 39.272432 ], [ -76.493852, 39.27327 ] ] ] } },
{ "type": "Feature", "properties": { "geoid": "24005420302", "state": "Maryland", "county": "Baltimore County", "classification": "Less Likely", "oztoolclassification": "Less likely to attract OZ investment", "composite_score": 0.306962, "rank": 139, "recommended": 0, "jobs_2022": 123.0, "povrate_2024": 0.216681, "median_hhincome_2024": 72028.0, "unemprate_2024": 0.091371, "vacancyrate_2024": 0.098002, "stackability_count": 1, "pop_2024": 2386.0, "median_homevalue_2024": 189300.0, "job_density_score": 0.00543, "dev_capacity_score": 0.068804, "market_momentum_score": 0.716644, "poverty_score": 0.773859, "income_score": 0.381805, "unemployment_score": 0.264406, "stackability_score": 0.333333, "stage1_result": "Advances to Scoring" }, "geometry": { "type": "Polygon", "coordinates": [ [ [ -76.494719, 39.270136 ], [ -76.494018, 39.2732 ], [ -76.491531, 39.272432 ], [ -76.489996, 39.27307 ], [ -76.485615, 39.271919 ], [ -76.480374, 39.271884 ], [ -76.478683, 39.265406 ], [ -76.494719, 39.270136 ] ] ] } },
{ "type": "Feature", "properties": { "geoid": "24005420401", "state": "Maryland", "county": "Baltimore County", "classification": "Less Likely", "oztoolclassification": "Less likely to attract OZ investment", "composite_score": 0.359998, "rank": 66, "recommended": 1, "jobs_2022": 49.0, "povrate_2024": 0.296637, "median_hhincome_2024": 44707.0, "unemprate_2024": 0.112039, "vacancyrate_2024": 0.027135, "stackability_count": 1, "pop_2024": 7513.0, "median_homevalue_2024": 202700.0, "job_density_score": 0.001936, "dev_capacity_score": 0.068804, "market_momentum_score": 0.716644, "poverty_score": 0.940581, "income_score": 0.624721, "unemployment_score": 0.324216, "stackability_score": 0.333333, "stage1_result": "Advances to Scoring" }, "geometry": { "type": "Polygon", "coordinates": [ [ [ -76.501153, 39.263034 ], [ -76.500334, 39.263669 ], [ -76.499638, 39.266185 ], [ -76.488341, 39.262 ], [ -76.487599, 39.261341 ], [ -76.486893, 39.25898 ], [ -76.482527, 39.256532 ], [ -76.483758, 39.255284 ], [ -76.481919, 39.254172 ], [ -76.482438, 39.255337 ], [ -76.48207, 39.255735 ], [ -76.479083, 39.254006 ], [ -76.484484, 39.249607 ], [ -76.492984, 39.256006 ], [ -76.495384, 39.259506 ], [ -76.496607, 39.259787 ], [ -76.499232, 39.262081 ], [ -76.500402, 39.262215 ], [ -76.501153, 39.263034 ] ] ] } },
{ "type": "Feature", "properties": { "geoid": "24005420402", "state": "Maryland", "county": "Baltimore County", "classification": "Less Likely", "oztoolclassification": "Less likely to attract OZ investment", "composite_score": 0.199331, "rank": 321, "recommended": 0, "jobs_2022": 353.0, "povrate_2024": 0.090823, "median_hhincome_2024": 65455.0, "unemprate_2024": 0.094356, "vacancyrate_2024": 0.021711, "stackability_count": 0, "pop_2024": 2103.0, "median_homevalue_2024": 217300.0, "job_density_score": 0.016289, "dev_capacity_score": 0.068804, "market_momentum_score": 0.716644, "poverty_score": 0.324367, "income_score": 0.440247, "unemployment_score": 0.273046, "stackability_score": 0.0, "stage1_result": "Advances to Scoring" }, "geometry": { "type": "Polygon", "coordinates": [ [ [ -76.499638, 39.266185 ], [ -76.499564, 39.268475 ], [ -76.491451, 39.265315 ], [ -76.477484, 39.261107 ], [ -76.477044, 39.260317 ], [ -76.477183, 39.257706 ], [ -76.479083, 39.254006 ], [ -76.48214, 39.255749 ], [ -76.482438, 39.255337 ], [ -76.481919, 39.254172 ], [ -76.48226, 39.254158 ], [ -76.483758, 39.255284 ], [ -76.482527, 39.256532 ], [ -76.486893, 39.25898 ], [ -76.487898, 39.261745 ], [ -76.499638, 39.266185 ] ] ] } },
{ "type": "Feature", "properties": { "geoid": "24005420600", "state": "Maryland", "county": "Baltimore County", "classification": "Less Likely", "oztoolclassification": "Less likely to attract OZ investment", "composite_score": 0.303231, "rank": 150, "recommended": 0, "jobs_2022": 675.0, "povrate_2024": 0.209747, "median_hhincome_2024": 66750.0, "unemprate_2024": 0.037258, "vacancyrate_2024": 0.083443, "stackability_count": 1, "pop_2024": 4935.0, "median_homevalue_2024": 174800.0, "job_density_score": 0.031492, "dev_capacity_score": 0.068804, "market_momentum_score": 0.716644, "poverty_score": 0.749095, "income_score": 0.428733, "unemployment_score": 0.107816, "stackability_score": 0.333333, "stage1_result": "Advances to Scoring" }, "geometry": { "type": "Polygon", "coordinates": [ [ [ -76.526293, 39.289364 ], [ -76.518926, 39.292599 ], [ -76.511218, 39.290563 ], [ -76.507261, 39.289015 ], [ -76.505307, 39.288142 ], [ -76.506587, 39.284663 ], [ -76.505437, 39.280653 ], [ -76.510638, 39.279907 ], [ -76.516643, 39.282737 ], [ -76.521767, 39.282907 ], [ -76.521875, 39.286582 ], [ -76.524794, 39.286483 ], [ -76.526293, 39.289364 ] ] ] } },
{ "type": "Feature", "properties": { "geoid": "24005420701", "state": "Maryland", "county": "Baltimore County", "classification": "Less Likely", "oztoolclassification": "Less likely to attract OZ investment", "composite_score": 0.302661, "rank": 154, "recommended": 0, "jobs_2022": 864.0, "povrate_2024": 0.163197, "median_hhincome_2024": 42935.0, "unemprate_2024": 0.039485, "vacancyrate_2024": 0.028698, "stackability_count": 1, "pop_2024": 2690.0, "median_homevalue_2024": 182400.0, "job_density_score": 0.040415, "dev_capacity_score": 0.068804, "market_momentum_score": 0.716644, "poverty_score": 0.582847, "income_score": 0.640476, "unemployment_score": 0.114261, "stackability_score": 0.333333, "stage1_result": "Advances to Scoring" }, "geometry": { "type": "Polygon", "coordinates": [ [ [ -76.528466, 39.281739 ], [ -76.524263, 39.282729 ], [ -76.519603, 39.283031 ], [ -76.516503, 39.282693 ], [ -76.510638, 39.279907 ], [ -76.505437, 39.280653 ], [ -76.502635, 39.272464 ], [ -76.502625, 39.271243 ], [ -76.503323, 39.270023 ], [ -76.511214, 39.271968 ], [ -76.517864, 39.272815 ], [ -76.517791, 39.273376 ], [ -76.519323, 39.27416 ], [ -76.518685, 39.27476 ], [ -76.524254, 39.278938 ], [ -76.525934, 39.27943 ], [ -76.528466, 39.281739 ] ] ] } },
{ "type": "Feature", "properties": { "geoid": "24005420702", "state": "Maryland", "county": "Baltimore County", "classification": "Goldilocks", "oztoolclassification": "More likely to attract OZ investment, with larger impact", "composite_score": 0.261682, "rank": 217, "recommended": 0, "jobs_2022": 189.0, "povrate_2024": 0.172853, "median_hhincome_2024": 81053.0, "unemprate_2024": 0.027822, "vacancyrate_2024": 0.017921, "stackability_count": 1, "pop_2024": 2679.0, "median_homevalue_2024": 240800.0, "job_density_score": 0.008546, "dev_capacity_score": 0.068804, "market_momentum_score": 0.716644, "poverty_score": 0.617334, "income_score": 0.301562, "unemployment_score": 0.08051, "stackability_score": 0.333333, "stage1_result": "Advances to Scoring" }, "geometry": { "type": "Polygon", "coordinates": [ [ [ -76.529788, 39.281527 ], [ -76.528466, 39.281739 ], [ -76.525934, 39.27943 ], [ -76.524254, 39.278938 ], [ -76.518685, 39.27476 ], [ -76.519323, 39.27416 ], [ -76.517791, 39.273376 ], [ -76.517864, 39.272815 ], [ -76.529623, 39.272307 ], [ -76.529788, 39.281527 ] ] ] } },
{ "type": "Feature", "properties": { "geoid": "24005420900", "state": "Maryland", "county": "Baltimore County", "classification": "Less Likely", "oztoolclassification": "Less likely to attract OZ investment", "composite_score": 0.34492, "rank": 83, "recommended": 1, "jobs_2022": 477.0, "povrate_2024": 0.218725, "median_hhincome_2024": 48534.0, "unemprate_2024": 0.138712, "vacancyrate_2024": 0.01625, "stackability_count": 1, "pop_2024": 3813.0, "median_homevalue_2024": 196100.0, "job_density_score": 0.022144, "dev_capacity_score": 0.068804, "market_momentum_score": 0.716644, "poverty_score": 0.781162, "income_score": 0.590694, "unemployment_score": 0.4014, "stackability_score": 0.333333, "stage1_result": "Advances to Scoring" }, "geometry": { "type": "Polygon", "coordinates": [ [ [ -76.529511, 39.269726 ], [ -76.526014, 39.269509 ], [ -76.523288, 39.268335 ], [ -76.518223, 39.263657 ], [ -76.512367, 39.259805 ], [ -76.512629, 39.259024 ], [ -76.523342, 39.256323 ], [ -76.529511, 39.269726 ] ] ] } },
{ "type": "Feature", "properties": { "geoid": "24005421101", "state": "Maryland", "county": "Baltimore County", "classification": "Less Likely", "oztoolclassification": "Less likely to attract OZ investment", "composite_score": 0.217358, "rank": 299, "recommended": 0, "jobs_2022": 166.0, "povrate_2024": 0.072765, "median_hhincome_2024": 69583.0, "unemprate_2024": 0.02533, "vacancyrate_2024": 0.060852, "stackability_count": 1, "pop_2024": 3367.0, "median_homevalue_2024": 336600.0, "job_density_score": 0.00746, "dev_capacity_score": 0.068804, "market_momentum_score": 0.716644, "poverty_score": 0.259875, "income_score": 0.403544, "unemployment_score": 0.073299, "stackability_score": 0.333333, "stage1_result": "Advances to Scoring" }, "geometry": { "type": "Polygon", "coordinates": [ [ [ -76.523198, 39.256365 ], [ -76.512629, 39.259024 ], [ -76.511907, 39.260456 ], [ -76.509895, 39.260327 ], [ -76.512439, 39.256479 ], [ -76.511418, 39.253879 ], [ -76.509696, 39.252005 ], [ -76.521061, 39.251465 ], [ -76.523198, 39.256365 ] ] ] } },
{ "type": "Feature", "properties": { "geoid": "24005421102", "state": "Maryland", "county": "Baltimore County", "classification": "Less Likely", "oztoolclassification": "Less likely to attract OZ investment", "composite_score": 0.304705, "rank": 143, "recommended": 0, "jobs_2022": 161.0, "povrate_2024": 0.216909, "median_hhincome_2024": 66023.0, "unemprate_2024": 0.055705, "vacancyrate_2024": 0.051619, "stackability_count": 1, "pop_2024": 2614.0, "median_homevalue_2024": 178800.0, "job_density_score": 0.007224, "dev_capacity_score": 0.068804, "market_momentum_score": 0.716644, "poverty_score": 0.774675, "income_score": 0.435197, "unemployment_score": 0.161198, "stackability_score": 0.333333, "stage1_result": "Advances to Scoring" }, "geometry": { "type": "Polygon", "coordinates": [ [ [ -76.529575, 39.238311 ], [ -76.529758, 39.257584 ], [ -76.526668, 39.257738 ], [ -76.526436, 39.255354 ], [ -76.523094, 39.255773 ], [ -76.521061, 39.251465 ], [ -76.509696, 39.252005 ], [ -76.509297, 39.249214 ], [ -76.508204, 39.247356 ], [ -76.507796, 39.245437 ], [ -76.515048, 39.245818 ], [ -76.512841, 39.243058 ], [ -76.515281, 39.242325 ], [ -76.515584, 39.243106 ], [ -76.529575, 39.238311 ] ] ] } },
{ "type": "Feature", "properties": { "geoid": "24005430101", "state": "Maryland", "county": "Baltimore County", "classification": "Less Likely", "oztoolclassification": "Less likely to attract OZ investment", "composite_score": 0.315718, "rank": 129, "recommended": 0, "jobs_2022": 702.0, "povrate_2024": 0.195984, "median_hhincome_2024": 61061.0, "unemprate_2024": 0.099542, "vacancyrate_2024": 0.086637, "stackability_count": 1, "pop_2024": 4980.0, "median_homevalue_2024": 193700.0, "job_density_score": 0.032767, "dev_capacity_score": 0.068804, "market_momentum_score": 0.716644, "poverty_score": 0.699943, "income_score": 0.479315, "unemployment_score": 0.288052, "stackability_score": 0.333333, "stage1_result": "Advances to Scoring" }, "geometry": { "type": "Polygon", "coordinates": [ [ [ -76.650522, 39.229466 ], [ -76.648144, 39.244266 ], [ -76.646664, 39.246799 ], [ -76.644212, 39.248924 ], [ -76.640328, 39.24703 ], [ -76.641072, 39.243768 ], [ -76.641952, 39.232186 ], [ -76.641409, 39.22558 ], [ -76.644569, 39.228149 ], [ -76.650522, 39.229466 ] ] ] } },
{ "type": "Feature", "properties": { "geoid": "24033801801", "state": "Maryland", "county": "Prince George's County", "classification": "Less Likely", "oztoolclassification": "Less likely to attract OZ investment", "composite_score": 0.303213, "rank": 151, "recommended": 0, "jobs_2022": 533.0, "povrate_2024": 0.322964, "median_hhincome_2024": 43649.0, "unemprate_2024": 0.109974, "vacancyrate_2024": 0.04388, "stackability_count": 0, "pop_2024": 1768.0, "median_homevalue_2024": 315600.0, "job_density_score": 0.024788, "dev_capacity_score": 0.068804, "market_momentum_score": 0.716644, "poverty_score": 0.846558, "income_score": 0.634128, "unemployment_score": 0.318241, "stackability_score": 0.0, "stage1_result": "Advances to Scoring" }, "geometry": { "type": "Polygon", "coordinates": [ [ [ -76.953439, 38.828476 ], [ -76.951937, 38.831139 ], [ -76.951829, 38.83332 ], [ -76.949348, 38.833019 ], [ -76.947489, 38.834253 ], [ -76.945035, 38.831685 ], [ -76.941059, 38.831272 ], [ -76.944665, 38.827051 ], [ -76.94817, 38.824109 ], [ -76.949961, 38.823461 ], [ -76.951075, 38.824526 ], [ -76.951059, 38.828489 ], [ -76.953439, 38.828476 ] ] ] } },
{ "type": "Feature", "properties": { "geoid": "24033801406", "state": "Maryland", "county": "Prince George's County", "classification": "Less Likely", "oztoolclassification": "Less likely to attract OZ investment", "composite_score": 0.144692, "rank": 353, "recommended": 0, "jobs_2022": 61.0, "povrate_2024": 0.021591, "median_hhincome_2024": 78715.0, "unemprate_2024": 0.087339, "vacancyrate_2024": 0.076923, "stackability_count": 0, "pop_2024": 2640.0, "median_homevalue_2024": 313600.0, "job_density_score": 0.002502, "dev_capacity_score": 0.068804, "market_momentum_score": 0.716644, "poverty_score": 0.07711, "income_score": 0.32235, "unemployment_score": 0.252739, "stackability_score": 0.0, "stage1_result": "Advances to Scoring" }, "geometry": { "type": "Polygon", "coordinates": [ [ [ -76.994709, 38.767116 ], [ -76.991854, 38.770063 ], [ -76.99244, 38.770751 ], [ -76.991913, 38.771322 ], [ -76.992523, 38.772283 ], [ -76.992188, 38.773172 ], [ -76.990179, 38.77445 ], [ -76.989432, 38.776131 ], [ -76.984213, 38.783502 ], [ -76.982672, 38.784467 ], [ -76.980677, 38.786878 ], [ -76.975569, 38.788757 ], [ -76.972929, 38.790378 ], [ -76.971386, 38.79041 ], [ -76.966925, 38.785381 ], [ -76.964513, 38.780415 ], [ -76.961944, 38.779069 ], [ -76.957611, 38.775402 ], [ -76.962604, 38.772668 ], [ -76.965228, 38.772321 ], [ -76.967563, 38.772583 ], [ -76.969838, 38.774041 ], [ -76.971914, 38.77462 ], [ -76.976226, 38.774145 ], [ -76.977289, 38.773463 ], [ -76.978995, 38.771117 ], [ -76.985301, 38.767818 ], [ -76.985447, 38.767229 ], [ -76.988142, 38.765637 ], [ -76.990424, 38.764767 ], [ -76.993813, 38.76083 ], [ -76.994709, 38.767116 ] ] ] } },
{ "type": "Feature", "properties": { "geoid": "24033801707", "state": "Maryland", "county": "Prince George's County", "classification": "Less Likely", "oztoolclassification": "Less likely to attract OZ investment", "composite_score": null, "rank": null, "recommended": 0, "jobs_2022": 110.0, "povrate_2024": 0.07371, "median_hhincome_2024": 83523.0, "unemprate_2024": 0.039633, "vacancyrate_2024": 0.108119, "stackability_count": 1, "pop_2024": 6204.0, "median_homevalue_2024": 373100.0, "job_density_score": null, "dev_capacity_score": null, "market_momentum_score": null, "poverty_score": null, "income_score": null, "unemployment_score": null, "stackability_score": null, "stage1_result": "Eliminated — Already Attractive" }, "geometry": { "type": "Polygon", "coordinates": [ [ [ -76.99642, 38.816454 ], [ -76.99294, 38.817257 ], [ -76.993762, 38.819074 ], [ -76.992094, 38.819565 ], [ -76.992721, 38.822288 ], [ -76.993793, 38.822832 ], [ -76.992989, 38.82451 ], [ -76.990283, 38.823204 ], [ -76.985736, 38.816802 ], [ -76.974464, 38.814163 ], [ -76.973756, 38.81097 ], [ -76.968644, 38.811149 ], [ -76.968386, 38.810655 ], [ -76.970463, 38.808777 ], [ -76.990468, 38.806366 ], [ -76.991197, 38.809334 ], [ -76.994089, 38.813478 ], [ -76.996198, 38.814989 ], [ -76.99642, 38.816454 ] ] ] } },
{ "type": "Feature", "properties": { "geoid": "24033801808", "state": "Maryland", "county": "Prince George's County", "classification": "Less Likely", "oztoolclassification": "Less likely to attract OZ investment", "composite_score": null, "rank": null, "recommended": 0, "jobs_2022": 254.0, "povrate_2024": 0.196993, "median_hhincome_2024": 66058.0, "unemprate_2024": 0.095802, "vacancyrate_2024": 0.035872, "stackability_count": 0, "pop_2024": 3193.0, "median_homevalue_2024": 416700.0, "job_density_score": null, "dev_capacity_score": null, "market_momentum_score": null, "poverty_score": null, "income_score": null, "unemployment_score": null, "stackability_score": null, "stage1_result": "Eliminated — Already Attractive" }, "geometry": { "type": "Polygon", "coordinates": [ [ [ -76.969919, 38.829703 ], [ -76.967961, 38.831801 ], [ -76.964863, 38.832931 ], [ -76.967052, 38.8348 ], [ -76.965395, 38.83537 ], [ -76.966258, 38.836438 ], [ -76.963405, 38.837605 ], [ -76.964903, 38.838091 ], [ -76.966418, 38.839592 ], [ -76.965753, 38.840137 ], [ -76.967042, 38.841612 ], [ -76.965937, 38.84295 ], [ -76.962863, 38.841403 ], [ -76.960999, 38.839412 ], [ -76.960221, 38.838196 ], [ -76.960764, 38.836689 ], [ -76.958038, 38.835496 ], [ -76.957592, 38.83447 ], [ -76.959924, 38.833137 ], [ -76.955603, 38.828803 ], [ -76.951059, 38.828489 ], [ -76.950903, 38.827917 ], [ -76.955192, 38.827961 ], [ -76.958101, 38.826723 ], [ -76.961888, 38.826929 ], [ -76.963173, 38.826215 ], [ -76.964395, 38.826287 ], [ -76.966132, 38.826585 ], [ -76.967553, 38.827931 ], [ -76.967959, 38.829055 ], [ -76.969919, 38.829703 ] ] ] } },
{ "type": "Feature", "properties": { "geoid": "24033802103", "state": "Maryland", "county": "Prince George's County", "classification": "Less Likely", "oztoolclassification": "Less likely to attract OZ investment", "composite_score": 0.226419, "rank": 283, "recommended": 0, "jobs_2022": 1608.0, "povrate_2024": 0.117221, "median_hhincome_2024": 74074.0, "unemprate_2024": 0.106596, "vacancyrate_2024": 0.061728, "stackability_count": 0, "pop_2024": 2767.0, "median_homevalue_2024": 324400.0, "job_density_score": 0.075543, "dev_capacity_score": 0.068804, "market_momentum_score": 0.716644, "poverty_score": 0.418648, "income_score": 0.363614, "unemployment_score": 0.308463, "stackability_score": 0.0, "stage1_result": "Advances to Scoring" }, "geometry": { "type": "Polygon", "coordinates": [ [ [ -76.910348, 38.853162 ], [ -76.908334, 38.853997 ], [ -76.906566, 38.853616 ], [ -76.901005, 38.855358 ], [ -76.895622, 38.852698 ], [ -76.890667, 38.851573 ], [ -76.886122, 38.849843 ], [ -76.881883, 38.849503 ], [ -76.878017, 38.8476 ], [ -76.874046, 38.844563 ], [ -76.874229, 38.840965 ], [ -76.893284, 38.8458 ], [ -76.90604, 38.850474 ], [ -76.910348, 38.853162 ] ] ] } },
{ "type": "Feature", "properties": { "geoid": "24033800102", "state": "Maryland", "county": "Prince George's County", "classification": "Less Likely", "oztoolclassification": "Less likely to attract OZ investment", "composite_score": null, "rank": null, "recommended": 0, "jobs_2022": 701.0, "povrate_2024": 0.081551, "median_hhincome_2024": 80745.0, "unemprate_2024": 0.039293, "vacancyrate_2024": 0.060457, "stackability_count": 1, "pop_2024": 2759.0, "median_homevalue_2024": 430200.0, "job_density_score": null, "dev_capacity_score": null, "market_momentum_score": null, "poverty_score": null, "income_score": null, "unemployment_score": null, "stackability_score": null, "stage1_result": "Eliminated — Already Attractive" }, "geometry": { "type": "Polygon", "coordinates": [ [ [ -76.86725, 39.106358 ], [ -76.86573, 39.108934 ], [ -76.8643, 39.109008 ], [ -76.864675, 39.10968 ], [ -76.863971, 39.110949 ], [ -76.862733, 39.110309 ], [ -76.861072, 39.110734 ], [ -76.856552, 39.110726 ], [ -76.851058, 39.108922 ], [ -76.849084, 39.109097 ], [ -76.847591, 39.108043 ], [ -76.846242, 39.107967 ], [ -76.848979, 39.104188 ], [ -76.853048, 39.100305 ], [ -76.855379, 39.101296 ], [ -76.862036, 39.101603 ], [ -76.862486, 39.102312 ], [ -76.861836, 39.103865 ], [ -76.865957, 39.104888 ], [ -76.86725, 39.106358 ] ] ] } },
{ "type": "Feature", "properties": { "geoid": "24031700832", "state": "Maryland", "county": "Montgomery County", "classification": "Less Likely", "oztoolclassification": "Less likely to attract OZ investment", "composite_score": null, "rank": null, "recommended": 0, "jobs_2022": 326.0, "povrate_2024": 0.139481, "median_hhincome_2024": 80417.0, "unemprate_2024": 0.028865, "vacancyrate_2024": 0.005525, "stackability_count": 0, "pop_2024": 3004.0, "median_homevalue_2024": 380000.0, "job_density_score": null, "dev_capacity_score": null, "market_momentum_score": null, "poverty_score": null, "income_score": null, "unemployment_score": null, "stackability_score": null, "stage1_result": "Eliminated — Already Attractive" }, "geometry": { "type": "Polygon", "coordinates": [ [ [ -77.246823, 39.175333 ], [ -77.240875, 39.178947 ], [ -77.238561, 39.181148 ], [ -77.238515, 39.176302 ], [ -77.235112, 39.169795 ], [ -77.233475, 39.168473 ], [ -77.230205, 39.167597 ], [ -77.228539, 39.16601 ], [ -77.230529, 39.165458 ], [ -77.23088, 39.164466 ], [ -77.2304, 39.163276 ], [ -77.231544, 39.162483 ], [ -77.232662, 39.160813 ], [ -77.234223, 39.161563 ], [ -77.239486, 39.164673 ], [ -77.241495, 39.166676 ], [ -77.246823, 39.175333 ] ] ] } },
{ "type": "Feature", "properties": { "geoid": "24037875903", "state": "Maryland", "county": "St. Mary's County", "classification": "Already Attractive", "oztoolclassification": "Likely to attract capital even without OZ designation", "composite_score": 0.331771, "rank": 105, "recommended": 1, "jobs_2022": 1043.0, "povrate_2024": 0.267079, "median_hhincome_2024": 74019.0, "unemprate_2024": 0.033268, "vacancyrate_2024": 0.07608, "stackability_count": 1, "pop_2024": 2913.0, "median_homevalue_2024": 304100.0, "job_density_score": 0.048867, "dev_capacity_score": 0.068804, "market_momentum_score": 0.716644, "poverty_score": 0.953852, "income_score": 0.364103, "unemployment_score": 0.09627, "stackability_score": 0.333333, "stage1_result": "Advances to Scoring" }, "geometry": { "type": "Polygon", "coordinates": [ [ [ -76.474812, 38.256869 ], [ -76.455033, 38.264787 ], [ -76.453003, 38.261066 ], [ -76.452769, 38.259828 ], [ -76.453683, 38.250077 ], [ -76.456754, 38.241758 ], [ -76.471009, 38.253209 ], [ -76.474812, 38.256869 ] ] ] } },
{ "type": "Feature", "properties": { "geoid": "24033801405", "state": "Maryland", "county": "Prince George's County", "classification": "Less Likely", "oztoolclassification": "Less likely to attract OZ investment", "composite_score": 0.245042, "rank": 249, "recommended": 0, "jobs_2022": 3626.0, "povrate_2024": 0.123959, "median_hhincome_2024": 66991.0, "unemprate_2024": 0.020774, "vacancyrate_2024": 0.058623, "stackability_count": 0, "pop_2024": 4297.0, "median_homevalue_2024": 347200.0, "job_density_score": 0.170822, "dev_capacity_score": 0.068804, "market_momentum_score": 0.716644, "poverty_score": 0.442711, "income_score": 0.42659, "unemployment_score": 0.060116, "stackability_score": 0.0, "stage1_result": "Advances to Scoring" }, "geometry": { "type": "Polygon", "coordinates": [ [ [ -76.998565, 38.788563 ], [ -76.999023, 38.803382 ], [ -76.99319, 38.805977 ], [ -76.970463, 38.808777 ], [ -76.973472, 38.805976 ], [ -76.973166, 38.805683 ], [ -76.982835, 38.798018 ], [ -76.986495, 38.792351 ], [ -76.989493, 38.789429 ], [ -76.992595, 38.78205 ], [ -76.997493, 38.780329 ], [ -76.998565, 38.788563 ] ] ] } },
{ "type": "Feature", "properties": { "geoid": "24033801500", "state": "Maryland", "county": "Prince George's County", "classification": "Less Likely", "oztoolclassification": "Less likely to attract OZ investment", "composite_score": 0.164395, "rank": 346, "recommended": 0, "jobs_2022": 716.0, "povrate_2024": 0.064304, "median_hhincome_2024": 100366.0, "unemprate_2024": 0.116681, "vacancyrate_2024": 0.027308, "stackability_count": 0, "pop_2024": 2296.0, "median_homevalue_2024": 356700.0, "job_density_score": 0.033428, "dev_capacity_score": 0.068804, "market_momentum_score": 0.716644, "poverty_score": 0.229659, "income_score": 0.129847, "unemployment_score": 0.337649, "stackability_score": 0.0, "stage1_result": "Advances to Scoring" }, "geometry": { "type": "Polygon", "coordinates": [ [ [ -77.03752, 38.792809 ], [ -77.001303, 38.821222 ], [ -76.999779, 38.818715 ], [ -76.998745, 38.81543 ], [ -76.996198, 38.814989 ], [ -76.994563, 38.813972 ], [ -76.990671, 38.808128 ], [ -76.990468, 38.806366 ], [ -76.99534, 38.80526 ], [ -77.01497, 38.795514 ], [ -77.025577, 38.793198 ], [ -77.03752, 38.792809 ] ] ] } },
{ "type": "Feature", "properties": { "geoid": "24033801702", "state": "Maryland", "county": "Prince George's County", "classification": "Less Likely", "oztoolclassification": "Less likely to attract OZ investment", "composite_score": 0.181457, "rank": 332, "recommended": 0, "jobs_2022": 67.0, "povrate_2024": 0.081476, "median_hhincome_2024": 71518.0, "unemprate_2024": 0.079562, "vacancyrate_2024": 0.151989, "stackability_count": 0, "pop_2024": 3928.0, "median_homevalue_2024": 313900.0, "job_density_score": 0.002786, "dev_capacity_score": 0.068804, "market_momentum_score": 0.716644, "poverty_score": 0.290985, "income_score": 0.38634, "unemployment_score": 0.230236, "stackability_score": 0.0, "stage1_result": "Advances to Scoring" }, "geometry": { "type": "Polygon", "coordinates": [ [ [ -76.973472, 38.805976 ], [ -76.970463, 38.808777 ], [ -76.965915, 38.809785 ], [ -76.958518, 38.814115 ], [ -76.94877, 38.817279 ], [ -76.946028, 38.814634 ], [ -76.946197, 38.813635 ], [ -76.950271, 38.811926 ], [ -76.954291, 38.808128 ], [ -76.955555, 38.808365 ], [ -76.958584, 38.804977 ], [ -76.962834, 38.805781 ], [ -76.966441, 38.804732 ], [ -76.970964, 38.805905 ], [ -76.973472, 38.805976 ] ] ] } },
{ "type": "Feature", "properties": { "geoid": "24033803602", "state": "Maryland", "county": "Prince George's County", "classification": "Already Attractive", "oztoolclassification": "Likely to attract capital even without OZ designation", "composite_score": 0.432645, "rank": 11, "recommended": 1, "jobs_2022": 11100.0, "povrate_2024": 0.198087, "median_hhincome_2024": 76006.0, "unemprate_2024": 0.020958, "vacancyrate_2024": 0.073479, "stackability_count": 1, "pop_2024": 2202.0, "median_homevalue_2024": 328500.0, "job_density_score": 0.523702, "dev_capacity_score": 0.068804, "market_momentum_score": 0.716644, "poverty_score": 0.707455, "income_score": 0.346436, "unemployment_score": 0.060648, "stackability_score": 0.333333, "stage1_result": "Advances to Scoring" }, "geometry": { "type": "Polygon", "coordinates": [ [ [ -76.88534, 38.936892 ], [ -76.882762, 38.939039 ], [ -76.882579, 38.939778 ], [ -76.878118, 38.942862 ], [ -76.869521, 38.950699 ], [ -76.864894, 38.956852 ], [ -76.857198, 38.942856 ], [ -76.855712, 38.938096 ], [ -76.855037, 38.933103 ], [ -76.856685, 38.932419 ], [ -76.859649, 38.9321 ], [ -76.860687, 38.931273 ], [ -76.86123, 38.931559 ], [ -76.860602, 38.932528 ], [ -76.860973, 38.933176 ], [ -76.864011, 38.934464 ], [ -76.867608, 38.932184 ], [ -76.869681, 38.934179 ], [ -76.869666, 38.935075 ], [ -76.872134, 38.936907 ], [ -76.882758, 38.935828 ], [ -76.88534, 38.936892 ] ] ] } },
{ "type": "Feature", "properties": { "geoid": "24031701417", "state": "Maryland", "county": "Montgomery County", "classification": "Less Likely", "oztoolclassification": "Less likely to attract OZ investment", "composite_score": 0.254989, "rank": 231, "recommended": 0, "jobs_2022": 1051.0, "povrate_2024": 0.108881, "median_hhincome_2024": 78750.0, "unemprate_2024": 0.085362, "vacancyrate_2024": 0.023061, "stackability_count": 1, "pop_2024": 6576.0, "median_homevalue_2024": 360000.0, "job_density_score": 0.049245, "dev_capacity_score": 0.068804, "market_momentum_score": 0.716644, "poverty_score": 0.38886, "income_score": 0.322039, "unemployment_score": 0.24702, "stackability_score": 0.333333, "stage1_result": "Advances to Scoring" }, "geometry": { "type": "Polygon", "coordinates": [ [ [ -76.952306, 39.078095 ], [ -76.948247, 39.082968 ], [ -76.945129, 39.079471 ], [ -76.933929, 39.085624 ], [ -76.931343, 39.08599 ], [ -76.929809, 39.078739 ], [ -76.928677, 39.076723 ], [ -76.935883, 39.066613 ], [ -76.937942, 39.066921 ], [ -76.93885, 39.067588 ], [ -76.939514, 39.06974 ], [ -76.941795, 39.071586 ], [ -76.942359, 39.07376 ], [ -76.94313, 39.074413 ], [ -76.947473, 39.075665 ], [ -76.952306, 39.078095 ] ] ] } },
{ "type": "Feature", "properties": { "geoid": "24033802502", "state": "Maryland", "county": "Prince George's County", "classification": "Less Likely", "oztoolclassification": "Less likely to attract OZ investment", "composite_score": 0.168725, "rank": 342, "recommended": 0, "jobs_2022": 337.0, "povrate_2024": 0.094605, "median_hhincome_2024": 98871.0, "unemprate_2024": 0.082718, "vacancyrate_2024": 0.014583, "stackability_count": 0, "pop_2024": 2642.0, "median_homevalue_2024": 343800.0, "job_density_score": 0.015534, "dev_capacity_score": 0.068804, "market_momentum_score": 0.716644, "poverty_score": 0.337875, "income_score": 0.143139, "unemployment_score": 0.239367, "stackability_score": 0.0, "stage1_result": "Advances to Scoring" }, "geometry": { "type": "Polygon", "coordinates": [ [ [ -76.939535, 38.869376 ], [ -76.933854, 38.873818 ], [ -76.925032, 38.872148 ], [ -76.920829, 38.870137 ], [ -76.924126, 38.867303 ], [ -76.923584, 38.86572 ], [ -76.924859, 38.864728 ], [ -76.928593, 38.865833 ], [ -76.932873, 38.86496 ], [ -76.935307, 38.866906 ], [ -76.935941, 38.866476 ], [ -76.939535, 38.869376 ] ] ] } },
{ "type": "Feature", "properties": { "geoid": "24033802600", "state": "Maryland", "county": "Prince George's County", "classification": "Less Likely", "oztoolclassification": "Less likely to attract OZ investment", "composite_score": 0.236184, "rank": 267, "recommended": 0, "jobs_2022": 75.0, "povrate_2024": 0.166989, "median_hhincome_2024": 67895.0, "unemprate_2024": 0.103673, "vacancyrate_2024": 0.060895, "stackability_count": 0, "pop_2024": 3617.0, "median_homevalue_2024": 331900.0, "job_density_score": 0.003163, "dev_capacity_score": 0.068804, "market_momentum_score": 0.716644, "poverty_score": 0.59639, "income_score": 0.418552, "unemployment_score": 0.300006, "stackability_score": 0.0, "stage1_result": "Advances to Scoring" }, "geometry": { "type": "Polygon", "coordinates": [ [ [ -76.933854, 38.873818 ], [ -76.923272, 38.881711 ], [ -76.920699, 38.878359 ], [ -76.917339, 38.877221 ], [ -76.918204, 38.875635 ], [ -76.917432, 38.875394 ], [ -76.920278, 38.869982 ], [ -76.925032, 38.872148 ], [ -76.933854, 38.873818 ] ] ] } },
{ "type": "Feature", "properties": { "geoid": "24033802700", "state": "Maryland", "county": "Prince George's County", "classification": "Goldilocks", "oztoolclassification": "More likely to attract OZ investment, with larger impact", "composite_score": 0.249782, "rank": 239, "recommended": 0, "jobs_2022": 244.0, "povrate_2024": 0.106603, "median_hhincome_2024": 87292.0, "unemprate_2024": 0.150327, "vacancyrate_2024": 0.051706, "stackability_count": 1, "pop_2024": 2524.0, "median_homevalue_2024": 330600.0, "job_density_score": 0.011143, "dev_capacity_score": 0.068804, "market_momentum_score": 0.716644, "poverty_score": 0.380725, "income_score": 0.24609, "unemployment_score": 0.435012, "stackability_score": 0.333333, "stage1_result": "Advances to Scoring" }, "geometry": { "type": "Polygon", "coordinates": [ [ [ -76.923972, 38.881494 ], [ -76.913328, 38.889796 ], [ -76.910254, 38.889537 ], [ -76.904103, 38.887384 ], [ -76.900182, 38.88685 ], [ -76.909873, 38.885173 ], [ -76.912768, 38.880207 ], [ -76.914284, 38.881507 ], [ -76.917432, 38.875394 ], [ -76.918204, 38.875635 ], [ -76.917339, 38.877221 ], [ -76.920699, 38.878359 ], [ -76.922863, 38.881335 ], [ -76.923272, 38.881711 ], [ -76.923972, 38.881494 ] ] ] } },
{ "type": "Feature", "properties": { "geoid": "24005451801", "state": "Maryland", "county": "Baltimore County", "classification": "Less Likely", "oztoolclassification": "Less likely to attract OZ investment", "composite_score": 0.206841, "rank": 313, "recommended": 0, "jobs_2022": 306.0, "povrate_2024": 0.142068, "median_hhincome_2024": 78950.0, "unemprate_2024": 0.062916, "vacancyrate_2024": 0.041159, "stackability_count": 0, "pop_2024": 5068.0, "median_homevalue_2024": 338200.0, "job_density_score": 0.01407, "dev_capacity_score": 0.068804, "market_momentum_score": 0.716644, "poverty_score": 0.507385, "income_score": 0.32026, "unemployment_score": 0.182066, "stackability_score": 0.0, "stage1_result": "Advances to Scoring" }, "geometry": { "type": "Polygon", "coordinates": [ [ [ -76.386544, 39.34693 ], [ -76.38529, 39.349773 ], [ -76.376103, 39.355814 ], [ -76.368643, 39.362404 ], [ -76.349182, 39.385913 ], [ -76.32368, 39.374407 ], [ -76.320579, 39.368807 ], [ -76.321179, 39.366307 ], [ -76.32858, 39.360107 ], [ -76.33008, 39.356207 ], [ -76.315579, 39.337607 ], [ -76.315579, 39.332807 ], [ -76.322379, 39.328107 ], [ -76.332879, 39.330707 ], [ -76.34728, 39.337907 ], [ -76.35658, 39.333407 ], [ -76.364467, 39.334161 ], [ -76.369632, 39.333427 ], [ -76.372217, 39.334776 ], [ -76.373619, 39.336216 ], [ -76.373786, 39.3373 ], [ -76.375647, 39.336177 ], [ -76.376201, 39.336424 ], [ -76.374345, 39.339698 ], [ -76.377407, 39.340662 ], [ -76.381884, 39.340807 ], [ -76.381969, 39.341156 ], [ -76.380988, 39.341616 ], [ -76.381262, 39.342045 ], [ -76.382933, 39.341652 ], [ -76.384724, 39.341863 ], [ -76.386544, 39.34693 ] ] ] } },
{ "type": "Feature", "properties": { "geoid": "24005490605", "state": "Maryland", "county": "Baltimore County", "classification": "Already Attractive", "oztoolclassification": "Likely to attract capital even without OZ designation", "composite_score": 0.322752, "rank": 119, "recommended": 0, "jobs_2022": 8133.0, "povrate_2024": 0.855895, "median_hhincome_2024": 2499.0, "unemprate_2024": 0.119854, "vacancyrate_2024": 0.236593, "stackability_count": 0, "pop_2024": 5521.0, "median_homevalue_2024": null, "job_density_score": 0.383617, "dev_capacity_score": 0.068804, "market_momentum_score": 0.716644, "poverty_score": 0.0, "income_score": 1.0, "unemployment_score": 0.346831, "stackability_score": 0.0, "stage1_result": "Advances to Scoring" }, "geometry": { "type": "Polygon", "coordinates": [ [ [ -76.628528, 39.390617 ], [ -76.627797, 39.394731 ], [ -76.624342, 39.396172 ], [ -76.621943, 39.396379 ], [ -76.61491, 39.395602 ], [ -76.606928, 39.397164 ], [ -76.605147, 39.395707 ], [ -76.603864, 39.395267 ], [ -76.605985, 39.387619 ], [ -76.608636, 39.387838 ], [ -76.61109, 39.384805 ], [ -76.610452, 39.383528 ], [ -76.611055, 39.383471 ], [ -76.61279, 39.384805 ], [ -76.61579, 39.385205 ], [ -76.61709, 39.386205 ], [ -76.620636, 39.382975 ], [ -76.620557, 39.386147 ], [ -76.624471, 39.386362 ], [ -76.624607, 39.388036 ], [ -76.627695, 39.389334 ], [ -76.628528, 39.390617 ] ] ] } },
{ "type": "Feature", "properties": { "geoid": "24510160700", "state": "Maryland", "county": "Baltimore city", "classification": "Less Likely", "oztoolclassification": "Less likely to attract OZ investment", "composite_score": 0.373986, "rank": 50, "recommended": 1, "jobs_2022": 148.0, "povrate_2024": 0.25338, "median_hhincome_2024": 35565.0, "unemprate_2024": 0.151137, "vacancyrate_2024": 0.324717, "stackability_count": 1, "pop_2024": 3698.0, "median_homevalue_2024": 92200.0, "job_density_score": 0.00661, "dev_capacity_score": 0.137293, "market_momentum_score": 0.641999, "poverty_score": 0.904929, "income_score": 0.706004, "unemployment_score": 0.437357, "stackability_score": 0.333333, "stage1_result": "Advances to Scoring" }, "geometry": { "type": "Polygon", "coordinates": [ [ [ -76.67421, 39.302373 ], [ -76.673528, 39.303611 ], [ -76.674123, 39.306268 ], [ -76.672291, 39.307205 ], [ -76.668405, 39.307117 ], [ -76.667324, 39.305904 ], [ -76.660898, 39.306144 ], [ -76.660824, 39.300451 ], [ -76.665271, 39.300283 ], [ -76.665187, 39.29921 ], [ -76.668983, 39.29929 ], [ -76.669072, 39.296149 ], [ -76.669717, 39.294276 ], [ -76.670487, 39.294316 ], [ -76.670455, 39.296388 ], [ -76.671285, 39.296446 ], [ -76.672883, 39.297791 ], [ -76.673519, 39.301443 ], [ -76.67421, 39.302373 ] ] ] } },
{ "type": "Feature", "properties": { "geoid": "24510160801", "state": "Maryland", "county": "Baltimore city", "classification": "Goldilocks", "oztoolclassification": "More likely to attract OZ investment, with larger impact", "composite_score": 0.261473, "rank": 219, "recommended": 0, "jobs_2022": 63.0, "povrate_2024": 0.193403, "median_hhincome_2024": 74396.0, "unemprate_2024": 0.035449, "vacancyrate_2024": 0.04068, "stackability_count": 1, "pop_2024": 3335.0, "median_homevalue_2024": 180400.0, "job_density_score": 0.002597, "dev_capacity_score": 0.02426, "market_momentum_score": 0.598919, "poverty_score": 0.690726, "income_score": 0.360751, "unemployment_score": 0.102582, "stackability_score": 0.333333, "stage1_result": "Advances to Scoring" }, "geometry": { "type": "Polygon", "coordinates": [ [ [ -76.687567, 39.302197 ], [ -76.685868, 39.303029 ], [ -76.681244, 39.30045 ], [ -76.681547, 39.300037 ], [ -76.681211, 39.293884 ], [ -76.685995, 39.293711 ], [ -76.686292, 39.300184 ], [ -76.687567, 39.302197 ] ] ] } },
{ "type": "Feature", "properties": { "geoid": "24510160802", "state": "Maryland", "county": "Baltimore city", "classification": "Less Likely", "oztoolclassification": "Less likely to attract OZ investment", "composite_score": 0.303685, "rank": 148, "recommended": 0, "jobs_2022": 11.0, "povrate_2024": 0.356399, "median_hhincome_2024": 52122.0, "unemprate_2024": 0.093888, "vacancyrate_2024": 0.199839, "stackability_count": 1, "pop_2024": 2998.0, "median_homevalue_2024": 140600.0, "job_density_score": 0.000142, "dev_capacity_score": 0.080991, "market_momentum_score": 0.572372, "poverty_score": 0.727146, "income_score": 0.558793, "unemployment_score": 0.271692, "stackability_score": 0.333333, "stage1_result": "Advances to Scoring" }, "geometry": { "type": "Polygon", "coordinates": [ [ [ -76.690092, 39.302306 ], [ -76.689582, 39.305099 ], [ -76.686938, 39.304857 ], [ -76.685553, 39.305867 ], [ -76.681995, 39.306564 ], [ -76.679783, 39.30587 ], [ -76.678607, 39.304732 ], [ -76.675296, 39.303421 ], [ -76.673681, 39.301731 ], [ -76.672835, 39.297706 ], [ -76.671285, 39.296446 ], [ -76.670455, 39.296388 ], [ -76.670465, 39.294257 ], [ -76.681211, 39.293884 ], [ -76.681547, 39.300037 ], [ -76.681244, 39.30045 ], [ -76.686147, 39.303032 ], [ -76.687572, 39.302092 ], [ -76.686379, 39.300518 ], [ -76.686275, 39.299217 ], [ -76.688139, 39.299172 ], [ -76.690092, 39.302306 ] ] ] } },
{ "type": "Feature", "properties": { "geoid": "24043000302", "state": "Maryland", "county": "Washington County", "classification": "Less Likely", "oztoolclassification": "Less likely to attract OZ investment", "composite_score": 0.328211, "rank": 113, "recommended": 1, "jobs_2022": 131.0, "povrate_2024": 0.220027, "median_hhincome_2024": 52500.0, "unemprate_2024": 0.099925, "vacancyrate_2024": 0.104536, "stackability_count": 1, "pop_2024": 2936.0, "median_homevalue_2024": 124900.0, "job_density_score": 0.005807, "dev_capacity_score": 0.068804, "market_momentum_score": 0.716644, "poverty_score": 0.785812, "income_score": 0.555432, "unemployment_score": 0.289162, "stackability_score": 0.333333, "stage1_result": "Advances to Scoring" }, "geometry": { "type": "Polygon", "coordinates": [ [ [ -77.73434, 39.64695 ], [ -77.73287, 39.64965 ], [ -77.7296, 39.65241 ], [ -77.72829, 39.65141 ], [ -77.72468, 39.65388 ], [ -77.72369, 39.65307 ], [ -77.723223, 39.65416 ], [ -77.72237, 39.65276 ], [ -77.722012, 39.6516 ], [ -77.72695, 39.64522 ], [ -77.72885, 39.64606 ], [ -77.73434, 39.64695 ] ] ] } },
{ "type": "Feature", "properties": { "geoid": "24033801802", "state": "Maryland", "county": "Prince George's County", "classification": "Less Likely", "oztoolclassification": "Less likely to attract OZ investment", "composite_score": 0.17446, "rank": 338, "recommended": 0, "jobs_2022": 822.0, "povrate_2024": 0.058087, "median_hhincome_2024": 79754.0, "unemprate_2024": 0.088899, "vacancyrate_2024": 0.060667, "stackability_count": 0, "pop_2024": 3753.0, "median_homevalue_2024": 321800.0, "job_density_score": 0.038432, "dev_capacity_score": 0.068804, "market_momentum_score": 0.716644, "poverty_score": 0.207453, "income_score": 0.313112, "unemployment_score": 0.257253, "stackability_score": 0.0, "stage1_result": "Advances to Scoring" }, "geometry": { "type": "Polygon", "coordinates": [ [ [ -76.959924, 38.833137 ], [ -76.95623, 38.83513 ], [ -76.956697, 38.835615 ], [ -76.954003, 38.838169 ], [ -76.949736, 38.840564 ], [ -76.948378, 38.842056 ], [ -76.942575, 38.83458 ], [ -76.940752, 38.832916 ], [ -76.941059, 38.831272 ], [ -76.945035, 38.831685 ], [ -76.947489, 38.834253 ], [ -76.949348, 38.833019 ], [ -76.951829, 38.83332 ], [ -76.951937, 38.831139 ], [ -76.953003, 38.82995 ], [ -76.953439, 38.828476 ], [ -76.955436, 38.828649 ], [ -76.959924, 38.833137 ] ] ] } },
{ "type": "Feature", "properties": { "geoid": "24021750702", "state": "Maryland", "county": "Frederick County", "classification": "Less Likely", "oztoolclassification": "Less likely to attract OZ investment", "composite_score": 0.200513, "rank": 318, "recommended": 0, "jobs_2022": 1026.0, "povrate_2024": 0.10775, "median_hhincome_2024": 65455.0, "unemprate_2024": 0.019117, "vacancyrate_2024": 0.050416, "stackability_count": 0, "pop_2024": 4336.0, "median_homevalue_2024": 352400.0, "job_density_score": 0.048064, "dev_capacity_score": 0.068804, "market_momentum_score": 0.716644, "poverty_score": 0.38482, "income_score": 0.440247, "unemployment_score": 0.05532, "stackability_score": 0.0, "stage1_result": "Advances to Scoring" }, "geometry": { "type": "Polygon", "coordinates": [ [ [ -77.432147, 39.428474 ], [ -77.424321, 39.434964 ], [ -77.415079, 39.435719 ], [ -77.417296, 39.441145 ], [ -77.410858, 39.442015 ], [ -77.410296, 39.435528 ], [ -77.417456, 39.429976 ], [ -77.427125, 39.424402 ], [ -77.430753, 39.426826 ], [ -77.432147, 39.428474 ] ] ] } },
{ "type": "Feature", "properties": { "geoid": "24031701601", "state": "Maryland", "county": "Montgomery County", "classification": "Less Likely", "oztoolclassification": "Less likely to attract OZ investment", "composite_score": 0.295589, "rank": 169, "recommended": 0, "jobs_2022": 27.0, "povrate_2024": 0.201975, "median_hhincome_2024": 63274.0, "unemprate_2024": 0.048528, "vacancyrate_2024": 0.013175, "stackability_count": 1, "pop_2024": 2035.0, "median_homevalue_2024": 514700.0, "job_density_score": 0.000897, "dev_capacity_score": 0.068804, "market_momentum_score": 0.716644, "poverty_score": 0.72134, "income_score": 0.459638, "unemployment_score": 0.14043, "stackability_score": 0.333333, "stage1_result": "Advances to Scoring" }, "geometry": { "type": "Polygon", "coordinates": [ [ [ -76.980261, 39.007201 ], [ -76.976776, 39.019059 ], [ -76.971892, 39.018354 ], [ -76.980261, 39.007201 ] ] ] } },
{ "type": "Feature", "properties": { "geoid": "24510170100", "state": "Maryland", "county": "Baltimore city", "classification": "Goldilocks", "oztoolclassification": "More likely to attract OZ investment, with larger impact", "composite_score": 0.386686, "rank": 40, "recommended": 1, "jobs_2022": 2136.0, "povrate_2024": 0.297918, "median_hhincome_2024": 43093.0, "unemprate_2024": 0.104384, "vacancyrate_2024": 0.08373, "stackability_count": 1, "pop_2024": 1882.0, "median_homevalue_2024": 248300.0, "job_density_score": 0.100472, "dev_capacity_score": 0.194406, "market_momentum_score": 0.547425, "poverty_score": 0.936008, "income_score": 0.639071, "unemployment_score": 0.302064, "stackability_score": 0.333333, "stage1_result": "Advances to Scoring" }, "geometry": { "type": "Polygon", "coordinates": [ [ [ -76.627656, 39.294834 ], [ -76.626986, 39.295965 ], [ -76.620269, 39.301757 ], [ -76.619819, 39.294931 ], [ -76.627656, 39.294834 ] ] ] } },
{ "type": "Feature", "properties": { "geoid": "24510170200", "state": "Maryland", "county": "Baltimore city", "classification": "Already Attractive", "oztoolclassification": "Likely to attract capital even without OZ designation", "composite_score": 0.393308, "rank": 33, "recommended": 1, "jobs_2022": 5700.0, "povrate_2024": 0.607563, "median_hhincome_2024": 12484.0, "unemprate_2024": 0.274468, "vacancyrate_2024": 0.089308, "stackability_count": 1, "pop_2024": 2380.0, "median_homevalue_2024": null, "job_density_score": 0.268744, "dev_capacity_score": 0.274156, "market_momentum_score": 0.751242, "poverty_score": 0.0, "income_score": 0.911222, "unemployment_score": 0.794248, "stackability_score": 0.333333, "stage1_result": "Advances to Scoring" }, "geometry": { "type": "Polygon", "coordinates": [ [ [ -76.631732, 39.301181 ], [ -76.626905, 39.304784 ], [ -76.625118, 39.303182 ], [ -76.624029, 39.303874 ], [ -76.620723, 39.304351 ], [ -76.620269, 39.301757 ], [ -76.626159, 39.296653 ], [ -76.631732, 39.301181 ] ] ] } },
{ "type": "Feature", "properties": { "geoid": "24510170300", "state": "Maryland", "county": "Baltimore city", "classification": "Less Likely", "oztoolclassification": "Less likely to attract OZ investment", "composite_score": 0.412424, "rank": 19, "recommended": 1, "jobs_2022": 98.0, "povrate_2024": 0.283168, "median_hhincome_2024": 23896.0, "unemprate_2024": 0.117517, "vacancyrate_2024": 0.190682, "stackability_count": 1, "pop_2024": 2035.0, "median_homevalue_2024": 169900.0, "job_density_score": 0.004249, "dev_capacity_score": 0.367227, "market_momentum_score": 0.605987, "poverty_score": 0.988685, "income_score": 0.809755, "unemployment_score": 0.340066, "stackability_score": 0.333333, "stage1_result": "Advances to Scoring" }, "geometry": { "type": "Polygon", "coordinates": [ [ [ -76.634475, 39.299142 ], [ -76.631732, 39.301181 ], [ -76.626159, 39.296653 ], [ -76.627688, 39.29463 ], [ -76.631922, 39.294458 ], [ -76.634475, 39.299142 ] ] ] } },
{ "type": "Feature", "properties": { "geoid": "24033803524", "state": "Maryland", "county": "Prince George's County", "classification": "Already Attractive", "oztoolclassification": "Likely to attract capital even without OZ designation", "composite_score": 0.168177, "rank": 344, "recommended": 0, "jobs_2022": 255.0, "povrate_2024": 0.115971, "median_hhincome_2024": 104569.0, "unemprate_2024": 0.057805, "vacancyrate_2024": 0.040044, "stackability_count": 0, "pop_2024": 5510.0, "median_homevalue_2024": 339200.0, "job_density_score": 0.011662, "dev_capacity_score": 0.068804, "market_momentum_score": 0.716644, "poverty_score": 0.414182, "income_score": 0.092477, "unemployment_score": 0.167276, "stackability_score": 0.0, "stage1_result": "Advances to Scoring" }, "geometry": { "type": "Polygon", "coordinates": [ [ [ -76.894421, 38.907574 ], [ -76.892085, 38.909581 ], [ -76.890142, 38.910098 ], [ -76.885392, 38.912624 ], [ -76.878816, 38.912808 ], [ -76.879097, 38.911855 ], [ -76.880279, 38.911083 ], [ -76.878998, 38.907374 ], [ -76.875969, 38.907095 ], [ -76.874, 38.903896 ], [ -76.868714, 38.906412 ], [ -76.865306, 38.905077 ], [ -76.86074, 38.905203 ], [ -76.856348, 38.906458 ], [ -76.855887, 38.905247 ], [ -76.856564, 38.903615 ], [ -76.857084, 38.899208 ], [ -76.858076, 38.899167 ], [ -76.861406, 38.900999 ], [ -76.864744, 38.900602 ], [ -76.866024, 38.89993 ], [ -76.866165, 38.900726 ], [ -76.869331, 38.900786 ], [ -76.87313, 38.899114 ], [ -76.874609, 38.899406 ], [ -76.876114, 38.898958 ], [ -76.876952, 38.896929 ], [ -76.876669, 38.895595 ], [ -76.878871, 38.894709 ], [ -76.879804, 38.895966 ], [ -76.882519, 38.897381 ], [ -76.884518, 38.901012 ], [ -76.892442, 38.905048 ], [ -76.894421, 38.907574 ] ] ] } },
{ "type": "Feature", "properties": { "geoid": "24033800413", "state": "Maryland", "county": "Prince George's County", "classification": "Less Likely", "oztoolclassification": "Less likely to attract OZ investment", "composite_score": null, "rank": null, "recommended": 0, "jobs_2022": 503.0, "povrate_2024": 0.13179, "median_hhincome_2024": 110581.0, "unemprate_2024": 0.063239, "vacancyrate_2024": 0.07825, "stackability_count": 0, "pop_2024": 4105.0, "median_homevalue_2024": 411300.0, "job_density_score": null, "dev_capacity_score": null, "market_momentum_score": null, "poverty_score": null, "income_score": null, "unemployment_score": null, "stackability_score": null, "stage1_result": "Eliminated — Already Attractive" }, "geometry": { "type": "Polygon", "coordinates": [ [ [ -76.839043, 38.9858 ], [ -76.836889, 38.988169 ], [ -76.835994, 38.990913 ], [ -76.829827, 38.991051 ], [ -76.825809, 38.990559 ], [ -76.820321, 38.989418 ], [ -76.81626, 38.987299 ], [ -76.831657, 38.979285 ], [ -76.835263, 38.981128 ], [ -76.835794, 38.98284 ], [ -76.835706, 38.984636 ], [ -76.839043, 38.9858 ] ] ] } },
{ "type": "Feature", "properties": { "geoid": "24033804002", "state": "Maryland", "county": "Prince George's County", "classification": "Less Likely", "oztoolclassification": "Less likely to attract OZ investment", "composite_score": null, "rank": null, "recommended": 0, "jobs_2022": 2378.0, "povrate_2024": 0.18887, "median_hhincome_2024": 82868.0, "unemprate_2024": 0.049729, "vacancyrate_2024": 0.020619, "stackability_count": 1, "pop_2024": 4834.0, "median_homevalue_2024": 376300.0, "job_density_score": null, "dev_capacity_score": null, "market_momentum_score": null, "poverty_score": null, "income_score": null, "unemployment_score": null, "stackability_score": null, "stage1_result": "Eliminated — Already Attractive" }, "geometry": { "type": "Polygon", "coordinates": [ [ [ -76.944801, 38.941067 ], [ -76.943844, 38.94369 ], [ -76.939683, 38.945691 ], [ -76.933748, 38.943246 ], [ -76.929325, 38.948016 ], [ -76.92759, 38.947556 ], [ -76.928317, 38.946687 ], [ -76.924349, 38.944578 ], [ -76.923491, 38.945464 ], [ -76.921764, 38.944501 ], [ -76.92033, 38.944353 ], [ -76.918844, 38.945651 ], [ -76.918427, 38.946755 ], [ -76.916303, 38.946685 ], [ -76.91821, 38.939323 ], [ -76.925035, 38.938595 ], [ -76.928088, 38.939315 ], [ -76.928141, 38.937622 ], [ -76.931292, 38.936938 ], [ -76.930328, 38.936324 ], [ -76.932244, 38.935809 ], [ -76.934509, 38.933848 ], [ -76.936265, 38.93298 ], [ -76.93944, 38.933269 ], [ -76.940616, 38.936426 ], [ -76.942147, 38.93766 ], [ -76.943981, 38.938246 ], [ -76.943239, 38.938654 ], [ -76.944301, 38.939453 ], [ -76.944801, 38.941067 ] ] ] } },
{ "type": "Feature", "properties": { "geoid": "24033805801", "state": "Maryland", "county": "Prince George's County", "classification": "Less Likely", "oztoolclassification": "Less likely to attract OZ investment", "composite_score": null, "rank": null, "recommended": 0, "jobs_2022": 484.0, "povrate_2024": 0.142928, "median_hhincome_2024": 81985.0, "unemprate_2024": 0.051108, "vacancyrate_2024": 0.049689, "stackability_count": 1, "pop_2024": 4046.0, "median_homevalue_2024": 382800.0, "job_density_score": null, "dev_capacity_score": null, "market_momentum_score": null, "poverty_score": null, "income_score": null, "unemployment_score": null, "stackability_score": null, "stage1_result": "Eliminated — Already Attractive" }, "geometry": { "type": "Polygon", "coordinates": [ [ [ -76.972883, 38.969065 ], [ -76.972699, 38.970696 ], [ -76.971662, 38.97267 ], [ -76.971746, 38.977271 ], [ -76.970815, 38.979054 ], [ -76.971478, 38.984202 ], [ -76.972787, 38.984068 ], [ -76.968251, 38.98984 ], [ -76.967361, 38.988676 ], [ -76.966323, 38.989431 ], [ -76.965845, 38.988736 ], [ -76.963698, 38.988475 ], [ -76.963552, 38.98806 ], [ -76.964356, 38.98764 ], [ -76.963681, 38.986256 ], [ -76.964293, 38.985017 ], [ -76.963945, 38.982237 ], [ -76.961362, 38.981197 ], [ -76.96213, 38.979927 ], [ -76.964108, 38.978438 ], [ -76.964873, 38.978763 ], [ -76.965716, 38.977536 ], [ -76.965641, 38.976595 ], [ -76.964011, 38.974289 ], [ -76.964481, 38.973171 ], [ -76.964553, 38.970623 ], [ -76.966862, 38.968469 ], [ -76.968094, 38.968638 ], [ -76.968628, 38.967862 ], [ -76.972883, 38.969065 ] ] ] } },
{ "type": "Feature", "properties": { "geoid": "24033803100", "state": "Maryland", "county": "Prince George's County", "classification": "Goldilocks", "oztoolclassification": "More likely to attract OZ investment, with larger impact", "composite_score": 0.316166, "rank": 128, "recommended": 0, "jobs_2022": 605.0, "povrate_2024": 0.263998, "median_hhincome_2024": 62563.0, "unemprate_2024": 0.171772, "vacancyrate_2024": 0.030804, "stackability_count": 0, "pop_2024": 3447.0, "median_homevalue_2024": 340900.0, "job_density_score": 0.028187, "dev_capacity_score": 0.068804, "market_momentum_score": 0.716644, "poverty_score": 0.942849, "income_score": 0.46596, "unemployment_score": 0.49707, "stackability_score": 0.0, "stage1_result": "Advances to Scoring" }, "geometry": { "type": "Polygon", "coordinates": [ [ [ -76.931924, 38.910521 ], [ -76.922995, 38.913814 ], [ -76.919717, 38.915648 ], [ -76.915185, 38.917109 ], [ -76.914482, 38.916207 ], [ -76.913496, 38.91587 ], [ -76.909749, 38.916539 ], [ -76.91014, 38.916282 ], [ -76.909452, 38.916077 ], [ -76.907929, 38.914177 ], [ -76.906267, 38.913278 ], [ -76.905249, 38.910852 ], [ -76.901952, 38.907467 ], [ -76.90762, 38.906235 ], [ -76.923599, 38.903998 ], [ -76.931924, 38.910521 ] ] ] } },
{ "type": "Feature", "properties": { "geoid": "24033805000", "state": "Maryland", "county": "Prince George's County", "classification": "Less Likely", "oztoolclassification": "Less likely to attract OZ investment", "composite_score": null, "rank": null, "recommended": 0, "jobs_2022": 662.0, "povrate_2024": 0.067019, "median_hhincome_2024": 81417.0, "unemprate_2024": 0.050729, "vacancyrate_2024": 0.068047, "stackability_count": 1, "pop_2024": 5325.0, "median_homevalue_2024": 404300.0, "job_density_score": null, "dev_capacity_score": null, "market_momentum_score": null, "poverty_score": null, "income_score": null, "unemployment_score": null, "stackability_score": null, "stage1_result": "Eliminated — Already Attractive" }, "geometry": { "type": "Polygon", "coordinates": [ [ [ -76.99723, 38.961616 ], [ -76.991584, 38.96322 ], [ -76.985023, 38.969213 ], [ -76.98185, 38.970224 ], [ -76.980557, 38.971202 ], [ -76.980106, 38.970747 ], [ -76.980694, 38.968822 ], [ -76.980078, 38.962924 ], [ -76.979121, 38.961863 ], [ -76.977416, 38.961175 ], [ -76.976223, 38.959562 ], [ -76.974201, 38.958635 ], [ -76.9747, 38.956513 ], [ -76.973832, 38.955457 ], [ -76.969467, 38.953337 ], [ -76.96649, 38.952503 ], [ -76.967037, 38.95132 ], [ -76.972552, 38.953182 ], [ -76.97872, 38.954169 ], [ -76.987296, 38.958596 ], [ -76.987833, 38.954265 ], [ -76.99723, 38.961616 ] ] ] } },
{ "type": "Feature", "properties": { "geoid": "24033807000", "state": "Maryland", "county": "Prince George's County", "classification": "Goldilocks", "oztoolclassification": "More likely to attract OZ investment, with larger impact", "composite_score": 0.313208, "rank": 130, "recommended": 0, "jobs_2022": 2993.0, "povrate_2024": 0.431342, "median_hhincome_2024": 45761.0, "unemprate_2024": 0.045561, "vacancyrate_2024": 0.139142, "stackability_count": 1, "pop_2024": 8443.0, "median_homevalue_2024": 436000.0, "job_density_score": 0.140935, "dev_capacity_score": 0.068804, "market_momentum_score": 0.716644, "poverty_score": 0.459493, "income_score": 0.61535, "unemployment_score": 0.131843, "stackability_score": 0.333333, "stage1_result": "Advances to Scoring" }, "geometry": { "type": "Polygon", "coordinates": [ [ [ -76.937093, 38.985647 ], [ -76.934652, 38.989607 ], [ -76.935646, 38.990925 ], [ -76.935627, 38.992586 ], [ -76.934396, 38.993741 ], [ -76.934202, 38.995107 ], [ -76.93325, 38.995276 ], [ -76.932834, 38.996179 ], [ -76.933208, 38.997093 ], [ -76.932802, 38.997002 ], [ -76.932599, 38.998908 ], [ -76.934242, 39.00167 ], [ -76.934482, 39.003841 ], [ -76.93436, 39.005446 ], [ -76.933754, 39.006484 ], [ -76.933994, 39.008373 ], [ -76.934175, 39.009034 ], [ -76.935482, 39.010023 ], [ -76.93608, 39.01148 ], [ -76.935794, 39.016102 ], [ -76.933622, 39.017101 ], [ -76.930412, 39.016073 ], [ -76.92779, 39.014341 ], [ -76.929271, 39.008865 ], [ -76.926392, 39.00852 ], [ -76.923463, 39.006256 ], [ -76.922957, 39.008065 ], [ -76.918917, 39.007408 ], [ -76.915891, 39.006175 ], [ -76.916548, 39.005313 ], [ -76.920104, 39.00678 ], [ -76.921463, 39.003564 ], [ -76.91939, 39.002832 ], [ -76.920709, 38.998971 ], [ -76.920095, 38.99877 ], [ -76.920141, 38.998042 ], [ -76.922929, 38.991397 ], [ -76.921034, 38.991166 ], [ -76.918663, 38.983042 ], [ -76.916828, 38.980772 ], [ -76.91675, 38.979689 ], [ -76.917493, 38.978709 ], [ -76.921859, 38.983041 ], [ -76.924518, 38.983983 ], [ -76.928951, 38.984236 ], [ -76.930547, 38.983785 ], [ -76.930922, 38.983187 ], [ -76.93383, 38.98515 ], [ -76.937093, 38.985647 ] ] ] } },
{ "type": "Feature", "properties": { "geoid": "24033804300", "state": "Maryland", "county": "Prince George's County", "classification": "Goldilocks", "oztoolclassification": "More likely to attract OZ investment, with larger impact", "composite_score": 0.261432, "rank": 220, "recommended": 0, "jobs_2022": 4011.0, "povrate_2024": 0.074538, "median_hhincome_2024": 79375.0, "unemprate_2024": 0.013964, "vacancyrate_2024": 0.027153, "stackability_count": 1, "pop_2024": 3704.0, "median_homevalue_2024": 351400.0, "job_density_score": 0.188999, "dev_capacity_score": 0.068804, "market_momentum_score": 0.716644, "poverty_score": 0.266205, "income_score": 0.316482, "unemployment_score": 0.040409, "stackability_score": 0.333333, "stage1_result": "Advances to Scoring" }, "geometry": { "type": "Polygon", "coordinates": [ [ [ -76.941923, 38.918584 ], [ -76.940231, 38.919932 ], [ -76.938507, 38.922754 ], [ -76.93944, 38.933269 ], [ -76.935588, 38.933246 ], [ -76.932244, 38.935809 ], [ -76.930328, 38.936324 ], [ -76.931292, 38.936938 ], [ -76.928141, 38.937622 ], [ -76.928088, 38.939315 ], [ -76.925035, 38.938595 ], [ -76.915833, 38.939488 ], [ -76.914357, 38.939158 ], [ -76.917203, 38.935073 ], [ -76.925132, 38.930851 ], [ -76.929471, 38.925489 ], [ -76.923849, 38.918897 ], [ -76.923589, 38.916603 ], [ -76.924697, 38.91323 ], [ -76.931924, 38.910521 ], [ -76.941923, 38.918584 ] ] ] } },
{ "type": "Feature", "properties": { "geoid": "24033801807", "state": "Maryland", "county": "Prince George's County", "classification": "Less Likely", "oztoolclassification": "Less likely to attract OZ investment", "composite_score": null, "rank": null, "recommended": 0, "jobs_2022": 177.0, "povrate_2024": 0.113912, "median_hhincome_2024": 83779.0, "unemprate_2024": 0.032078, "vacancyrate_2024": 0.080034, "stackability_count": 0, "pop_2024": 5134.0, "median_homevalue_2024": 405400.0, "job_density_score": null, "dev_capacity_score": null, "market_momentum_score": null, "poverty_score": null, "income_score": null, "unemployment_score": null, "stackability_score": null, "stage1_result": "Eliminated — Already Attractive" }, "geometry": { "type": "Polygon", "coordinates": [ [ [ -76.987224, 38.832189 ], [ -76.95811, 38.854909 ], [ -76.956835, 38.853603 ], [ -76.95607, 38.8524 ], [ -76.959041, 38.851615 ], [ -76.95831, 38.851129 ], [ -76.957866, 38.850019 ], [ -76.96138, 38.847942 ], [ -76.963811, 38.84523 ], [ -76.966613, 38.843595 ], [ -76.965937, 38.84295 ], [ -76.967048, 38.841281 ], [ -76.965753, 38.840137 ], [ -76.966418, 38.839592 ], [ -76.964903, 38.838091 ], [ -76.963405, 38.837605 ], [ -76.966258, 38.836438 ], [ -76.965395, 38.83537 ], [ -76.967052, 38.8348 ], [ -76.964863, 38.832931 ], [ -76.968355, 38.831556 ], [ -76.969919, 38.829703 ], [ -76.968017, 38.829094 ], [ -76.967543, 38.828398 ], [ -76.968936, 38.822419 ], [ -76.970683, 38.823865 ], [ -76.973935, 38.824883 ], [ -76.983505, 38.831118 ], [ -76.987224, 38.832189 ] ] ] } },
{ "type": "Feature", "properties": { "geoid": "24033801701", "state": "Maryland", "county": "Prince George's County", "classification": "Less Likely", "oztoolclassification": "Less likely to attract OZ investment", "composite_score": null, "rank": null, "recommended": 0, "jobs_2022": 145.0, "povrate_2024": 0.15543, "median_hhincome_2024": 66217.0, "unemprate_2024": 0.097332, "vacancyrate_2024": 0.042382, "stackability_count": 0, "pop_2024": 4776.0, "median_homevalue_2024": 391100.0, "job_density_score": null, "dev_capacity_score": null, "market_momentum_score": null, "poverty_score": null, "income_score": null, "unemployment_score": null, "stackability_score": null, "stage1_result": "Eliminated — Already Attractive" }, "geometry": { "type": "Polygon", "coordinates": [ [ [ -76.958436, 38.805154 ], [ -76.955555, 38.808365 ], [ -76.954291, 38.808128 ], [ -76.950271, 38.811926 ], [ -76.946254, 38.813595 ], [ -76.945952, 38.814142 ], [ -76.939442, 38.813629 ], [ -76.937841, 38.812462 ], [ -76.936431, 38.807383 ], [ -76.929018, 38.800917 ], [ -76.932238, 38.800215 ], [ -76.940138, 38.800166 ], [ -76.946675, 38.802669 ], [ -76.950593, 38.803312 ], [ -76.952428, 38.804088 ], [ -76.955686, 38.803903 ], [ -76.958436, 38.805154 ] ] ] } },
{ "type": "Feature", "properties": { "geoid": "24033807301", "state": "Maryland", "county": "Prince George's County", "classification": "Less Likely", "oztoolclassification": "Less likely to attract OZ investment", "composite_score": null, "rank": null, "recommended": 0, "jobs_2022": 459.0, "povrate_2024": 0.204443, "median_hhincome_2024": 81250.0, "unemprate_2024": 0.069807, "vacancyrate_2024": 0.023693, "stackability_count": 0, "pop_2024": 3781.0, "median_homevalue_2024": 489300.0, "job_density_score": null, "dev_capacity_score": null, "market_momentum_score": null, "poverty_score": null, "income_score": null, "unemployment_score": null, "stackability_score": null, "stage1_result": "Eliminated — Already Attractive" }, "geometry": { "type": "Polygon", "coordinates": [ [ [ -76.958366, 39.004409 ], [ -76.95402, 39.011204 ], [ -76.953417, 39.010884 ], [ -76.952011, 39.016518 ], [ -76.950936, 39.018415 ], [ -76.949857, 39.022085 ], [ -76.945055, 39.02286 ], [ -76.940963, 39.022729 ], [ -76.937744, 39.021968 ], [ -76.930517, 39.019201 ], [ -76.926596, 39.018439 ], [ -76.92779, 39.014341 ], [ -76.930412, 39.016073 ], [ -76.933622, 39.017101 ], [ -76.935846, 39.015941 ], [ -76.936058, 39.011362 ], [ -76.933994, 39.008373 ], [ -76.933754, 39.006484 ], [ -76.93436, 39.005446 ], [ -76.934482, 39.003841 ], [ -76.934242, 39.00167 ], [ -76.932622, 38.998669 ], [ -76.94109, 39.00044 ], [ -76.941279, 39.000967 ], [ -76.93761, 39.001365 ], [ -76.936925, 39.004563 ], [ -76.941879, 39.005527 ], [ -76.943557, 39.001993 ], [ -76.944744, 39.000898 ], [ -76.952106, 39.002193 ], [ -76.953255, 39.002794 ], [ -76.951822, 39.004915 ], [ -76.949484, 39.006089 ], [ -76.950102, 39.006656 ], [ -76.955418, 39.005237 ], [ -76.95651, 39.002945 ], [ -76.957535, 39.003101 ], [ -76.957197, 39.004108 ], [ -76.958366, 39.004409 ] ] ] } },
{ "type": "Feature", "properties": { "geoid": "24033803300", "state": "Maryland", "county": "Prince George's County", "classification": "Goldilocks", "oztoolclassification": "More likely to attract OZ investment, with larger impact", "composite_score": 0.253351, "rank": 234, "recommended": 0, "jobs_2022": 3735.0, "povrate_2024": 0.06526, "median_hhincome_2024": 83281.0, "unemprate_2024": 0.032413, "vacancyrate_2024": 0.057638, "stackability_count": 1, "pop_2024": 4551.0, "median_homevalue_2024": 267900.0, "job_density_score": 0.175968, "dev_capacity_score": 0.068804, "market_momentum_score": 0.716644, "poverty_score": 0.233073, "income_score": 0.281753, "unemployment_score": 0.093796, "stackability_score": 0.333333, "stage1_result": "Advances to Scoring" }, "geometry": { "type": "Polygon", "coordinates": [ [ [ -76.91014, 38.916282 ], [ -76.897995, 38.918422 ], [ -76.891697, 38.917853 ], [ -76.892417, 38.92066 ], [ -76.88975, 38.920606 ], [ -76.888208, 38.923239 ], [ -76.886417, 38.924295 ], [ -76.888409, 38.926733 ], [ -76.879343, 38.927446 ], [ -76.874343, 38.926279 ], [ -76.879834, 38.918822 ], [ -76.889107, 38.912313 ], [ -76.892085, 38.909581 ], [ -76.901952, 38.907467 ], [ -76.905249, 38.910852 ], [ -76.906267, 38.913278 ], [ -76.906989, 38.913434 ], [ -76.909452, 38.916077 ], [ -76.91014, 38.916282 ] ] ] } },
{ "type": "Feature", "properties": { "geoid": "24033804400", "state": "Maryland", "county": "Prince George's County", "classification": "Already Attractive", "oztoolclassification": "Likely to attract capital even without OZ designation", "composite_score": 0.200869, "rank": 317, "recommended": 0, "jobs_2022": 635.0, "povrate_2024": 0.076838, "median_hhincome_2024": 104583.0, "unemprate_2024": 0.050404, "vacancyrate_2024": 0.061458, "stackability_count": 1, "pop_2024": 2724.0, "median_homevalue_2024": 357900.0, "job_density_score": 0.029603, "dev_capacity_score": 0.068804, "market_momentum_score": 0.716644, "poverty_score": 0.274422, "income_score": 0.092353, "unemployment_score": 0.145859, "stackability_score": 0.333333, "stage1_result": "Advances to Scoring" }, "geometry": { "type": "Polygon", "coordinates": [ [ [ -76.958838, 38.931592 ], [ -76.946516, 38.944874 ], [ -76.945104, 38.943896 ], [ -76.943561, 38.943911 ], [ -76.944545, 38.942512 ], [ -76.944758, 38.940423 ], [ -76.943239, 38.938654 ], [ -76.943981, 38.938246 ], [ -76.942147, 38.93766 ], [ -76.940616, 38.936426 ], [ -76.93944, 38.933269 ], [ -76.938507, 38.922754 ], [ -76.940231, 38.919932 ], [ -76.941923, 38.918584 ], [ -76.958838, 38.931592 ] ] ] } },
{ "type": "Feature", "properties": { "geoid": "24033804600", "state": "Maryland", "county": "Prince George's County", "classification": "Less Likely", "oztoolclassification": "Less likely to attract OZ investment", "composite_score": null, "rank": null, "recommended": 0, "jobs_2022": 553.0, "povrate_2024": 0.129994, "median_hhincome_2024": 83869.0, "unemprate_2024": 0.050074, "vacancyrate_2024": 0.048, "stackability_count": 1, "pop_2024": 3540.0, "median_homevalue_2024": 413300.0, "job_density_score": null, "dev_capacity_score": null, "market_momentum_score": null, "poverty_score": null, "income_score": null, "unemployment_score": null, "stackability_score": null, "stage1_result": "Eliminated — Already Attractive" }, "geometry": { "type": "Polygon", "coordinates": [ [ [ -76.962314, 38.948535 ], [ -76.960569, 38.94904 ], [ -76.954038, 38.948836 ], [ -76.947537, 38.945756 ], [ -76.946516, 38.944874 ], [ -76.955548, 38.935022 ], [ -76.957116, 38.936368 ], [ -76.957426, 38.941314 ], [ -76.960956, 38.940929 ], [ -76.961455, 38.94327 ], [ -76.962021, 38.943245 ], [ -76.962314, 38.948535 ] ] ] } },
{ "type": "Feature", "properties": { "geoid": "24510270702", "state": "Maryland", "county": "Baltimore city", "classification": "Less Likely", "oztoolclassification": "Less likely to attract OZ investment", "composite_score": 0.241771, "rank": 255, "recommended": 0, "jobs_2022": 397.0, "povrate_2024": 0.102516, "median_hhincome_2024": 63873.0, "unemprate_2024": 0.089542, "vacancyrate_2024": 0.077261, "stackability_count": 1, "pop_2024": 2166.0, "median_homevalue_2024": 240600.0, "job_density_score": 0.018366, "dev_capacity_score": 0.047721, "market_momentum_score": 0.59455, "poverty_score": 0.36613, "income_score": 0.454313, "unemployment_score": 0.259113, "stackability_score": 0.333333, "stage1_result": "Advances to Scoring" }, "geometry": { "type": "Polygon", "coordinates": [ [ [ -76.574062, 39.367328 ], [ -76.573563, 39.368539 ], [ -76.568121, 39.368617 ], [ -76.551894, 39.363406 ], [ -76.557859, 39.356511 ], [ -76.558607, 39.36268 ], [ -76.561605, 39.362648 ], [ -76.567938, 39.364583 ], [ -76.572298, 39.364707 ], [ -76.572247, 39.365409 ], [ -76.573541, 39.365126 ], [ -76.574062, 39.367328 ] ] ] } },
{ "type": "Feature", "properties": { "geoid": "24510270801", "state": "Maryland", "county": "Baltimore city", "classification": "Less Likely", "oztoolclassification": "Less likely to attract OZ investment", "composite_score": 0.2363, "rank": 266, "recommended": 0, "jobs_2022": 174.0, "povrate_2024": 0.131484, "median_hhincome_2024": 61410.0, "unemprate_2024": 0.022362, "vacancyrate_2024": 0.112508, "stackability_count": 1, "pop_2024": 3316.0, "median_homevalue_2024": 195900.0, "job_density_score": 0.007838, "dev_capacity_score": 0.019274, "market_momentum_score": 0.583998, "poverty_score": 0.469585, "income_score": 0.476212, "unemployment_score": 0.064712, "stackability_score": 0.333333, "stage1_result": "Advances to Scoring" }, "geometry": { "type": "Polygon", "coordinates": [ [ [ -76.600303, 39.36914 ], [ -76.597342, 39.370798 ], [ -76.597045, 39.371868 ], [ -76.581956, 39.372105 ], [ -76.58551, 39.366039 ], [ -76.593711, 39.367009 ], [ -76.599283, 39.365912 ], [ -76.600303, 39.36914 ] ] ] } },
{ "type": "Feature", "properties": { "geoid": "24005490900", "state": "Maryland", "county": "Baltimore County", "classification": "Goldilocks", "oztoolclassification": "More likely to attract OZ investment, with larger impact", "composite_score": 0.486143, "rank": 5, "recommended": 1, "jobs_2022": 11669.0, "povrate_2024": 0.228509, "median_hhincome_2024": 51908.0, "unemprate_2024": 0.054285, "vacancyrate_2024": 0.035021, "stackability_count": 1, "pop_2024": 5188.0, "median_homevalue_2024": 398400.0, "job_density_score": 0.550567, "dev_capacity_score": 0.068804, "market_momentum_score": 0.716644, "poverty_score": 0.816105, "income_score": 0.560696, "unemployment_score": 0.157087, "stackability_score": 0.333333, "stage1_result": "Advances to Scoring" }, "geometry": { "type": "Polygon", "coordinates": [ [ [ -76.603864, 39.395267 ], [ -76.601415, 39.4061 ], [ -76.599121, 39.405709 ], [ -76.596429, 39.404151 ], [ -76.58952, 39.402173 ], [ -76.588181, 39.401394 ], [ -76.584224, 39.395446 ], [ -76.583474, 39.391316 ], [ -76.58205, 39.38941 ], [ -76.587356, 39.39382 ], [ -76.588876, 39.394553 ], [ -76.603864, 39.395267 ] ] ] } },
{ "type": "Feature", "properties": { "geoid": "24025305200", "state": "Maryland", "county": "Harford County", "classification": "Less Likely", "oztoolclassification": "Less likely to attract OZ investment", "composite_score": null, "rank": null, "recommended": 0, "jobs_2022": 534.0, "povrate_2024": 0.119129, "median_hhincome_2024": 75000.0, "unemprate_2024": 0.012245, "vacancyrate_2024": 0.160494, "stackability_count": 0, "pop_2024": 2619.0, "median_homevalue_2024": 394400.0, "job_density_score": null, "dev_capacity_score": null, "market_momentum_score": null, "poverty_score": null, "income_score": null, "unemployment_score": null, "stackability_score": null, "stage1_result": "Eliminated — Already Attractive" }, "geometry": { "type": "Polygon", "coordinates": [ [ [ -76.309569, 39.626131 ], [ -76.309123, 39.627412 ], [ -76.303656, 39.629492 ], [ -76.302982, 39.633601 ], [ -76.303758, 39.63722 ], [ -76.303166, 39.638457 ], [ -76.301941, 39.640074 ], [ -76.296851, 39.644317 ], [ -76.290921, 39.651451 ], [ -76.286258, 39.657939 ], [ -76.283596, 39.666931 ], [ -76.283123, 39.667379 ], [ -76.285975, 39.670786 ], [ -76.287506, 39.675813 ], [ -76.285401, 39.676186 ], [ -76.282394, 39.678091 ], [ -76.280865, 39.679993 ], [ -76.280647, 39.681122 ], [ -76.280983, 39.681417 ], [ -76.278953, 39.682939 ], [ -76.279758, 39.683603 ], [ -76.279624, 39.683947 ], [ -76.278522, 39.684013 ], [ -76.277015, 39.685019 ], [ -76.274513, 39.68443 ], [ -76.270462, 39.686268 ], [ -76.267907, 39.690323 ], [ -76.264308, 39.690267 ], [ -76.263497, 39.689533 ], [ -76.262656, 39.689595 ], [ -76.260047, 39.691847 ], [ -76.258833, 39.692071 ], [ -76.25781, 39.688535 ], [ -76.258921, 39.686537 ], [ -76.257709, 39.68629 ], [ -76.251705, 39.686977 ], [ -76.250728, 39.68863 ], [ -76.252442, 39.689628 ], [ -76.253142, 39.690729 ], [ -76.253009, 39.691604 ], [ -76.251864, 39.692075 ], [ -76.247851, 39.692056 ], [ -76.246606, 39.692553 ], [ -76.246489, 39.693386 ], [ -76.24909, 39.694226 ], [ -76.248694, 39.696943 ], [ -76.245159, 39.696334 ], [ -76.242515, 39.696852 ], [ -76.242096, 39.69767 ], [ -76.243128, 39.698757 ], [ -76.243577, 39.700487 ], [ -76.242405, 39.701037 ], [ -76.240172, 39.700681 ], [ -76.240272, 39.701702 ], [ -76.239482, 39.70033 ], [ -76.237361, 39.69956 ], [ -76.224277, 39.702904 ], [ -76.212676, 39.686405 ], [ -76.195476, 39.675105 ], [ -76.193076, 39.672705 ], [ -76.186575, 39.669506 ], [ -76.183975, 39.666606 ], [ -76.17384, 39.660127 ], [ -76.17604, 39.655989 ], [ -76.177278, 39.655096 ], [ -76.182177, 39.654691 ], [ -76.205102, 39.647819 ], [ -76.207557, 39.648122 ], [ -76.212399, 39.650809 ], [ -76.216401, 39.65171 ], [ -76.228226, 39.653352 ], [ -76.234877, 39.653298 ], [ -76.236461, 39.652661 ], [ -76.240377, 39.649816 ], [ -76.245238, 39.648388 ], [ -76.256066, 39.642345 ], [ -76.26599, 39.638294 ], [ -76.27283, 39.632457 ], [ -76.276709, 39.629819 ], [ -76.279112, 39.628906 ], [ -76.290483, 39.626421 ], [ -76.298806, 39.621093 ], [ -76.299016, 39.625045 ], [ -76.29577, 39.624913 ], [ -76.293743, 39.627424 ], [ -76.293955, 39.628292 ], [ -76.296036, 39.630544 ], [ -76.297818, 39.630879 ], [ -76.299161, 39.630391 ], [ -76.300603, 39.628809 ], [ -76.303923, 39.623211 ], [ -76.306402, 39.622245 ], [ -76.307254, 39.622602 ], [ -76.309569, 39.626131 ] ] ] } },
{ "type": "Feature", "properties": { "geoid": "24029950200", "state": "Maryland", "county": "Kent County", "classification": "Less Likely", "oztoolclassification": "Less likely to attract OZ investment", "composite_score": 0.187512, "rank": 328, "recommended": 0, "jobs_2022": 989.0, "povrate_2024": 0.08867, "median_hhincome_2024": 72778.0, "unemprate_2024": 0.037494, "vacancyrate_2024": 0.236185, "stackability_count": 0, "pop_2024": 4288.0, "median_homevalue_2024": 292800.0, "job_density_score": 0.046317, "dev_capacity_score": 0.068804, "market_momentum_score": 0.716644, "poverty_score": 0.316678, "income_score": 0.375137, "unemployment_score": 0.108501, "stackability_score": 0.0, "stage1_result": "Advances to Scoring" }, "geometry": { "type": "Polygon", "coordinates": [ [ [ -76.191435, 39.310443 ], [ -76.1909, 39.320184 ], [ -76.186886, 39.323707 ], [ -76.178857, 39.326194 ], [ -76.174575, 39.333863 ], [ -76.163334, 39.338422 ], [ -76.151813, 39.339612 ], [ -76.14539, 39.344639 ], [ -76.13869, 39.353551 ], [ -76.131186, 39.358525 ], [ -76.121002, 39.363085 ], [ -76.116714, 39.371582 ], [ -76.115106, 39.375935 ], [ -76.10251, 39.375727 ], [ -76.085358, 39.374691 ], [ -76.063918, 39.375935 ], [ -76.044354, 39.373862 ], [ -76.034438, 39.371997 ], [ -76.018813, 39.368265 ], [ -75.998225, 39.372761 ], [ -75.993932, 39.375848 ], [ -75.987136, 39.372577 ], [ -75.982696, 39.367492 ], [ -75.981109, 39.366569 ], [ -75.979034, 39.366577 ], [ -75.976249, 39.367458 ], [ -75.974418, 39.368621 ], [ -75.972793, 39.370891 ], [ -75.970603, 39.372852 ], [ -75.968269, 39.373973 ], [ -75.964065, 39.374725 ], [ -75.95697, 39.374603 ], [ -75.95182, 39.373638 ], [ -75.94934, 39.372509 ], [ -75.945365, 39.368583 ], [ -75.942337, 39.367752 ], [ -75.939849, 39.367786 ], [ -75.934112, 39.370857 ], [ -75.932022, 39.371505 ], [ -75.92794, 39.371456 ], [ -75.926589, 39.370994 ], [ -75.922775, 39.367248 ], [ -75.919789, 39.366948 ], [ -75.921505, 39.362244 ], [ -75.921887, 39.358111 ], [ -75.921491, 39.355272 ], [ -75.919439, 39.353187 ], [ -75.917322, 39.349645 ], [ -75.917616, 39.346601 ], [ -75.914742, 39.343902 ], [ -75.915053, 39.343254 ], [ -75.916448, 39.342698 ], [ -75.916488, 39.342086 ], [ -75.916184, 39.341178 ], [ -75.914126, 39.340782 ], [ -75.913447, 39.339178 ], [ -75.913653, 39.336679 ], [ -75.91279, 39.335641 ], [ -75.910492, 39.335338 ], [ -75.911157, 39.334729 ], [ -75.911086, 39.333982 ], [ -75.909962, 39.332202 ], [ -75.906733, 39.330111 ], [ -75.905938, 39.328697 ], [ -75.904398, 39.327713 ], [ -75.903635, 39.326477 ], [ -75.902851, 39.3234 ], [ -75.905216, 39.319455 ], [ -75.88678, 39.31421 ], [ -75.894631, 39.305742 ], [ -75.90048, 39.29709 ], [ -75.90571, 39.29375 ], [ -75.911345, 39.285558 ], [ -75.9154, 39.27548 ], [ -75.91407, 39.26226 ], [ -75.92265, 39.26173 ], [ -75.92614, 39.26086 ], [ -75.92417, 39.24994 ], [ -75.92482, 39.2455 ], [ -75.924403, 39.244087 ], [ -75.926933, 39.243698 ], [ -75.935943, 39.239894 ], [ -75.942138, 39.238403 ], [ -75.944641, 39.239101 ], [ -75.947669, 39.241825 ], [ -75.949478, 39.242733 ], [ -75.951667, 39.242675 ], [ -75.956069, 39.240558 ], [ -75.962615, 39.241989 ], [ -75.966789, 39.24538 ], [ -75.968284, 39.245983 ], [ -75.97039, 39.246356 ], [ -75.972999, 39.246139 ], [ -75.977264, 39.244789 ], [ -75.978965, 39.244731 ], [ -75.985298, 39.246021 ], [ -75.986068, 39.245086 ], [ -75.985855, 39.241359 ], [ -75.986213, 39.240451 ], [ -75.987808, 39.239295 ], [ -76.000831, 39.238105 ], [ -76.00457, 39.238636 ], [ -76.007476, 39.240219 ], [ -76.008834, 39.240322 ], [ -76.010292, 39.239517 ], [ -76.013931, 39.235874 ], [ -76.020454, 39.227401 ], [ -76.022163, 39.226741 ], [ -76.025878, 39.227119 ], [ -76.028221, 39.226181 ], [ -76.029426, 39.228248 ], [ -76.03067, 39.229007 ], [ -76.031723, 39.229316 ], [ -76.034301, 39.228656 ], [ -76.036901, 39.230041 ], [ -76.035872, 39.231902 ], [ -76.036034, 39.233533 ], [ -76.03712, 39.23416 ], [ -76.0391, 39.234275 ], [ -76.040297, 39.235825 ], [ -76.036266, 39.236623 ], [ -76.036469, 39.238289 ], [ -76.038313, 39.239817 ], [ -76.042617, 39.23972 ], [ -76.045379, 39.241687 ], [ -76.045212, 39.242701 ], [ -76.04265, 39.24195 ], [ -76.041074, 39.242178 ], [ -76.040524, 39.244296 ], [ -76.038338, 39.245705 ], [ -76.038369, 39.246125 ], [ -76.042583, 39.246636 ], [ -76.042816, 39.247023 ], [ -76.041801, 39.249632 ], [ -76.039466, 39.250752 ], [ -76.039282, 39.251472 ], [ -76.041531, 39.254996 ], [ -76.041482, 39.25615 ], [ -76.043679, 39.256309 ], [ -76.044081, 39.258765 ], [ -76.046489, 39.261473 ], [ -76.047217, 39.261424 ], [ -76.048002, 39.260072 ], [ -76.04921, 39.259644 ], [ -76.052248, 39.260309 ], [ -76.053061, 39.261686 ], [ -76.05391, 39.261 ], [ -76.066957, 39.239636 ], [ -76.075818, 39.238058 ], [ -76.080386, 39.236534 ], [ -76.080406, 39.235933 ], [ -76.09251, 39.23418 ], [ -76.09479, 39.23412 ], [ -76.09547, 39.23579 ], [ -76.09681, 39.23724 ], [ -76.10598, 39.24203 ], [ -76.12206, 39.25511 ], [ -76.12528, 39.25955 ], [ -76.127793, 39.259587 ], [ -76.14015, 39.25764 ], [ -76.145855, 39.258218 ], [ -76.144255, 39.263463 ], [ -76.15739, 39.26615 ], [ -76.170004, 39.272232 ], [ -76.169264, 39.27446 ], [ -76.170436, 39.280767 ], [ -76.170282, 39.28143 ], [ -76.168178, 39.283476 ], [ -76.168173, 39.285034 ], [ -76.170674, 39.28791 ], [ -76.173397, 39.293103 ], [ -76.177169, 39.29491 ], [ -76.184314, 39.297143 ], [ -76.182871, 39.30236 ], [ -76.182871, 39.305469 ], [ -76.18635, 39.308163 ], [ -76.191435, 39.310443 ] ] ] } },
{ "type": "Feature", "properties": { "geoid": "24510150300", "state": "Maryland", "county": "Baltimore city", "classification": "Less Likely", "oztoolclassification": "Less likely to attract OZ investment", "composite_score": 0.322098, "rank": 121, "recommended": 0, "jobs_2022": 206.0, "povrate_2024": 0.443922, "median_hhincome_2024": 30990.0, "unemprate_2024": 0.197853, "vacancyrate_2024": 0.411702, "stackability_count": 1, "pop_2024": 1489.0, "median_homevalue_2024": 82300.0, "job_density_score": 0.009348, "dev_capacity_score": 0.229475, "market_momentum_score": 0.591007, "poverty_score": 0.414564, "income_score": 0.746681, "unemployment_score": 0.572541, "stackability_score": 0.333333, "stage1_result": "Advances to Scoring" }, "geometry": { "type": "Polygon", "coordinates": [ [ [ -76.659536, 39.30689 ], [ -76.659985, 39.309368 ], [ -76.651339, 39.30968 ], [ -76.651048, 39.305115 ], [ -76.651715, 39.305093 ], [ -76.651607, 39.30335 ], [ -76.657936, 39.305372 ], [ -76.659536, 39.30689 ] ] ] } },
{ "type": "Feature", "properties": { "geoid": "24510200500", "state": "Maryland", "county": "Baltimore city", "classification": "Already Attractive", "oztoolclassification": "Likely to attract capital even without OZ designation", "composite_score": 0.377091, "rank": 48, "recommended": 1, "jobs_2022": 771.0, "povrate_2024": 0.35899, "median_hhincome_2024": 47738.0, "unemprate_2024": 0.178571, "vacancyrate_2024": 0.397463, "stackability_count": 1, "pop_2024": 1663.0, "median_homevalue_2024": null, "job_density_score": 0.036025, "dev_capacity_score": 0.252649, "market_momentum_score": 0.771644, "poverty_score": 0.717894, "income_score": 0.597772, "unemployment_score": 0.516745, "stackability_score": 0.333333, "stage1_result": "Advances to Scoring" }, "geometry": { "type": "Polygon", "coordinates": [ [ [ -76.660175, 39.280657 ], [ -76.654863, 39.284074 ], [ -76.649969, 39.28578 ], [ -76.649772, 39.282387 ], [ -76.647977, 39.279075 ], [ -76.652902, 39.277465 ], [ -76.654919, 39.275524 ], [ -76.656018, 39.276213 ], [ -76.657608, 39.276041 ], [ -76.660175, 39.280657 ] ] ] } },
{ "type": "Feature", "properties": { "geoid": "24510200600", "state": "Maryland", "county": "Baltimore city", "classification": "Less Likely", "oztoolclassification": "Less likely to attract OZ investment", "composite_score": 0.31871, "rank": 125, "recommended": 0, "jobs_2022": 824.0, "povrate_2024": 0.186709, "median_hhincome_2024": 49266.0, "unemprate_2024": 0.097604, "vacancyrate_2024": 0.190114, "stackability_count": 1, "pop_2024": 2232.0, "median_homevalue_2024": 91700.0, "job_density_score": 0.038527, "dev_capacity_score": 0.117101, "market_momentum_score": 0.620627, "poverty_score": 0.666817, "income_score": 0.584186, "unemployment_score": 0.282445, "stackability_score": 0.333333, "stage1_result": "Advances to Scoring" }, "geometry": { "type": "Polygon", "coordinates": [ [ [ -76.67278, 39.294174 ], [ -76.669717, 39.294276 ], [ -76.669642, 39.293528 ], [ -76.667215, 39.291843 ], [ -76.664448, 39.288094 ], [ -76.660292, 39.286923 ], [ -76.659436, 39.2862 ], [ -76.659988, 39.282624 ], [ -76.659026, 39.281384 ], [ -76.660175, 39.280657 ], [ -76.657608, 39.276041 ], [ -76.658552, 39.274931 ], [ -76.659791, 39.274757 ], [ -76.661575, 39.276399 ], [ -76.664556, 39.275928 ], [ -76.665022, 39.275034 ], [ -76.666756, 39.276116 ], [ -76.668962, 39.276058 ], [ -76.669588, 39.275476 ], [ -76.671563, 39.275933 ], [ -76.671651, 39.27967 ], [ -76.67222, 39.280752 ], [ -76.67278, 39.294174 ] ] ] } },
{ "type": "Feature", "properties": { "geoid": "24510200701", "state": "Maryland", "county": "Baltimore city", "classification": "Less Likely", "oztoolclassification": "Less likely to attract OZ investment", "composite_score": 0.283403, "rank": 184, "recommended": 0, "jobs_2022": 207.0, "povrate_2024": 0.151275, "median_hhincome_2024": 46023.0, "unemprate_2024": 0.091116, "vacancyrate_2024": 0.136018, "stackability_count": 1, "pop_2024": 4555.0, "median_homevalue_2024": 122500.0, "job_density_score": 0.009396, "dev_capacity_score": 0.07744, "market_momentum_score": 0.57856, "poverty_score": 0.540269, "income_score": 0.61302, "unemployment_score": 0.26367, "stackability_score": 0.333333, "stage1_result": "Advances to Scoring" }, "geometry": { "type": "Polygon", "coordinates": [ [ [ -76.689425, 39.293581 ], [ -76.67278, 39.294174 ], [ -76.672316, 39.285832 ], [ -76.673235, 39.285904 ], [ -76.676368, 39.288165 ], [ -76.680813, 39.284149 ], [ -76.681874, 39.28438 ], [ -76.688925, 39.288204 ], [ -76.689425, 39.293581 ] ] ] } },
{ "type": "Feature", "properties": { "geoid": "24510200800", "state": "Maryland", "county": "Baltimore city", "classification": "Goldilocks", "oztoolclassification": "More likely to attract OZ investment, with larger impact", "composite_score": 0.362732, "rank": 64, "recommended": 1, "jobs_2022": 573.0, "povrate_2024": 0.265394, "median_hhincome_2024": 50579.0, "unemprate_2024": 0.105954, "vacancyrate_2024": 0.182741, "stackability_count": 1, "pop_2024": 2113.0, "median_homevalue_2024": 119900.0, "job_density_score": 0.026676, "dev_capacity_score": 0.164178, "market_momentum_score": 0.61073, "poverty_score": 0.947835, "income_score": 0.572512, "unemployment_score": 0.306606, "stackability_score": 0.333333, "stage1_result": "Advances to Scoring" }, "geometry": { "type": "Polygon", "coordinates": [ [ [ -76.686706, 39.281656 ], [ -76.686776, 39.287229 ], [ -76.681874, 39.28438 ], [ -76.676208, 39.283123 ], [ -76.672721, 39.281407 ], [ -76.672167, 39.281087 ], [ -76.671651, 39.27967 ], [ -76.671563, 39.275933 ], [ -76.674831, 39.274972 ], [ -76.675811, 39.2741 ], [ -76.676677, 39.274385 ], [ -76.679591, 39.277123 ], [ -76.681265, 39.276888 ], [ -76.682293, 39.277267 ], [ -76.683894, 39.276627 ], [ -76.685903, 39.27822 ], [ -76.685501, 39.27884 ], [ -76.68561, 39.281679 ], [ -76.686706, 39.281656 ] ] ] } },
{ "type": "Feature", "properties": { "geoid": "24510271001", "state": "Maryland", "county": "Baltimore city", "classification": "Less Likely", "oztoolclassification": "Less likely to attract OZ investment", "composite_score": 0.306622, "rank": 141, "recommended": 0, "jobs_2022": 76.0, "povrate_2024": 0.199668, "median_hhincome_2024": 50078.0, "unemprate_2024": 0.053625, "vacancyrate_2024": 0.111848, "stackability_count": 1, "pop_2024": 1808.0, "median_homevalue_2024": 189600.0, "job_density_score": 0.003211, "dev_capacity_score": 0.141562, "market_momentum_score": 0.615956, "poverty_score": 0.7131, "income_score": 0.576967, "unemployment_score": 0.155177, "stackability_score": 0.333333, "stage1_result": "Advances to Scoring" }, "geometry": { "type": "Polygon", "coordinates": [ [ [ -76.6096, 39.340181 ], [ -76.609682, 39.346177 ], [ -76.599729, 39.345149 ], [ -76.600211, 39.340064 ], [ -76.601435, 39.34055 ], [ -76.605414, 39.340458 ], [ -76.606373, 39.340172 ], [ -76.606389, 39.339707 ], [ -76.607667, 39.339677 ], [ -76.607699, 39.340227 ], [ -76.6096, 39.340181 ] ] ] } },
{ "type": "Feature", "properties": { "geoid": "24510271002", "state": "Maryland", "county": "Baltimore city", "classification": "Goldilocks", "oztoolclassification": "More likely to attract OZ investment, with larger impact", "composite_score": 0.278509, "rank": 192, "recommended": 0, "jobs_2022": 168.0, "povrate_2024": 0.146556, "median_hhincome_2024": 63482.0, "unemprate_2024": 0.160656, "vacancyrate_2024": 0.11563, "stackability_count": 1, "pop_2024": 3830.0, "median_homevalue_2024": 164900.0, "job_density_score": 0.007554, "dev_capacity_score": 0.083005, "market_momentum_score": 0.547991, "poverty_score": 0.523415, "income_score": 0.457789, "unemployment_score": 0.464901, "stackability_score": 0.333333, "stage1_result": "Advances to Scoring" }, "geometry": { "type": "Polygon", "coordinates": [ [ [ -76.609953, 39.355503 ], [ -76.598289, 39.354166 ], [ -76.599729, 39.345149 ], [ -76.609682, 39.346177 ], [ -76.609953, 39.355503 ] ] ] } },
{ "type": "Feature", "properties": { "geoid": "24510271101", "state": "Maryland", "county": "Baltimore city", "classification": "Already Attractive", "oztoolclassification": "Likely to attract capital even without OZ designation", "composite_score": 0.298794, "rank": 164, "recommended": 0, "jobs_2022": 718.0, "povrate_2024": 0.207217, "median_hhincome_2024": 68929.0, "unemprate_2024": 0.101449, "vacancyrate_2024": 0.06424, "stackability_count": 1, "pop_2024": 3588.0, "median_homevalue_2024": 273900.0, "job_density_score": 0.033522, "dev_capacity_score": 0.107204, "market_momentum_score": 0.504417, "poverty_score": 0.740061, "income_score": 0.409359, "unemployment_score": 0.293571, "stackability_score": 0.333333, "stage1_result": "Advances to Scoring" }, "geometry": { "type": "Polygon", "coordinates": [ [ [ -76.623522, 39.353226 ], [ -76.609928, 39.354331 ], [ -76.609682, 39.346177 ], [ -76.613403, 39.346091 ], [ -76.617019, 39.345332 ], [ -76.622127, 39.34534 ], [ -76.623522, 39.353226 ] ] ] } },
{ "type": "Feature", "properties": { "geoid": "24510140200", "state": "Maryland", "county": "Baltimore city", "classification": "Goldilocks", "oztoolclassification": "More likely to attract OZ investment, with larger impact", "composite_score": 0.414614, "rank": 18, "recommended": 1, "jobs_2022": 347.0, "povrate_2024": 0.348702, "median_hhincome_2024": 41393.0, "unemprate_2024": 0.303371, "vacancyrate_2024": 0.284686, "stackability_count": 1, "pop_2024": 2245.0, "median_homevalue_2024": 428900.0, "job_density_score": 0.016006, "dev_capacity_score": 0.325322, "market_momentum_score": 0.719292, "poverty_score": 0.754636, "income_score": 0.654186, "unemployment_score": 0.877886, "stackability_score": 0.333333, "stage1_result": "Advances to Scoring" }, "geometry": { "type": "Polygon", "coordinates": [ [ [ -76.636829, 39.303421 ], [ -76.630761, 39.307947 ], [ -76.626905, 39.304784 ], [ -76.634475, 39.299142 ], [ -76.636829, 39.303421 ] ] ] } },
{ "type": "Feature", "properties": { "geoid": "24510140300", "state": "Maryland", "county": "Baltimore city", "classification": "Less Likely", "oztoolclassification": "Less likely to attract OZ investment", "composite_score": 0.356091, "rank": 72, "recommended": 1, "jobs_2022": 153.0, "povrate_2024": 0.383943, "median_hhincome_2024": 46000.0, "unemprate_2024": 0.192308, "vacancyrate_2024": 0.301028, "stackability_count": 1, "pop_2024": 1831.0, "median_homevalue_2024": 240200.0, "job_density_score": 0.006846, "dev_capacity_score": 0.315418, "market_momentum_score": 0.660285, "poverty_score": 0.628774, "income_score": 0.613225, "unemployment_score": 0.556495, "stackability_score": 0.333333, "stage1_result": "Advances to Scoring" }, "geometry": { "type": "Polygon", "coordinates": [ [ [ -76.642514, 39.310089 ], [ -76.633658, 39.310341 ], [ -76.630761, 39.307947 ], [ -76.636829, 39.303421 ], [ -76.638823, 39.306992 ], [ -76.642514, 39.310089 ] ] ] } },
{ "type": "Feature", "properties": { "geoid": "24510150200", "state": "Maryland", "county": "Baltimore city", "classification": "Already Attractive", "oztoolclassification": "Likely to attract capital even without OZ designation", "composite_score": 0.418144, "rank": 15, "recommended": 1, "jobs_2022": 76.0, "povrate_2024": 0.243243, "median_hhincome_2024": 48986.0, "unemprate_2024": 0.107801, "vacancyrate_2024": 0.397952, "stackability_count": 2, "pop_2024": 2262.0, "median_homevalue_2024": 87500.0, "job_density_score": 0.003211, "dev_capacity_score": 0.312313, "market_momentum_score": 0.657709, "poverty_score": 0.868726, "income_score": 0.586676, "unemployment_score": 0.311953, "stackability_score": 0.666667, "stage1_result": "Advances to Scoring" }, "geometry": { "type": "Polygon", "coordinates": [ [ [ -76.651715, 39.305093 ], [ -76.651048, 39.305115 ], [ -76.651339, 39.30968 ], [ -76.645006, 39.309944 ], [ -76.644643, 39.303176 ], [ -76.647787, 39.303062 ], [ -76.647717, 39.302305 ], [ -76.64865, 39.302917 ], [ -76.651607, 39.30335 ], [ -76.651715, 39.305093 ] ] ] } },
{ "type": "Feature", "properties": { "geoid": "24510150400", "state": "Maryland", "county": "Baltimore city", "classification": "Less Likely", "oztoolclassification": "Less likely to attract OZ investment", "composite_score": 0.395481, "rank": 28, "recommended": 1, "jobs_2022": 1025.0, "povrate_2024": 0.313437, "median_hhincome_2024": 38918.0, "unemprate_2024": 0.173888, "vacancyrate_2024": 0.202345, "stackability_count": 1, "pop_2024": 3910.0, "median_homevalue_2024": 139900.0, "job_density_score": 0.048017, "dev_capacity_score": 0.231868, "market_momentum_score": 0.632894, "poverty_score": 0.880581, "income_score": 0.676192, "unemployment_score": 0.503193, "stackability_score": 0.333333, "stage1_result": "Advances to Scoring" }, "geometry": { "type": "Polygon", "coordinates": [ [ [ -76.659985, 39.309368 ], [ -76.659779, 39.315224 ], [ -76.657094, 39.315867 ], [ -76.652905, 39.315473 ], [ -76.650494, 39.316704 ], [ -76.642514, 39.310089 ], [ -76.659985, 39.309368 ] ] ] } },
{ "type": "Feature", "properties": { "geoid": "24510150702", "state": "Maryland", "county": "Baltimore city", "classification": "Less Likely", "oztoolclassification": "Less likely to attract OZ investment", "composite_score": 0.31811, "rank": 127, "recommended": 0, "jobs_2022": 66.0, "povrate_2024": 0.350917, "median_hhincome_2024": 41447.0, "unemprate_2024": 0.127359, "vacancyrate_2024": 0.107404, "stackability_count": 1, "pop_2024": 1779.0, "median_homevalue_2024": 168300.0, "job_density_score": 0.002738, "dev_capacity_score": 0.059792, "market_momentum_score": 0.532506, "poverty_score": 0.746723, "income_score": 0.653706, "unemployment_score": 0.368547, "stackability_score": 0.333333, "stage1_result": "Advances to Scoring" }, "geometry": { "type": "Polygon", "coordinates": [ [ [ -76.674418, 39.314163 ], [ -76.661728, 39.314727 ], [ -76.661319, 39.311446 ], [ -76.674239, 39.311032 ], [ -76.674418, 39.314163 ] ] ] } },
{ "type": "Feature", "properties": { "geoid": "24510150500", "state": "Maryland", "county": "Baltimore city", "classification": "Less Likely", "oztoolclassification": "Less likely to attract OZ investment", "composite_score": 0.385857, "rank": 42, "recommended": 1, "jobs_2022": 2641.0, "povrate_2024": 0.388403, "median_hhincome_2024": 42875.0, "unemprate_2024": 0.056818, "vacancyrate_2024": 0.081368, "stackability_count": 2, "pop_2024": 1828.0, "median_homevalue_2024": 215300.0, "job_density_score": 0.124315, "dev_capacity_score": 0.106083, "market_momentum_score": 0.666509, "poverty_score": 0.612848, "income_score": 0.64101, "unemployment_score": 0.164419, "stackability_score": 0.666667, "stage1_result": "Advances to Scoring" }, "geometry": { "type": "Polygon", "coordinates": [ [ [ -76.664779, 39.322349 ], [ -76.66414, 39.325972 ], [ -76.664302, 39.327512 ], [ -76.660748, 39.326682 ], [ -76.658867, 39.327068 ], [ -76.652477, 39.318549 ], [ -76.650494, 39.316704 ], [ -76.652905, 39.315473 ], [ -76.657094, 39.315867 ], [ -76.659779, 39.315224 ], [ -76.664217, 39.320289 ], [ -76.664779, 39.322349 ] ] ] } },
{ "type": "Feature", "properties": { "geoid": "24510150600", "state": "Maryland", "county": "Baltimore city", "classification": "Less Likely", "oztoolclassification": "Less likely to attract OZ investment", "composite_score": 0.45267, "rank": 8, "recommended": 1, "jobs_2022": 365.0, "povrate_2024": 0.271957, "median_hhincome_2024": 38400.0, "unemprate_2024": 0.179415, "vacancyrate_2024": 0.27942, "stackability_count": 2, "pop_2024": 2969.0, "median_homevalue_2024": 103200.0, "job_density_score": 0.016856, "dev_capacity_score": 0.257134, "market_momentum_score": 0.61452, "poverty_score": 0.971274, "income_score": 0.680798, "unemployment_score": 0.519185, "stackability_score": 0.666667, "stage1_result": "Advances to Scoring" }, "geometry": { "type": "Polygon", "coordinates": [ [ [ -76.680565, 39.310762 ], [ -76.661319, 39.311446 ], [ -76.661728, 39.314727 ], [ -76.659779, 39.315224 ], [ -76.660015, 39.308331 ], [ -76.659038, 39.306252 ], [ -76.667324, 39.305904 ], [ -76.668405, 39.307117 ], [ -76.672291, 39.307205 ], [ -76.675703, 39.305946 ], [ -76.676868, 39.306794 ], [ -76.679261, 39.306865 ], [ -76.679867, 39.307467 ], [ -76.67976, 39.308974 ], [ -76.680565, 39.310762 ] ] ] } },
{ "type": "Feature", "properties": { "geoid": "24510150701", "state": "Maryland", "county": "Baltimore city", "classification": "Less Likely", "oztoolclassification": "Less likely to attract OZ investment", "composite_score": 0.328702, "rank": 111, "recommended": 1, "jobs_2022": 257.0, "povrate_2024": 0.256492, "median_hhincome_2024": 56318.0, "unemprate_2024": 0.077568, "vacancyrate_2024": 0.090556, "stackability_count": 1, "pop_2024": 2195.0, "median_homevalue_2024": 260100.0, "job_density_score": 0.011756, "dev_capacity_score": 0.086451, "market_momentum_score": 0.572884, "poverty_score": 0.916043, "income_score": 0.521486, "unemployment_score": 0.224465, "stackability_score": 0.333333, "stage1_result": "Advances to Scoring" }, "geometry": { "type": "Polygon", "coordinates": [ [ [ -76.674862, 39.321181 ], [ -76.674532, 39.321829 ], [ -76.672888, 39.321345 ], [ -76.67145, 39.324189 ], [ -76.664776, 39.322194 ], [ -76.664217, 39.320289 ], [ -76.659779, 39.315224 ], [ -76.662572, 39.31463 ], [ -76.674418, 39.314163 ], [ -76.674862, 39.321181 ] ] ] } },
{ "type": "Feature", "properties": { "geoid": "24510200400", "state": "Maryland", "county": "Baltimore city", "classification": "Less Likely", "oztoolclassification": "Less likely to attract OZ investment", "composite_score": 0.434498, "rank": 10, "recommended": 1, "jobs_2022": 77.0, "povrate_2024": 0.241223, "median_hhincome_2024": 40219.0, "unemprate_2024": 0.109195, "vacancyrate_2024": 0.49534, "stackability_count": 2, "pop_2024": 883.0, "median_homevalue_2024": 57400.0, "job_density_score": 0.003258, "dev_capacity_score": 0.359269, "market_momentum_score": 0.694402, "poverty_score": 0.861511, "income_score": 0.664625, "unemployment_score": 0.315987, "stackability_score": 0.666667, "stage1_result": "Advances to Scoring" }, "geometry": { "type": "Polygon", "coordinates": [ [ [ -76.662924, 39.287424 ], [ -76.650095, 39.288029 ], [ -76.649969, 39.28578 ], [ -76.654863, 39.284074 ], [ -76.659026, 39.281384 ], [ -76.659988, 39.282624 ], [ -76.659335, 39.286044 ], [ -76.660292, 39.286923 ], [ -76.662924, 39.287424 ] ] ] } },
{ "type": "Feature", "properties": { "geoid": "24510200100", "state": "Maryland", "county": "Baltimore city", "classification": "Goldilocks", "oztoolclassification": "More likely to attract OZ investment, with larger impact", "composite_score": 0.310441, "rank": 134, "recommended": 0, "jobs_2022": 336.0, "povrate_2024": 0.147189, "median_hhincome_2024": 88125.0, "unemprate_2024": 0.265306, "vacancyrate_2024": 0.347134, "stackability_count": 1, "pop_2024": 1587.0, "median_homevalue_2024": 96300.0, "job_density_score": 0.015486, "dev_capacity_score": 0.225202, "market_momentum_score": 0.646324, "poverty_score": 0.525675, "income_score": 0.238684, "unemployment_score": 0.767736, "stackability_score": 0.333333, "stage1_result": "Advances to Scoring" }, "geometry": { "type": "Polygon", "coordinates": [ [ [ -76.650383, 39.293698 ], [ -76.64552, 39.293895 ], [ -76.645222, 39.288228 ], [ -76.650095, 39.288029 ], [ -76.650383, 39.293698 ] ] ] } },
{ "type": "Feature", "properties": { "geoid": "24510200200", "state": "Maryland", "county": "Baltimore city", "classification": "Less Likely", "oztoolclassification": "Less likely to attract OZ investment", "composite_score": 0.39382, "rank": 31, "recommended": 1, "jobs_2022": 284.0, "povrate_2024": 0.389044, "median_hhincome_2024": 28203.0, "unemprate_2024": 0.129888, "vacancyrate_2024": 0.394868, "stackability_count": 2, "pop_2024": 1789.0, "median_homevalue_2024": 73600.0, "job_density_score": 0.013031, "dev_capacity_score": 0.200943, "market_momentum_score": 0.669982, "poverty_score": 0.610557, "income_score": 0.771461, "unemployment_score": 0.375867, "stackability_score": 0.666667, "stage1_result": "Advances to Scoring" }, "geometry": { "type": "Polygon", "coordinates": [ [ [ -76.669712, 39.294163 ], [ -76.664927, 39.294452 ], [ -76.664463, 39.293631 ], [ -76.663124, 39.29318 ], [ -76.650383, 39.293698 ], [ -76.650095, 39.288029 ], [ -76.663346, 39.287473 ], [ -76.665229, 39.288823 ], [ -76.666713, 39.291263 ], [ -76.669439, 39.293323 ], [ -76.669712, 39.294163 ] ] ] } },
{ "type": "Feature", "properties": { "geoid": "24510200300", "state": "Maryland", "county": "Baltimore city", "classification": "Already Attractive", "oztoolclassification": "Likely to attract capital even without OZ designation", "composite_score": 0.356205, "rank": 71, "recommended": 1, "jobs_2022": 84.0, "povrate_2024": 0.30623, "median_hhincome_2024": 52409.0, "unemprate_2024": 0.0, "vacancyrate_2024": 0.561594, "stackability_count": 1, "pop_2024": 947.0, "median_homevalue_2024": null, "job_density_score": 0.003588, "dev_capacity_score": 0.347996, "market_momentum_score": 0.717969, "poverty_score": 0.906321, "income_score": 0.556241, "unemployment_score": 0.0, "stackability_score": 0.333333, "stage1_result": "Advances to Scoring" }, "geometry": { "type": "Polygon", "coordinates": [ [ [ -76.650095, 39.288029 ], [ -76.646959, 39.288148 ], [ -76.646426, 39.279489 ], [ -76.647977, 39.279075 ], [ -76.649772, 39.282387 ], [ -76.650095, 39.288029 ] ] ] } },
{ "type": "Feature", "properties": { "geoid": "24033800704", "state": "Maryland", "county": "Prince George's County", "classification": "Less Likely", "oztoolclassification": "Less likely to attract OZ investment", "composite_score": null, "rank": null, "recommended": 0, "jobs_2022": 192.0, "povrate_2024": 0.071661, "median_hhincome_2024": 90953.0, "unemprate_2024": 0.021629, "vacancyrate_2024": 0.039147, "stackability_count": 0, "pop_2024": 5240.0, "median_homevalue_2024": 363800.0, "job_density_score": null, "dev_capacity_score": null, "market_momentum_score": null, "poverty_score": null, "income_score": null, "unemployment_score": null, "stackability_score": null, "stage1_result": "Eliminated — Already Attractive" }, "geometry": { "type": "Polygon", "coordinates": [ [ [ -76.80771, 38.761287 ], [ -76.804182, 38.767553 ], [ -76.798152, 38.780642 ], [ -76.795692, 38.78347 ], [ -76.782608, 38.791322 ], [ -76.77109, 38.792566 ], [ -76.768603, 38.793737 ], [ -76.764958, 38.79668 ], [ -76.76137, 38.797655 ], [ -76.761397, 38.793636 ], [ -76.759915, 38.790995 ], [ -76.759178, 38.787544 ], [ -76.763401, 38.7801 ], [ -76.766569, 38.779177 ], [ -76.768373, 38.777852 ], [ -76.768799, 38.778052 ], [ -76.77509, 38.772825 ], [ -76.77529, 38.766647 ], [ -76.777405, 38.765884 ], [ -76.778655, 38.76619 ], [ -76.781525, 38.765432 ], [ -76.782626, 38.764658 ], [ -76.785286, 38.763923 ], [ -76.787415, 38.764417 ], [ -76.789113, 38.766008 ], [ -76.793102, 38.762032 ], [ -76.799794, 38.76024 ], [ -76.80356, 38.760945 ], [ -76.805695, 38.760593 ], [ -76.80771, 38.761287 ] ] ] } },
{ "type": "Feature", "properties": { "geoid": "24510270803", "state": "Maryland", "county": "Baltimore city", "classification": "Less Likely", "oztoolclassification": "Less likely to attract OZ investment", "composite_score": 0.265845, "rank": 212, "recommended": 0, "jobs_2022": 2783.0, "povrate_2024": 0.096572, "median_hhincome_2024": 60046.0, "unemprate_2024": 0.046149, "vacancyrate_2024": 0.040589, "stackability_count": 1, "pop_2024": 6260.0, "median_homevalue_2024": 204800.0, "job_density_score": 0.13102, "dev_capacity_score": 0.031542, "market_momentum_score": 0.615018, "poverty_score": 0.344899, "income_score": 0.488339, "unemployment_score": 0.133546, "stackability_score": 0.333333, "stage1_result": "Advances to Scoring" }, "geometry": { "type": "Polygon", "coordinates": [ [ [ -76.589653, 39.356764 ], [ -76.585794, 39.365521 ], [ -76.581956, 39.372105 ], [ -76.569997, 39.372121 ], [ -76.572854, 39.369354 ], [ -76.574048, 39.36754 ], [ -76.57311, 39.361298 ], [ -76.5734, 39.358011 ], [ -76.572926, 39.357037 ], [ -76.573015, 39.353903 ], [ -76.575788, 39.354923 ], [ -76.578462, 39.354457 ], [ -76.581964, 39.355602 ], [ -76.589561, 39.355418 ], [ -76.589653, 39.356764 ] ] ] } },
{ "type": "Feature", "properties": { "geoid": "24510270901", "state": "Maryland", "county": "Baltimore city", "classification": "Less Likely", "oztoolclassification": "Less likely to attract OZ investment", "composite_score": 0.261648, "rank": 218, "recommended": 0, "jobs_2022": 26.0, "povrate_2024": 0.146008, "median_hhincome_2024": 51784.0, "unemprate_2024": 0.053241, "vacancyrate_2024": 0.047645, "stackability_count": 1, "pop_2024": 3243.0, "median_homevalue_2024": 162200.0, "job_density_score": 0.00085, "dev_capacity_score": 0.017179, "market_momentum_score": 0.626077, "poverty_score": 0.521457, "income_score": 0.561798, "unemployment_score": 0.154067, "stackability_score": 0.333333, "stage1_result": "Advances to Scoring" }, "geometry": { "type": "Polygon", "coordinates": [ [ [ -76.599729, 39.345149 ], [ -76.598289, 39.354166 ], [ -76.593042, 39.354162 ], [ -76.589561, 39.355418 ], [ -76.592006, 39.346163 ], [ -76.596571, 39.344878 ], [ -76.599729, 39.345149 ] ] ] } },
{ "type": "Feature", "properties": { "geoid": "24005430300", "state": "Maryland", "county": "Baltimore County", "classification": "Less Likely", "oztoolclassification": "Less likely to attract OZ investment", "composite_score": 0.350418, "rank": 73, "recommended": 1, "jobs_2022": 944.0, "povrate_2024": 0.284452, "median_hhincome_2024": 47910.0, "unemprate_2024": 0.0, "vacancyrate_2024": 0.10934, "stackability_count": 1, "pop_2024": 5094.0, "median_homevalue_2024": 184000.0, "job_density_score": 0.044193, "dev_capacity_score": 0.068804, "market_momentum_score": 0.716644, "poverty_score": 0.984099, "income_score": 0.596243, "unemployment_score": 0.0, "stackability_score": 0.333333, "stage1_result": "Advances to Scoring" }, "geometry": { "type": "Polygon", "coordinates": [ [ [ -76.668518, 39.239313 ], [ -76.665926, 39.242783 ], [ -76.651553, 39.243589 ], [ -76.649764, 39.24331 ], [ -76.648429, 39.245223 ], [ -76.647821, 39.245054 ], [ -76.650522, 39.229466 ], [ -76.659962, 39.231123 ], [ -76.663643, 39.230841 ], [ -76.665561, 39.230184 ], [ -76.667295, 39.233279 ], [ -76.668518, 39.239313 ] ] ] } },
{ "type": "Feature", "properties": { "geoid": "24005401507", "state": "Maryland", "county": "Baltimore County", "classification": "Less Likely", "oztoolclassification": "Less likely to attract OZ investment", "composite_score": 0.322828, "rank": 118, "recommended": 0, "jobs_2022": 3300.0, "povrate_2024": 0.07674, "median_hhincome_2024": 76759.0, "unemprate_2024": 0.091547, "vacancyrate_2024": 0.030702, "stackability_count": 2, "pop_2024": 6311.0, "median_homevalue_2024": 261800.0, "job_density_score": 0.15543, "dev_capacity_score": 0.068804, "market_momentum_score": 0.716644, "poverty_score": 0.274072, "income_score": 0.339741, "unemployment_score": 0.264916, "stackability_score": 0.666667, "stage1_result": "Advances to Scoring" }, "geometry": { "type": "Polygon", "coordinates": [ [ [ -76.770531, 39.307007 ], [ -76.770068, 39.309375 ], [ -76.7693, 39.310025 ], [ -76.769624, 39.31003 ], [ -76.766457, 39.312636 ], [ -76.768679, 39.314688 ], [ -76.76888, 39.316117 ], [ -76.760054, 39.314316 ], [ -76.75896, 39.315956 ], [ -76.759096, 39.317065 ], [ -76.757111, 39.318184 ], [ -76.758384, 39.320544 ], [ -76.751921, 39.322394 ], [ -76.744804, 39.321943 ], [ -76.744744, 39.312365 ], [ -76.743982, 39.30601 ], [ -76.748881, 39.305981 ], [ -76.75419, 39.307654 ], [ -76.757164, 39.308065 ], [ -76.770531, 39.307007 ] ] ] } },
{ "type": "Feature", "properties": { "geoid": "24031700713", "state": "Maryland", "county": "Montgomery County", "classification": "Less Likely", "oztoolclassification": "Less likely to attract OZ investment", "composite_score": 0.366836, "rank": 57, "recommended": 1, "jobs_2022": 1857.0, "povrate_2024": 0.272377, "median_hhincome_2024": 55106.0, "unemprate_2024": 0.050036, "vacancyrate_2024": 0.058529, "stackability_count": 1, "pop_2024": 4932.0, "median_homevalue_2024": 330400.0, "job_density_score": 0.087299, "dev_capacity_score": 0.068804, "market_momentum_score": 0.716644, "poverty_score": 0.972774, "income_score": 0.532262, "unemployment_score": 0.144794, "stackability_score": 0.333333, "stage1_result": "Advances to Scoring" }, "geometry": { "type": "Polygon", "coordinates": [ [ [ -77.212266, 39.152597 ], [ -77.203349, 39.15895 ], [ -77.202331, 39.160206 ], [ -77.202345, 39.162088 ], [ -77.204924, 39.165643 ], [ -77.205128, 39.166439 ], [ -77.204578, 39.166726 ], [ -77.20303, 39.166439 ], [ -77.201368, 39.164513 ], [ -77.199475, 39.164604 ], [ -77.197912, 39.163185 ], [ -77.197364, 39.160087 ], [ -77.195411, 39.159629 ], [ -77.193367, 39.157581 ], [ -77.192002, 39.157303 ], [ -77.19239, 39.152526 ], [ -77.198341, 39.152347 ], [ -77.202026, 39.151309 ], [ -77.203964, 39.15063 ], [ -77.206716, 39.148169 ], [ -77.212266, 39.152597 ] ] ] } },
{ "type": "Feature", "properties": { "geoid": "24031700715", "state": "Maryland", "county": "Montgomery County", "classification": "Already Attractive", "oztoolclassification": "Likely to attract capital even without OZ designation", "composite_score": null, "rank": null, "recommended": 0, "jobs_2022": 291.0, "povrate_2024": 0.095651, "median_hhincome_2024": 106955.0, "unemprate_2024": 0.050168, "vacancyrate_2024": 0.017974, "stackability_count": 0, "pop_2024": 6461.0, "median_homevalue_2024": 439100.0, "job_density_score": null, "dev_capacity_score": null, "market_momentum_score": null, "poverty_score": null, "income_score": null, "unemployment_score": null, "stackability_score": null, "stage1_result": "Eliminated — Already Attractive" }, "geometry": { "type": "Polygon", "coordinates": [ [ [ -77.192085, 39.160144 ], [ -77.191474, 39.16756 ], [ -77.189415, 39.173305 ], [ -77.189506, 39.179389 ], [ -77.188185, 39.182209 ], [ -77.186813, 39.187732 ], [ -77.184196, 39.185958 ], [ -77.182456, 39.183158 ], [ -77.180229, 39.181324 ], [ -77.178794, 39.175518 ], [ -77.178581, 39.172222 ], [ -77.17675, 39.170036 ], [ -77.179, 39.169982 ], [ -77.185691, 39.159503 ], [ -77.192085, 39.160144 ] ] ] } },
{ "type": "Feature", "properties": { "geoid": "24031703213", "state": "Maryland", "county": "Montgomery County", "classification": "Less Likely", "oztoolclassification": "Less likely to attract OZ investment", "composite_score": 0.304343, "rank": 146, "recommended": 0, "jobs_2022": 118.0, "povrate_2024": 0.18543, "median_hhincome_2024": 61892.0, "unemprate_2024": 0.113753, "vacancyrate_2024": 0.047773, "stackability_count": 1, "pop_2024": 6334.0, "median_homevalue_2024": 272500.0, "job_density_score": 0.005194, "dev_capacity_score": 0.068804, "market_momentum_score": 0.716644, "poverty_score": 0.662252, "income_score": 0.471926, "unemployment_score": 0.329174, "stackability_score": 0.333333, "stage1_result": "Advances to Scoring" }, "geometry": { "type": "Polygon", "coordinates": [ [ [ -77.07981, 39.090021 ], [ -77.079455, 39.093168 ], [ -77.077766, 39.093669 ], [ -77.074607, 39.093437 ], [ -77.070343, 39.091934 ], [ -77.074616, 39.085523 ], [ -77.077668, 39.083743 ], [ -77.079362, 39.087306 ], [ -77.07981, 39.090021 ] ] ] } },
{ "type": "Feature", "properties": { "geoid": "24031702602", "state": "Maryland", "county": "Montgomery County", "classification": "Less Likely", "oztoolclassification": "Less likely to attract OZ investment", "composite_score": 0.230136, "rank": 277, "recommended": 0, "jobs_2022": 334.0, "povrate_2024": 0.09393, "median_hhincome_2024": 84167.0, "unemprate_2024": 0.077281, "vacancyrate_2024": 0.056697, "stackability_count": 1, "pop_2024": 5025.0, "median_homevalue_2024": 298400.0, "job_density_score": 0.015392, "dev_capacity_score": 0.068804, "market_momentum_score": 0.716644, "poverty_score": 0.335466, "income_score": 0.273875, "unemployment_score": 0.223634, "stackability_score": 0.333333, "stage1_result": "Advances to Scoring" }, "geometry": { "type": "Polygon", "coordinates": [ [ [ -77.051818, 38.993854 ], [ -77.04953, 38.995063 ], [ -77.047058, 38.995254 ], [ -77.044036, 38.994731 ], [ -77.042237, 38.995509 ], [ -77.041893, 38.99765 ], [ -77.042985, 38.997656 ], [ -77.043216, 39.001205 ], [ -77.039945, 38.999607 ], [ -77.039642, 38.998466 ], [ -77.037226, 38.997254 ], [ -77.03652, 38.996359 ], [ -77.036501, 38.992421 ], [ -77.040882, 38.995845 ], [ -77.046709, 38.991166 ], [ -77.051818, 38.993854 ] ] ] } },
{ "type": "Feature", "properties": { "geoid": "24033806711", "state": "Maryland", "county": "Prince George's County", "classification": "Less Likely", "oztoolclassification": "Less likely to attract OZ investment", "composite_score": 0.205037, "rank": 314, "recommended": 0, "jobs_2022": 691.0, "povrate_2024": 0.127265, "median_hhincome_2024": 75548.0, "unemprate_2024": 0.052756, "vacancyrate_2024": 0.094754, "stackability_count": 0, "pop_2024": 4920.0, "median_homevalue_2024": 295100.0, "job_density_score": 0.032247, "dev_capacity_score": 0.068804, "market_momentum_score": 0.716644, "poverty_score": 0.454518, "income_score": 0.350508, "unemployment_score": 0.152664, "stackability_score": 0.0, "stage1_result": "Advances to Scoring" }, "geometry": { "type": "Polygon", "coordinates": [ [ [ -76.866929, 38.984312 ], [ -76.86464, 38.985211 ], [ -76.864805, 38.985763 ], [ -76.862731, 38.986014 ], [ -76.860016, 38.991485 ], [ -76.851247, 38.990803 ], [ -76.851605, 38.988821 ], [ -76.851284, 38.98824 ], [ -76.852224, 38.986998 ], [ -76.851804, 38.985298 ], [ -76.852282, 38.983974 ], [ -76.85316, 38.983437 ], [ -76.852376, 38.981008 ], [ -76.853382, 38.97814 ], [ -76.859694, 38.978035 ], [ -76.861711, 38.978595 ], [ -76.86391, 38.98025 ], [ -76.866767, 38.980249 ], [ -76.866929, 38.984312 ] ] ] } },
{ "type": "Feature", "properties": { "geoid": "24033800103", "state": "Maryland", "county": "Prince George's County", "classification": "Goldilocks", "oztoolclassification": "More likely to attract OZ investment, with larger impact", "composite_score": null, "rank": null, "recommended": 0, "jobs_2022": 2785.0, "povrate_2024": 0.128183, "median_hhincome_2024": 87008.0, "unemprate_2024": 0.026494, "vacancyrate_2024": 0.051823, "stackability_count": 0, "pop_2024": 2317.0, "median_homevalue_2024": 445900.0, "job_density_score": null, "dev_capacity_score": null, "market_momentum_score": null, "poverty_score": null, "income_score": null, "unemployment_score": null, "stackability_score": null, "stage1_result": "Eliminated — Already Attractive" }, "geometry": { "type": "Polygon", "coordinates": [ [ [ -76.853048, 39.100305 ], [ -76.848979, 39.104188 ], [ -76.846242, 39.107967 ], [ -76.843444, 39.106987 ], [ -76.841137, 39.105468 ], [ -76.840835, 39.103521 ], [ -76.838938, 39.10129 ], [ -76.837649, 39.100725 ], [ -76.837433, 39.099571 ], [ -76.838107, 39.098659 ], [ -76.837686, 39.096933 ], [ -76.835605, 39.096643 ], [ -76.834209, 39.095834 ], [ -76.83265, 39.096155 ], [ -76.832189, 39.095101 ], [ -76.830976, 39.095442 ], [ -76.830247, 39.094837 ], [ -76.829327, 39.095642 ], [ -76.827838, 39.094626 ], [ -76.827392, 39.093269 ], [ -76.827844, 39.092251 ], [ -76.827117, 39.089831 ], [ -76.829857, 39.08798 ], [ -76.82982, 39.087182 ], [ -76.832375, 39.085766 ], [ -76.839217, 39.091027 ], [ -76.845661, 39.093744 ], [ -76.846706, 39.095087 ], [ -76.850054, 39.096594 ], [ -76.850848, 39.097223 ], [ -76.849804, 39.098183 ], [ -76.853048, 39.100305 ] ] ] } },
{ "type": "Feature", "properties": { "geoid": "24031701900", "state": "Maryland", "county": "Montgomery County", "classification": "Less Likely", "oztoolclassification": "Less likely to attract OZ investment", "composite_score": 0.302228, "rank": 155, "recommended": 0, "jobs_2022": 132.0, "povrate_2024": 0.389449, "median_hhincome_2024": 47227.0, "unemprate_2024": 0.081868, "vacancyrate_2024": 0.070827, "stackability_count": 1, "pop_2024": 2992.0, "median_homevalue_2024": 613800.0, "job_density_score": 0.005855, "dev_capacity_score": 0.068804, "market_momentum_score": 0.716644, "poverty_score": 0.609111, "income_score": 0.602315, "unemployment_score": 0.236908, "stackability_score": 0.333333, "stage1_result": "Advances to Scoring" }, "geometry": { "type": "Polygon", "coordinates": [ [ [ -77.003534, 38.99826 ], [ -76.998229, 38.998863 ], [ -76.997978, 38.997058 ], [ -76.99897, 38.994709 ], [ -76.998504, 38.993644 ], [ -76.99887, 38.99237 ], [ -76.998001, 38.991489 ], [ -76.998168, 38.990848 ], [ -76.99723, 38.988849 ], [ -76.994918, 38.987434 ], [ -76.996406, 38.986083 ], [ -76.997432, 38.987417 ], [ -77.000141, 38.986966 ], [ -77.000482, 38.987477 ], [ -77.002077, 38.9915 ], [ -77.002292, 38.994309 ], [ -77.003534, 38.99826 ] ] ] } },
{ "type": "Feature", "properties": { "geoid": "24031701702", "state": "Maryland", "county": "Montgomery County", "classification": "Less Likely", "oztoolclassification": "Less likely to attract OZ investment", "composite_score": null, "rank": null, "recommended": 0, "jobs_2022": 1981.0, "povrate_2024": 0.072041, "median_hhincome_2024": 66548.0, "unemprate_2024": 0.085202, "vacancyrate_2024": 0.067751, "stackability_count": 1, "pop_2024": 2474.0, "median_homevalue_2024": 583300.0, "job_density_score": null, "dev_capacity_score": null, "market_momentum_score": null, "poverty_score": null, "income_score": null, "unemployment_score": null, "stackability_score": null, "stage1_result": "Eliminated — Already Attractive" }, "geometry": { "type": "Polygon", "coordinates": [ [ [ -77.006855, 38.9896 ], [ -77.006103, 38.990272 ], [ -77.006347, 38.991725 ], [ -77.005187, 38.992889 ], [ -77.005363, 38.99411 ], [ -77.004226, 38.994525 ], [ -77.005371, 38.995559 ], [ -77.006286, 38.995638 ], [ -77.003645, 38.998225 ], [ -77.002292, 38.994309 ], [ -77.002077, 38.9915 ], [ -77.000482, 38.987477 ], [ -77.000141, 38.986966 ], [ -76.997432, 38.987417 ], [ -76.996406, 38.986083 ], [ -77.000345, 38.983387 ], [ -77.002456, 38.984279 ], [ -77.003532, 38.985942 ], [ -77.004714, 38.986473 ], [ -77.004942, 38.987895 ], [ -77.005789, 38.988174 ], [ -77.006855, 38.9896 ] ] ] } },
{ "type": "Feature", "properties": { "geoid": "24025302901", "state": "Maryland", "county": "Harford County", "classification": "Less Likely", "oztoolclassification": "Less likely to attract OZ investment", "composite_score": 0.404764, "rank": 26, "recommended": 1, "jobs_2022": 1333.0, "povrate_2024": 0.341292, "median_hhincome_2024": 50099.0, "unemprate_2024": 0.134914, "vacancyrate_2024": 0.10315, "stackability_count": 2, "pop_2024": 2848.0, "median_homevalue_2024": 156100.0, "job_density_score": 0.062559, "dev_capacity_score": 0.068804, "market_momentum_score": 0.716644, "poverty_score": 0.7811, "income_score": 0.57678, "unemployment_score": 0.390411, "stackability_score": 0.666667, "stage1_result": "Advances to Scoring" }, "geometry": { "type": "Polygon", "coordinates": [ [ [ -76.169257, 39.511329 ], [ -76.140709, 39.524989 ], [ -76.139982, 39.523921 ], [ -76.142426, 39.522831 ], [ -76.141627, 39.521626 ], [ -76.140471, 39.521187 ], [ -76.138717, 39.518466 ], [ -76.138302, 39.516727 ], [ -76.140319, 39.516181 ], [ -76.141429, 39.5171 ], [ -76.142616, 39.516129 ], [ -76.14616, 39.514808 ], [ -76.14613, 39.513471 ], [ -76.142922, 39.511943 ], [ -76.139955, 39.509291 ], [ -76.134982, 39.511628 ], [ -76.130995, 39.51275 ], [ -76.130228, 39.512232 ], [ -76.131148, 39.510775 ], [ -76.130701, 39.508082 ], [ -76.130905, 39.507279 ], [ -76.131387, 39.506673 ], [ -76.130886, 39.50805 ], [ -76.131389, 39.508181 ], [ -76.131449, 39.509032 ], [ -76.132879, 39.508781 ], [ -76.132703, 39.505785 ], [ -76.132194, 39.504546 ], [ -76.134649, 39.502473 ], [ -76.133553, 39.500914 ], [ -76.132182, 39.500663 ], [ -76.132385, 39.499379 ], [ -76.145968, 39.501825 ], [ -76.149829, 39.500453 ], [ -76.153865, 39.504426 ], [ -76.161888, 39.508849 ], [ -76.169257, 39.511329 ] ] ] } },
{ "type": "Feature", "properties": { "geoid": "24033800211", "state": "Maryland", "county": "Prince George's County", "classification": "Goldilocks", "oztoolclassification": "More likely to attract OZ investment, with larger impact", "composite_score": null, "rank": null, "recommended": 0, "jobs_2022": 529.0, "povrate_2024": 0.083889, "median_hhincome_2024": 86101.0, "unemprate_2024": 0.066173, "vacancyrate_2024": 0.062884, "stackability_count": 0, "pop_2024": 3219.0, "median_homevalue_2024": 430600.0, "job_density_score": null, "dev_capacity_score": null, "market_momentum_score": null, "poverty_score": null, "income_score": null, "unemployment_score": null, "stackability_score": null, "stage1_result": "Eliminated — Already Attractive" }, "geometry": { "type": "Polygon", "coordinates": [ [ [ -76.848699, 39.076687 ], [ -76.846803, 39.08801 ], [ -76.843898, 39.092936 ], [ -76.839217, 39.091027 ], [ -76.832375, 39.085766 ], [ -76.834908, 39.082871 ], [ -76.833408, 39.077791 ], [ -76.8324, 39.076149 ], [ -76.834067, 39.075616 ], [ -76.834655, 39.074628 ], [ -76.83594, 39.074405 ], [ -76.836539, 39.073581 ], [ -76.837295, 39.074104 ], [ -76.838137, 39.073312 ], [ -76.837239, 39.069797 ], [ -76.835841, 39.067966 ], [ -76.833422, 39.068337 ], [ -76.833689, 39.069193 ], [ -76.833304, 39.069378 ], [ -76.831532, 39.069162 ], [ -76.835892, 39.063296 ], [ -76.838647, 39.058711 ], [ -76.839374, 39.060181 ], [ -76.839488, 39.063888 ], [ -76.840443, 39.067074 ], [ -76.843075, 39.070021 ], [ -76.847216, 39.072754 ], [ -76.848442, 39.074946 ], [ -76.848699, 39.076687 ] ] ] } },
{ "type": "Feature", "properties": { "geoid": "24033802405", "state": "Maryland", "county": "Prince George's County", "classification": "Less Likely", "oztoolclassification": "Less likely to attract OZ investment", "composite_score": 0.221153, "rank": 294, "recommended": 0, "jobs_2022": 5566.0, "povrate_2024": 0.0321, "median_hhincome_2024": 70286.0, "unemprate_2024": 0.02411, "vacancyrate_2024": 0.167655, "stackability_count": 0, "pop_2024": 3053.0, "median_homevalue_2024": 332200.0, "job_density_score": 0.262417, "dev_capacity_score": 0.068804, "market_momentum_score": 0.716644, "poverty_score": 0.114641, "income_score": 0.397294, "unemployment_score": 0.06977, "stackability_score": 0.0, "stage1_result": "Advances to Scoring" }, "geometry": { "type": "Polygon", "coordinates": [ [ [ -76.956543, 38.853169 ], [ -76.953105, 38.854821 ], [ -76.952665, 38.856075 ], [ -76.95141, 38.857432 ], [ -76.947095, 38.860441 ], [ -76.940281, 38.862787 ], [ -76.934776, 38.863984 ], [ -76.93039, 38.865724 ], [ -76.927927, 38.865784 ], [ -76.925491, 38.865074 ], [ -76.918858, 38.860243 ], [ -76.920438, 38.858691 ], [ -76.931897, 38.856169 ], [ -76.931362, 38.853928 ], [ -76.93059, 38.85348 ], [ -76.930325, 38.852407 ], [ -76.931169, 38.85182 ], [ -76.924773, 38.848837 ], [ -76.928864, 38.844509 ], [ -76.932154, 38.842899 ], [ -76.934333, 38.844795 ], [ -76.942656, 38.847552 ], [ -76.947772, 38.851044 ], [ -76.951851, 38.852156 ], [ -76.956012, 38.852319 ], [ -76.956543, 38.853169 ] ] ] } },
{ "type": "Feature", "properties": { "geoid": "24033802406", "state": "Maryland", "county": "Prince George's County", "classification": "Less Likely", "oztoolclassification": "Less likely to attract OZ investment", "composite_score": 0.207317, "rank": 312, "recommended": 0, "jobs_2022": 771.0, "povrate_2024": 0.0942, "median_hhincome_2024": 69148.0, "unemprate_2024": 0.109646, "vacancyrate_2024": 0.096866, "stackability_count": 0, "pop_2024": 2298.0, "median_homevalue_2024": 315700.0, "job_density_score": 0.036025, "dev_capacity_score": 0.068804, "market_momentum_score": 0.716644, "poverty_score": 0.336428, "income_score": 0.407412, "unemployment_score": 0.317291, "stackability_score": 0.0, "stage1_result": "Advances to Scoring" }, "geometry": { "type": "Polygon", "coordinates": [ [ [ -76.931897, 38.856169 ], [ -76.920438, 38.858691 ], [ -76.918858, 38.860243 ], [ -76.910348, 38.853162 ], [ -76.920015, 38.851705 ], [ -76.920259, 38.853311 ], [ -76.92271, 38.852793 ], [ -76.923356, 38.854277 ], [ -76.930325, 38.852407 ], [ -76.93059, 38.85348 ], [ -76.931362, 38.853928 ], [ -76.931897, 38.856169 ] ] ] } },
{ "type": "Feature", "properties": { "geoid": "24033805101", "state": "Maryland", "county": "Prince George's County", "classification": "Less Likely", "oztoolclassification": "Less likely to attract OZ investment", "composite_score": null, "rank": null, "recommended": 0, "jobs_2022": 185.0, "povrate_2024": 0.204271, "median_hhincome_2024": 69489.0, "unemprate_2024": 0.032285, "vacancyrate_2024": 0.007908, "stackability_count": 1, "pop_2024": 3887.0, "median_homevalue_2024": 376300.0, "job_density_score": null, "dev_capacity_score": null, "market_momentum_score": null, "poverty_score": null, "income_score": null, "unemployment_score": null, "stackability_score": null, "stage1_result": "Eliminated — Already Attractive" }, "geometry": { "type": "Polygon", "coordinates": [ [ [ -76.980694, 38.968822 ], [ -76.980106, 38.970676 ], [ -76.980557, 38.971202 ], [ -76.979674, 38.972163 ], [ -76.969841, 38.96227 ], [ -76.966211, 38.955646 ], [ -76.963616, 38.956123 ], [ -76.96227, 38.955892 ], [ -76.964924, 38.954382 ], [ -76.966885, 38.952478 ], [ -76.973832, 38.955457 ], [ -76.9747, 38.956513 ], [ -76.974201, 38.958635 ], [ -76.976223, 38.959562 ], [ -76.977416, 38.961175 ], [ -76.979191, 38.961911 ], [ -76.980148, 38.963052 ], [ -76.980694, 38.968822 ] ] ] } },
{ "type": "Feature", "properties": { "geoid": "24033805201", "state": "Maryland", "county": "Prince George's County", "classification": "Less Likely", "oztoolclassification": "Less likely to attract OZ investment", "composite_score": null, "rank": null, "recommended": 0, "jobs_2022": 615.0, "povrate_2024": 0.109774, "median_hhincome_2024": 80498.0, "unemprate_2024": 0.059975, "vacancyrate_2024": 0.02394, "stackability_count": 1, "pop_2024": 4819.0, "median_homevalue_2024": 434200.0, "job_density_score": null, "dev_capacity_score": null, "market_momentum_score": null, "poverty_score": null, "income_score": null, "unemployment_score": null, "stackability_score": null, "stage1_result": "Eliminated — Already Attractive" }, "geometry": { "type": "Polygon", "coordinates": [ [ [ -77.002338, 38.965778 ], [ -76.998446, 38.971048 ], [ -76.997074, 38.971135 ], [ -76.993035, 38.970438 ], [ -76.987956, 38.966415 ], [ -76.992023, 38.962983 ], [ -76.99723, 38.961616 ], [ -77.002338, 38.965778 ] ] ] } },
{ "type": "Feature", "properties": { "geoid": "24033805202", "state": "Maryland", "county": "Prince George's County", "classification": "Less Likely", "oztoolclassification": "Less likely to attract OZ investment", "composite_score": 0.299982, "rank": 161, "recommended": 0, "jobs_2022": 206.0, "povrate_2024": 0.165335, "median_hhincome_2024": 54675.0, "unemprate_2024": 0.108315, "vacancyrate_2024": 0.046769, "stackability_count": 1, "pop_2024": 3829.0, "median_homevalue_2024": 379200.0, "job_density_score": 0.009348, "dev_capacity_score": 0.068804, "market_momentum_score": 0.716644, "poverty_score": 0.590481, "income_score": 0.536094, "unemployment_score": 0.313438, "stackability_score": 0.333333, "stage1_result": "Advances to Scoring" }, "geometry": { "type": "Polygon", "coordinates": [ [ [ -76.998446, 38.971048 ], [ -76.994183, 38.975291 ], [ -76.991373, 38.975643 ], [ -76.983563, 38.974215 ], [ -76.979617, 38.972272 ], [ -76.981475, 38.970406 ], [ -76.985023, 38.969213 ], [ -76.987956, 38.966415 ], [ -76.993136, 38.97049 ], [ -76.998446, 38.971048 ] ] ] } },
{ "type": "Feature", "properties": { "geoid": "24033805500", "state": "Maryland", "county": "Prince George's County", "classification": "Less Likely", "oztoolclassification": "Less likely to attract OZ investment", "composite_score": null, "rank": null, "recommended": 0, "jobs_2022": 893.0, "povrate_2024": 0.177169, "median_hhincome_2024": 86384.0, "unemprate_2024": 0.064575, "vacancyrate_2024": 0.049918, "stackability_count": 1, "pop_2024": 3913.0, "median_homevalue_2024": 389600.0, "job_density_score": null, "dev_capacity_score": null, "market_momentum_score": null, "poverty_score": null, "income_score": null, "unemployment_score": null, "stackability_score": null, "stage1_result": "Eliminated — Already Attractive" }, "geometry": { "type": "Polygon", "coordinates": [ [ [ -76.990266, 38.97572 ], [ -76.985747, 38.977349 ], [ -76.986664, 38.979183 ], [ -76.984787, 38.987182 ], [ -76.978572, 38.9837 ], [ -76.972787, 38.984068 ], [ -76.978556, 38.978731 ], [ -76.978409, 38.976295 ], [ -76.979399, 38.974401 ], [ -76.979617, 38.972272 ], [ -76.983181, 38.974099 ], [ -76.990266, 38.97572 ] ] ] } },
{ "type": "Feature", "properties": { "geoid": "24033807409", "state": "Maryland", "county": "Prince George's County", "classification": "Less Likely", "oztoolclassification": "Less likely to attract OZ investment", "composite_score": null, "rank": null, "recommended": 0, "jobs_2022": 1122.0, "povrate_2024": 0.180187, "median_hhincome_2024": 101761.0, "unemprate_2024": 0.155763, "vacancyrate_2024": 0.02418, "stackability_count": 0, "pop_2024": 4052.0, "median_homevalue_2024": 460100.0, "job_density_score": null, "dev_capacity_score": null, "market_momentum_score": null, "poverty_score": null, "income_score": null, "unemployment_score": null, "stackability_score": null, "stage1_result": "Eliminated — Already Attractive" }, "geometry": { "type": "Polygon", "coordinates": [ [ [ -76.962043, 39.031273 ], [ -76.95558, 39.039938 ], [ -76.953234, 39.039004 ], [ -76.94809, 39.04013 ], [ -76.947698, 39.039742 ], [ -76.946857, 39.041181 ], [ -76.945147, 39.042673 ], [ -76.930883, 39.050734 ], [ -76.933515, 39.045427 ], [ -76.939134, 39.037158 ], [ -76.943523, 39.03342 ], [ -76.943312, 39.033024 ], [ -76.945702, 39.03164 ], [ -76.947699, 39.029664 ], [ -76.948673, 39.027682 ], [ -76.949436, 39.024031 ], [ -76.950454, 39.024165 ], [ -76.950869, 39.024888 ], [ -76.949663, 39.026014 ], [ -76.951207, 39.026494 ], [ -76.952283, 39.0276 ], [ -76.950555, 39.03 ], [ -76.951225, 39.030967 ], [ -76.952609, 39.031158 ], [ -76.954117, 39.03228 ], [ -76.956865, 39.031462 ], [ -76.958319, 39.032001 ], [ -76.960278, 39.030602 ], [ -76.962043, 39.031273 ] ] ] } },
{ "type": "Feature", "properties": { "geoid": "24033805906", "state": "Maryland", "county": "Prince George's County", "classification": "Less Likely", "oztoolclassification": "Less likely to attract OZ investment", "composite_score": 0.268814, "rank": 207, "recommended": 0, "jobs_2022": 36.0, "povrate_2024": 0.190914, "median_hhincome_2024": 78026.0, "unemprate_2024": 0.014575, "vacancyrate_2024": 0.135338, "stackability_count": 1, "pop_2024": 3945.0, "median_homevalue_2024": 146400.0, "job_density_score": 0.001322, "dev_capacity_score": 0.068804, "market_momentum_score": 0.716644, "poverty_score": 0.681835, "income_score": 0.328476, "unemployment_score": 0.042175, "stackability_score": 0.333333, "stage1_result": "Advances to Scoring" }, "geometry": { "type": "Polygon", "coordinates": [ [ [ -76.980435, 39.006946 ], [ -76.977278, 39.010947 ], [ -76.968814, 39.005006 ], [ -76.971017, 39.004634 ], [ -76.971903, 39.003216 ], [ -76.974909, 39.003595 ], [ -76.974127, 39.006113 ], [ -76.974313, 39.006801 ], [ -76.97603, 39.006959 ], [ -76.97911, 39.006335 ], [ -76.980435, 39.006946 ] ] ] } },
{ "type": "Feature", "properties": { "geoid": "24031701422", "state": "Maryland", "county": "Montgomery County", "classification": "Already Attractive", "oztoolclassification": "Likely to attract capital even without OZ designation", "composite_score": 0.258246, "rank": 227, "recommended": 0, "jobs_2022": 411.0, "povrate_2024": 0.110215, "median_hhincome_2024": 61157.0, "unemprate_2024": 0.067937, "vacancyrate_2024": 0.026227, "stackability_count": 1, "pop_2024": 2604.0, "median_homevalue_2024": null, "job_density_score": 0.019027, "dev_capacity_score": 0.068804, "market_momentum_score": 0.716644, "poverty_score": 0.393625, "income_score": 0.478461, "unemployment_score": 0.196593, "stackability_score": 0.333333, "stage1_result": "Advances to Scoring" }, "geometry": { "type": "Polygon", "coordinates": [ [ [ -76.948159, 39.083072 ], [ -76.945585, 39.086104 ], [ -76.939296, 39.084169 ], [ -76.938415, 39.083102 ], [ -76.945129, 39.079471 ], [ -76.948159, 39.083072 ] ] ] } },
{ "type": "Feature", "properties": { "geoid": "24033803001", "state": "Maryland", "county": "Prince George's County", "classification": "Less Likely", "oztoolclassification": "Less likely to attract OZ investment", "composite_score": null, "rank": null, "recommended": 0, "jobs_2022": 130.0, "povrate_2024": 0.133519, "median_hhincome_2024": 77813.0, "unemprate_2024": 0.047974, "vacancyrate_2024": 0.034208, "stackability_count": 1, "pop_2024": 3629.0, "median_homevalue_2024": 373400.0, "job_density_score": null, "dev_capacity_score": null, "market_momentum_score": null, "poverty_score": null, "income_score": null, "unemployment_score": null, "stackability_score": null, "stage1_result": "Eliminated — Already Attractive" }, "geometry": { "type": "Polygon", "coordinates": [ [ [ -76.923599, 38.903998 ], [ -76.90762, 38.906235 ], [ -76.901952, 38.907467 ], [ -76.90122, 38.90689 ], [ -76.901418, 38.905728 ], [ -76.900802, 38.905184 ], [ -76.900473, 38.903805 ], [ -76.899522, 38.903353 ], [ -76.9005, 38.902198 ], [ -76.91069, 38.89964 ], [ -76.910344, 38.898645 ], [ -76.912371, 38.896936 ], [ -76.912868, 38.895584 ], [ -76.923599, 38.903998 ] ] ] } },
{ "type": "Feature", "properties": { "geoid": "24033803002", "state": "Maryland", "county": "Prince George's County", "classification": "Less Likely", "oztoolclassification": "Less likely to attract OZ investment", "composite_score": 0.170187, "rank": 340, "recommended": 0, "jobs_2022": 179.0, "povrate_2024": 0.058871, "median_hhincome_2024": 74208.0, "unemprate_2024": 0.086667, "vacancyrate_2024": 0.053172, "stackability_count": 0, "pop_2024": 2480.0, "median_homevalue_2024": 301100.0, "job_density_score": 0.008074, "dev_capacity_score": 0.068804, "market_momentum_score": 0.716644, "poverty_score": 0.210253, "income_score": 0.362422, "unemployment_score": 0.250794, "stackability_score": 0.0, "stage1_result": "Advances to Scoring" }, "geometry": { "type": "Polygon", "coordinates": [ [ [ -76.901952, 38.907467 ], [ -76.892085, 38.909581 ], [ -76.894421, 38.907574 ], [ -76.894188, 38.90724 ], [ -76.892442, 38.905048 ], [ -76.886728, 38.902136 ], [ -76.890337, 38.899889 ], [ -76.899686, 38.897487 ], [ -76.899787, 38.898133 ], [ -76.899058, 38.898745 ], [ -76.90014, 38.901459 ], [ -76.898942, 38.903172 ], [ -76.900443, 38.903755 ], [ -76.900802, 38.905184 ], [ -76.901418, 38.905728 ], [ -76.90122, 38.90689 ], [ -76.901952, 38.907467 ] ] ] } },
{ "type": "Feature", "properties": { "geoid": "24033803200", "state": "Maryland", "county": "Prince George's County", "classification": "Less Likely", "oztoolclassification": "Less likely to attract OZ investment", "composite_score": 0.283707, "rank": 183, "recommended": 0, "jobs_2022": 1184.0, "povrate_2024": 0.106754, "median_hhincome_2024": 62891.0, "unemprate_2024": 0.145289, "vacancyrate_2024": 0.047538, "stackability_count": 1, "pop_2024": 2936.0, "median_homevalue_2024": 272200.0, "job_density_score": 0.055524, "dev_capacity_score": 0.068804, "market_momentum_score": 0.716644, "poverty_score": 0.381264, "income_score": 0.463044, "unemployment_score": 0.420433, "stackability_score": 0.333333, "stage1_result": "Advances to Scoring" }, "geometry": { "type": "Polygon", "coordinates": [ [ [ -76.915185, 38.917109 ], [ -76.909498, 38.919079 ], [ -76.905772, 38.921049 ], [ -76.901052, 38.924553 ], [ -76.895975, 38.929805 ], [ -76.888409, 38.926733 ], [ -76.886417, 38.924295 ], [ -76.888208, 38.923239 ], [ -76.88975, 38.920606 ], [ -76.892417, 38.92066 ], [ -76.891697, 38.917853 ], [ -76.898146, 38.918408 ], [ -76.913166, 38.915861 ], [ -76.914482, 38.916207 ], [ -76.915185, 38.917109 ] ] ] } },
{ "type": "Feature", "properties": { "geoid": "24047950000", "state": "Maryland", "county": "Worcester County", "classification": "Already Attractive", "oztoolclassification": "Likely to attract capital even without OZ designation", "composite_score": 0.306948, "rank": 140, "recommended": 0, "jobs_2022": 2777.0, "povrate_2024": 0.225098, "median_hhincome_2024": 62083.0, "unemprate_2024": 0.087236, "vacancyrate_2024": 0.837823, "stackability_count": 0, "pop_2024": 1837.0, "median_homevalue_2024": 435200.0, "job_density_score": 0.130737, "dev_capacity_score": 0.068804, "market_momentum_score": 0.716644, "poverty_score": 0.803923, "income_score": 0.470228, "unemployment_score": 0.252441, "stackability_score": 0.0, "stage1_result": "Advances to Scoring" }, "geometry": { "type": "Polygon", "coordinates": [ [ [ -75.099535, 38.368333 ], [ -75.070938, 38.361243 ], [ -75.071379, 38.360209 ], [ -75.068594, 38.359769 ], [ -75.071654, 38.351674 ], [ -75.079499, 38.335793 ], [ -75.082308, 38.326973 ], [ -75.083953, 38.323918 ], [ -75.090644, 38.324397 ], [ -75.092773, 38.326712 ], [ -75.094237, 38.333323 ], [ -75.09436, 38.337767 ], [ -75.093383, 38.349287 ], [ -75.093879, 38.354617 ], [ -75.099535, 38.368333 ] ] ] } },
{ "type": "Feature", "properties": { "geoid": "24027606907", "state": "Maryland", "county": "Howard County", "classification": "Less Likely", "oztoolclassification": "Less likely to attract OZ investment", "composite_score": 0.233395, "rank": 274, "recommended": 0, "jobs_2022": 2387.0, "povrate_2024": 0.0806, "median_hhincome_2024": 90578.0, "unemprate_2024": 0.021217, "vacancyrate_2024": 0.059453, "stackability_count": 1, "pop_2024": 6402.0, "median_homevalue_2024": 284300.0, "job_density_score": 0.112323, "dev_capacity_score": 0.068804, "market_momentum_score": 0.716644, "poverty_score": 0.287856, "income_score": 0.216874, "unemployment_score": 0.061399, "stackability_score": 0.333333, "stage1_result": "Advances to Scoring" }, "geometry": { "type": "Polygon", "coordinates": [ [ [ -76.862448, 39.129744 ], [ -76.857284, 39.133507 ], [ -76.851635, 39.136096 ], [ -76.849136, 39.13834 ], [ -76.844328, 39.136248 ], [ -76.84357, 39.135778 ], [ -76.844642, 39.133745 ], [ -76.845799, 39.127013 ], [ -76.841968, 39.124513 ], [ -76.83873, 39.121023 ], [ -76.836074, 39.119937 ], [ -76.834443, 39.11789 ], [ -76.829411, 39.114899 ], [ -76.828358, 39.113384 ], [ -76.827746, 39.111152 ], [ -76.826665, 39.109948 ], [ -76.826923, 39.109431 ], [ -76.829741, 39.106954 ], [ -76.836782, 39.104947 ], [ -76.840362, 39.103142 ], [ -76.841039, 39.103909 ], [ -76.841017, 39.105296 ], [ -76.84159, 39.105861 ], [ -76.83975, 39.107586 ], [ -76.840689, 39.108168 ], [ -76.842909, 39.111176 ], [ -76.843403, 39.117561 ], [ -76.847385, 39.121571 ], [ -76.852229, 39.11879 ], [ -76.862448, 39.129744 ] ] ] } },
{ "type": "Feature", "properties": { "geoid": "24031703701", "state": "Maryland", "county": "Montgomery County", "classification": "Already Attractive", "oztoolclassification": "Likely to attract capital even without OZ designation", "composite_score": null, "rank": null, "recommended": 0, "jobs_2022": 254.0, "povrate_2024": 0.232536, "median_hhincome_2024": 132883.0, "unemprate_2024": 0.042605, "vacancyrate_2024": 0.02461, "stackability_count": 1, "pop_2024": 4422.0, "median_homevalue_2024": 415500.0, "job_density_score": null, "dev_capacity_score": null, "market_momentum_score": null, "poverty_score": null, "income_score": null, "unemployment_score": null, "stackability_score": null, "stage1_result": "Eliminated — Already Attractive" }, "geometry": { "type": "Polygon", "coordinates": [ [ [ -77.070922, 39.049659 ], [ -77.068295, 39.051664 ], [ -77.068252, 39.052859 ], [ -77.067322, 39.054169 ], [ -77.065406, 39.055282 ], [ -77.065214, 39.057044 ], [ -77.066223, 39.057334 ], [ -77.064949, 39.059062 ], [ -77.059997, 39.059532 ], [ -77.052049, 39.057665 ], [ -77.056246, 39.054885 ], [ -77.057186, 39.053464 ], [ -77.058715, 39.052642 ], [ -77.060058, 39.049484 ], [ -77.061248, 39.048278 ], [ -77.062652, 39.04803 ], [ -77.06427, 39.046981 ], [ -77.064445, 39.045543 ], [ -77.065101, 39.045034 ], [ -77.070922, 39.049659 ] ] ] } },
{ "type": "Feature", "properties": { "geoid": "24031703800", "state": "Maryland", "county": "Montgomery County", "classification": "Goldilocks", "oztoolclassification": "More likely to attract OZ investment, with larger impact", "composite_score": null, "rank": null, "recommended": 0, "jobs_2022": 4619.0, "povrate_2024": 0.169492, "median_hhincome_2024": 86190.0, "unemprate_2024": 0.024481, "vacancyrate_2024": 0.016562, "stackability_count": 1, "pop_2024": 4202.0, "median_homevalue_2024": 615400.0, "job_density_score": null, "dev_capacity_score": null, "market_momentum_score": null, "poverty_score": null, "income_score": null, "unemployment_score": null, "stackability_score": null, "stage1_result": "Eliminated — Already Attractive" }, "geometry": { "type": "Polygon", "coordinates": [ [ [ -77.062294, 39.032958 ], [ -77.060699, 39.035476 ], [ -77.061727, 39.037285 ], [ -77.06163, 39.038158 ], [ -77.05767, 39.041623 ], [ -77.054977, 39.04198 ], [ -77.05471, 39.043285 ], [ -77.04998, 39.042995 ], [ -77.047889, 39.043308 ], [ -77.048689, 39.039431 ], [ -77.048362, 39.036479 ], [ -77.049822, 39.036204 ], [ -77.047673, 39.030054 ], [ -77.050582, 39.029533 ], [ -77.051635, 39.030338 ], [ -77.052169, 39.032783 ], [ -77.05606, 39.032684 ], [ -77.058792, 39.033332 ], [ -77.062294, 39.032958 ] ] ] } },
{ "type": "Feature", "properties": { "geoid": "24031703902", "state": "Maryland", "county": "Montgomery County", "classification": "Already Attractive", "oztoolclassification": "Likely to attract capital even without OZ designation", "composite_score": null, "rank": null, "recommended": 0, "jobs_2022": 1151.0, "povrate_2024": 0.212389, "median_hhincome_2024": 111326.0, "unemprate_2024": 0.141665, "vacancyrate_2024": 0.025834, "stackability_count": 1, "pop_2024": 8475.0, "median_homevalue_2024": 546400.0, "job_density_score": null, "dev_capacity_score": null, "market_momentum_score": null, "poverty_score": null, "income_score": null, "unemployment_score": null, "stackability_score": null, "stage1_result": "Eliminated — Already Attractive" }, "geometry": { "type": "Polygon", "coordinates": [ [ [ -77.049822, 39.036204 ], [ -77.048362, 39.036479 ], [ -77.048698, 39.039266 ], [ -77.048231, 39.04135 ], [ -77.043461, 39.040207 ], [ -77.039205, 39.037056 ], [ -77.03732, 39.036299 ], [ -77.030951, 39.036646 ], [ -77.030864, 39.035548 ], [ -77.029563, 39.033748 ], [ -77.029762, 39.030479 ], [ -77.028846, 39.0288 ], [ -77.030303, 39.024414 ], [ -77.032035, 39.025711 ], [ -77.037223, 39.026439 ], [ -77.046012, 39.025261 ], [ -77.049822, 39.036204 ] ] ] } },
{ "type": "Feature", "properties": { "geoid": "24021750300", "state": "Maryland", "county": "Frederick County", "classification": "Goldilocks", "oztoolclassification": "More likely to attract OZ investment, with larger impact", "composite_score": 0.203379, "rank": 316, "recommended": 0, "jobs_2022": 623.0, "povrate_2024": 0.137931, "median_hhincome_2024": 86198.0, "unemprate_2024": 0.065977, "vacancyrate_2024": 0.139148, "stackability_count": 0, "pop_2024": 1500.0, "median_homevalue_2024": 329300.0, "job_density_score": 0.029037, "dev_capacity_score": 0.068804, "market_momentum_score": 0.716644, "poverty_score": 0.492611, "income_score": 0.255817, "unemployment_score": 0.190922, "stackability_score": 0.0, "stage1_result": "Advances to Scoring" }, "geometry": { "type": "Polygon", "coordinates": [ [ [ -77.421955, 39.411461 ], [ -77.420947, 39.412562 ], [ -77.414701, 39.413985 ], [ -77.413363, 39.412538 ], [ -77.411173, 39.412758 ], [ -77.411787, 39.407756 ], [ -77.413728, 39.407921 ], [ -77.421293, 39.410576 ], [ -77.420899, 39.411293 ], [ -77.421955, 39.411461 ] ] ] } },
{ "type": "Feature", "properties": { "geoid": "24001000700", "state": "Maryland", "county": "Allegany County", "classification": "Less Likely", "oztoolclassification": "Less likely to attract OZ investment", "composite_score": 0.310593, "rank": 133, "recommended": 0, "jobs_2022": 742.0, "povrate_2024": 0.392955, "median_hhincome_2024": 36673.0, "unemprate_2024": 0.048259, "vacancyrate_2024": 0.2181, "stackability_count": 1, "pop_2024": 3293.0, "median_homevalue_2024": 129200.0, "job_density_score": 0.034655, "dev_capacity_score": 0.068804, "market_momentum_score": 0.716644, "poverty_score": 0.59659, "income_score": 0.696153, "unemployment_score": 0.139652, "stackability_score": 0.333333, "stage1_result": "Advances to Scoring" }, "geometry": { "type": "Polygon", "coordinates": [ [ [ -78.765018, 39.63272 ], [ -78.763095, 39.635369 ], [ -78.761538, 39.639728 ], [ -78.760017, 39.638654 ], [ -78.75618, 39.639119 ], [ -78.753098, 39.6389 ], [ -78.749262, 39.637488 ], [ -78.745024, 39.635159 ], [ -78.74153, 39.629464 ], [ -78.741831, 39.628404 ], [ -78.7384, 39.627253 ], [ -78.739161, 39.625559 ], [ -78.749397, 39.627807 ], [ -78.749687, 39.628284 ], [ -78.763031, 39.630809 ], [ -78.765018, 39.63272 ] ] ] } },
{ "type": "Feature", "properties": { "geoid": "24001001000", "state": "Maryland", "county": "Allegany County", "classification": "Less Likely", "oztoolclassification": "Less likely to attract OZ investment", "composite_score": 0.412374, "rank": 20, "recommended": 1, "jobs_2022": 2395.0, "povrate_2024": 0.321352, "median_hhincome_2024": 29635.0, "unemprate_2024": 0.194048, "vacancyrate_2024": 0.244493, "stackability_count": 1, "pop_2024": 1876.0, "median_homevalue_2024": 82600.0, "job_density_score": 0.112701, "dev_capacity_score": 0.068804, "market_momentum_score": 0.716644, "poverty_score": 0.852314, "income_score": 0.758729, "unemployment_score": 0.56153, "stackability_score": 0.333333, "stage1_result": "Advances to Scoring" }, "geometry": { "type": "Polygon", "coordinates": [ [ [ -78.779984, 39.661503 ], [ -78.776437, 39.664191 ], [ -78.773683, 39.665224 ], [ -78.774223, 39.664134 ], [ -78.770374, 39.66322 ], [ -78.770802, 39.662016 ], [ -78.76503, 39.660759 ], [ -78.764113, 39.658279 ], [ -78.760827, 39.656461 ], [ -78.76138, 39.655387 ], [ -78.758959, 39.653154 ], [ -78.758194, 39.651367 ], [ -78.758162, 39.649421 ], [ -78.762553, 39.648801 ], [ -78.764264, 39.648997 ], [ -78.764136, 39.652206 ], [ -78.764883, 39.653471 ], [ -78.779984, 39.661503 ] ] ] } },
{ "type": "Feature", "properties": { "geoid": "24001001503", "state": "Maryland", "county": "Allegany County", "classification": "Less Likely", "oztoolclassification": "Less likely to attract OZ investment", "composite_score": 0.226549, "rank": 282, "recommended": 0, "jobs_2022": 132.0, "povrate_2024": 0.14921, "median_hhincome_2024": 60216.0, "unemprate_2024": 0.070215, "vacancyrate_2024": 0.123472, "stackability_count": 0, "pop_2024": 1709.0, "median_homevalue_2024": 130200.0, "job_density_score": 0.005855, "dev_capacity_score": 0.068804, "market_momentum_score": 0.716644, "poverty_score": 0.532893, "income_score": 0.486828, "unemployment_score": 0.203187, "stackability_score": 0.0, "stage1_result": "Advances to Scoring" }, "geometry": { "type": "Polygon", "coordinates": [ [ [ -78.918373, 39.689281 ], [ -78.915969, 39.692386 ], [ -78.915428, 39.69384 ], [ -78.915412, 39.695411 ], [ -78.916603, 39.698703 ], [ -78.916137, 39.701175 ], [ -78.914871, 39.702774 ], [ -78.910987, 39.705307 ], [ -78.909853, 39.706851 ], [ -78.909869, 39.708908 ], [ -78.912235, 39.712483 ], [ -78.911977, 39.71464 ], [ -78.907187, 39.718347 ], [ -78.905233, 39.721524 ], [ -78.903602, 39.722686 ], [ -78.815374, 39.722898 ], [ -78.811962, 39.721099 ], [ -78.810974, 39.716715 ], [ -78.811522, 39.715448 ], [ -78.817225, 39.709155 ], [ -78.820187, 39.708011 ], [ -78.821898, 39.708286 ], [ -78.823274, 39.70783 ], [ -78.822968, 39.706435 ], [ -78.823785, 39.704157 ], [ -78.82387, 39.700374 ], [ -78.824622, 39.698925 ], [ -78.824032, 39.698443 ], [ -78.825, 39.698545 ], [ -78.824516, 39.697876 ], [ -78.822072, 39.697398 ], [ -78.823156, 39.695458 ], [ -78.828297, 39.696133 ], [ -78.834677, 39.69896 ], [ -78.836018, 39.698888 ], [ -78.839662, 39.697435 ], [ -78.844515, 39.696773 ], [ -78.846364, 39.695701 ], [ -78.852752, 39.688811 ], [ -78.853392, 39.687434 ], [ -78.853937, 39.683597 ], [ -78.855303, 39.682483 ], [ -78.857039, 39.682438 ], [ -78.858707, 39.683821 ], [ -78.857241, 39.687746 ], [ -78.858228, 39.69162 ], [ -78.86042, 39.6923 ], [ -78.863635, 39.690767 ], [ -78.865677, 39.690534 ], [ -78.867399, 39.691384 ], [ -78.869142, 39.693572 ], [ -78.871827, 39.693765 ], [ -78.875014, 39.692282 ], [ -78.878136, 39.691847 ], [ -78.883731, 39.688545 ], [ -78.884415, 39.686984 ], [ -78.883834, 39.683315 ], [ -78.881387, 39.680563 ], [ -78.881416, 39.678815 ], [ -78.883114, 39.677585 ], [ -78.887365, 39.677874 ], [ -78.889024, 39.67749 ], [ -78.893539, 39.67286 ], [ -78.892832, 39.674535 ], [ -78.896196, 39.677387 ], [ -78.895456, 39.678614 ], [ -78.891597, 39.679694 ], [ -78.890174, 39.681697 ], [ -78.891123, 39.683086 ], [ -78.890871, 39.684607 ], [ -78.894389, 39.684102 ], [ -78.898483, 39.684463 ], [ -78.899375, 39.684009 ], [ -78.904121, 39.685108 ], [ -78.905967, 39.684646 ], [ -78.910697, 39.68465 ], [ -78.91294, 39.683399 ], [ -78.917778, 39.687206 ], [ -78.918373, 39.689281 ] ] ] } },
{ "type": "Feature", "properties": { "geoid": "24001002100", "state": "Maryland", "county": "Allegany County", "classification": "Less Likely", "oztoolclassification": "Less likely to attract OZ investment", "composite_score": 0.24873, "rank": 242, "recommended": 0, "jobs_2022": 453.0, "povrate_2024": 0.179506, "median_hhincome_2024": 54299.0, "unemprate_2024": 0.053556, "vacancyrate_2024": 0.169958, "stackability_count": 0, "pop_2024": 2839.0, "median_homevalue_2024": 87700.0, "job_density_score": 0.02101, "dev_capacity_score": 0.068804, "market_momentum_score": 0.716644, "poverty_score": 0.641091, "income_score": 0.539437, "unemployment_score": 0.154978, "stackability_score": 0.0, "stage1_result": "Advances to Scoring" }, "geometry": { "type": "Polygon", "coordinates": [ [ [ -79.041686, 39.524703 ], [ -78.99867, 39.599942 ], [ -78.973303, 39.604952 ], [ -78.972196, 39.604458 ], [ -78.971258, 39.602124 ], [ -78.969099, 39.599374 ], [ -78.966984, 39.598386 ], [ -78.964244, 39.59853 ], [ -78.963368, 39.5978 ], [ -78.968539, 39.594461 ], [ -78.973212, 39.589975 ], [ -78.972007, 39.588722 ], [ -78.975601, 39.588221 ], [ -78.976893, 39.587397 ], [ -78.975332, 39.586106 ], [ -78.972257, 39.584666 ], [ -78.971418, 39.582749 ], [ -78.970436, 39.582026 ], [ -78.970568, 39.580607 ], [ -78.967691, 39.579468 ], [ -78.959091, 39.578034 ], [ -78.953685, 39.581008 ], [ -78.951832, 39.582666 ], [ -78.950083, 39.583031 ], [ -78.949821, 39.581874 ], [ -78.94679, 39.580351 ], [ -78.941264, 39.580055 ], [ -78.938517, 39.576476 ], [ -78.93885, 39.575317 ], [ -78.937694, 39.573511 ], [ -78.935168, 39.570936 ], [ -78.934516, 39.56891 ], [ -78.934381, 39.565401 ], [ -78.932714, 39.563447 ], [ -78.932246, 39.561937 ], [ -78.932541, 39.561181 ], [ -78.930358, 39.560843 ], [ -78.927526, 39.56237 ], [ -78.922999, 39.559076 ], [ -78.922958, 39.558631 ], [ -78.925027, 39.557176 ], [ -78.930183, 39.551015 ], [ -78.93405, 39.547223 ], [ -78.93988, 39.544285 ], [ -78.948234, 39.531082 ], [ -78.959922, 39.517364 ], [ -78.962997, 39.514389 ], [ -78.965637, 39.515487 ], [ -78.969337, 39.513828 ], [ -78.973997, 39.514823 ], [ -78.974813, 39.514522 ], [ -78.977751, 39.51209 ], [ -78.979784, 39.511098 ], [ -78.979687, 39.510132 ], [ -78.98078, 39.509602 ], [ -78.98295, 39.506076 ], [ -78.986319, 39.504424 ], [ -78.989509, 39.505165 ], [ -78.991587, 39.506431 ], [ -78.995022, 39.506791 ], [ -78.999029, 39.509069 ], [ -79.004716, 39.509323 ], [ -79.006626, 39.51114 ], [ -79.009409, 39.511458 ], [ -79.010528, 39.512391 ], [ -79.01163, 39.514308 ], [ -79.015605, 39.515927 ], [ -79.014164, 39.520519 ], [ -79.01488, 39.521651 ], [ -79.01644, 39.522025 ], [ -79.01742, 39.522841 ], [ -79.018483, 39.523165 ], [ -79.018795, 39.521307 ], [ -79.019373, 39.521021 ], [ -79.02245, 39.513104 ], [ -79.024018, 39.511636 ], [ -79.028544, 39.515836 ], [ -79.028883, 39.518087 ], [ -79.029563, 39.518642 ], [ -79.033228, 39.519845 ], [ -79.033717, 39.520774 ], [ -79.035454, 39.520659 ], [ -79.036602, 39.522032 ], [ -79.037509, 39.522086 ], [ -79.03914, 39.523338 ], [ -79.040933, 39.523574 ], [ -79.041686, 39.524703 ] ] ] } },
{ "type": "Feature", "properties": { "geoid": "24033806501", "state": "Maryland", "county": "Prince George's County", "classification": "Less Likely", "oztoolclassification": "Less likely to attract OZ investment", "composite_score": null, "rank": null, "recommended": 0, "jobs_2022": 1899.0, "povrate_2024": 0.233939, "median_hhincome_2024": 78194.0, "unemprate_2024": 0.028835, "vacancyrate_2024": 0.028951, "stackability_count": 1, "pop_2024": 5305.0, "median_homevalue_2024": 449100.0, "job_density_score": null, "dev_capacity_score": null, "market_momentum_score": null, "poverty_score": null, "income_score": null, "unemployment_score": null, "stackability_score": null, "stage1_result": "Eliminated — Already Attractive" }, "geometry": { "type": "Polygon", "coordinates": [ [ [ -76.943045, 38.963456 ], [ -76.942611, 38.965869 ], [ -76.936921, 38.964008 ], [ -76.920006, 38.960553 ], [ -76.920075, 38.959268 ], [ -76.922388, 38.956489 ], [ -76.924198, 38.95264 ], [ -76.926222, 38.95108 ], [ -76.925196, 38.952479 ], [ -76.924982, 38.954386 ], [ -76.92861, 38.955441 ], [ -76.930179, 38.95207 ], [ -76.931375, 38.951501 ], [ -76.934117, 38.951565 ], [ -76.935659, 38.957896 ], [ -76.939906, 38.957967 ], [ -76.939439, 38.961511 ], [ -76.942811, 38.961419 ], [ -76.943045, 38.963456 ] ] ] } },
{ "type": "Feature", "properties": { "geoid": "24033806601", "state": "Maryland", "county": "Prince George's County", "classification": "Goldilocks", "oztoolclassification": "More likely to attract OZ investment, with larger impact", "composite_score": 0.28326, "rank": 185, "recommended": 0, "jobs_2022": 452.0, "povrate_2024": 0.181538, "median_hhincome_2024": 85192.0, "unemprate_2024": 0.100741, "vacancyrate_2024": 0.062621, "stackability_count": 1, "pop_2024": 5850.0, "median_homevalue_2024": 348300.0, "job_density_score": 0.020963, "dev_capacity_score": 0.068804, "market_momentum_score": 0.716644, "poverty_score": 0.648352, "income_score": 0.264762, "unemployment_score": 0.291521, "stackability_score": 0.333333, "stage1_result": "Advances to Scoring" }, "geometry": { "type": "Polygon", "coordinates": [ [ [ -76.923545, 38.954135 ], [ -76.922388, 38.956489 ], [ -76.920228, 38.958799 ], [ -76.920006, 38.960553 ], [ -76.916128, 38.960106 ], [ -76.910664, 38.961064 ], [ -76.905545, 38.961212 ], [ -76.906038, 38.957449 ], [ -76.909422, 38.953109 ], [ -76.909906, 38.953444 ], [ -76.915231, 38.953057 ], [ -76.923545, 38.954135 ] ] ] } },
{ "type": "Feature", "properties": { "geoid": "24033806602", "state": "Maryland", "county": "Prince George's County", "classification": "Less Likely", "oztoolclassification": "Less likely to attract OZ investment", "composite_score": null, "rank": null, "recommended": 0, "jobs_2022": 4751.0, "povrate_2024": 0.249073, "median_hhincome_2024": 85987.0, "unemprate_2024": 0.082488, "vacancyrate_2024": 0.0, "stackability_count": 1, "pop_2024": 4959.0, "median_homevalue_2024": 374900.0, "job_density_score": null, "dev_capacity_score": null, "market_momentum_score": null, "poverty_score": null, "income_score": null, "unemployment_score": null, "stackability_score": null, "stage1_result": "Eliminated — Already Attractive" }, "geometry": { "type": "Polygon", "coordinates": [ [ [ -76.91982, 38.96065 ], [ -76.918539, 38.966538 ], [ -76.915144, 38.972167 ], [ -76.90411, 38.971915 ], [ -76.899087, 38.972509 ], [ -76.904663, 38.96471 ], [ -76.905545, 38.961212 ], [ -76.910664, 38.961064 ], [ -76.916128, 38.960106 ], [ -76.91982, 38.96065 ] ] ] } },
{ "type": "Feature", "properties": { "geoid": "24005402307", "state": "Maryland", "county": "Baltimore County", "classification": "Less Likely", "oztoolclassification": "Less likely to attract OZ investment", "composite_score": 0.278502, "rank": 193, "recommended": 0, "jobs_2022": 883.0, "povrate_2024": 0.12511, "median_hhincome_2024": 55966.0, "unemprate_2024": 0.072151, "vacancyrate_2024": 0.077889, "stackability_count": 1, "pop_2024": 5956.0, "median_homevalue_2024": 229600.0, "job_density_score": 0.041313, "dev_capacity_score": 0.068804, "market_momentum_score": 0.716644, "poverty_score": 0.446821, "income_score": 0.524615, "unemployment_score": 0.208789, "stackability_score": 0.333333, "stage1_result": "Advances to Scoring" }, "geometry": { "type": "Polygon", "coordinates": [ [ [ -76.765619, 39.356351 ], [ -76.764552, 39.358828 ], [ -76.761911, 39.361211 ], [ -76.760773, 39.36345 ], [ -76.75832, 39.365582 ], [ -76.758191, 39.366484 ], [ -76.752803, 39.367439 ], [ -76.75, 39.369279 ], [ -76.748325, 39.369499 ], [ -76.748307, 39.367597 ], [ -76.746656, 39.360562 ], [ -76.745668, 39.349287 ], [ -76.765619, 39.356351 ] ] ] } },
{ "type": "Feature", "properties": { "geoid": "24510210100", "state": "Maryland", "county": "Baltimore city", "classification": "Goldilocks", "oztoolclassification": "More likely to attract OZ investment, with larger impact", "composite_score": 0.392719, "rank": 34, "recommended": 1, "jobs_2022": 4359.0, "povrate_2024": 0.215658, "median_hhincome_2024": 83934.0, "unemprate_2024": 0.09863, "vacancyrate_2024": 0.132502, "stackability_count": 2, "pop_2024": 2082.0, "median_homevalue_2024": 259000.0, "job_density_score": 0.20543, "dev_capacity_score": 0.087583, "market_momentum_score": 0.54621, "poverty_score": 0.770207, "income_score": 0.275947, "unemployment_score": 0.285413, "stackability_score": 0.666667, "stage1_result": "Advances to Scoring" }, "geometry": { "type": "Polygon", "coordinates": [ [ [ -76.634597, 39.277969 ], [ -76.630343, 39.281257 ], [ -76.633493, 39.283618 ], [ -76.628883, 39.283794 ], [ -76.629019, 39.286009 ], [ -76.627539, 39.286057 ], [ -76.624907, 39.281849 ], [ -76.61979, 39.280205 ], [ -76.618999, 39.279052 ], [ -76.623356, 39.269655 ], [ -76.624502, 39.26861 ], [ -76.625855, 39.268189 ], [ -76.633472, 39.269545 ], [ -76.628731, 39.273467 ], [ -76.634597, 39.277969 ] ] ] } },
{ "type": "Feature", "properties": { "geoid": "24510210200", "state": "Maryland", "county": "Baltimore city", "classification": "Goldilocks", "oztoolclassification": "More likely to attract OZ investment, with larger impact", "composite_score": 0.330823, "rank": 106, "recommended": 1, "jobs_2022": 4116.0, "povrate_2024": 0.178662, "median_hhincome_2024": 63777.0, "unemprate_2024": 0.069269, "vacancyrate_2024": 0.095745, "stackability_count": 1, "pop_2024": 3251.0, "median_homevalue_2024": 209200.0, "job_density_score": 0.193957, "dev_capacity_score": 0.074589, "market_momentum_score": 0.564211, "poverty_score": 0.638077, "income_score": 0.455166, "unemployment_score": 0.200448, "stackability_score": 0.333333, "stage1_result": "Advances to Scoring" }, "geometry": { "type": "Polygon", "coordinates": [ [ [ -76.655335, 39.274523 ], [ -76.654552, 39.276152 ], [ -76.652682, 39.277569 ], [ -76.641861, 39.280991 ], [ -76.637843, 39.282788 ], [ -76.637984, 39.285587 ], [ -76.629019, 39.286009 ], [ -76.628883, 39.283794 ], [ -76.633493, 39.283618 ], [ -76.630343, 39.281257 ], [ -76.634597, 39.277969 ], [ -76.628731, 39.273467 ], [ -76.633472, 39.269545 ], [ -76.651885, 39.271566 ], [ -76.654996, 39.271192 ], [ -76.655335, 39.274523 ] ] ] } },
{ "type": "Feature", "properties": { "geoid": "24510250206", "state": "Maryland", "county": "Baltimore city", "classification": "Already Attractive", "oztoolclassification": "Likely to attract capital even without OZ designation", "composite_score": 0.338608, "rank": 95, "recommended": 1, "jobs_2022": 3427.0, "povrate_2024": 0.197199, "median_hhincome_2024": 63233.0, "unemprate_2024": 0.087479, "vacancyrate_2024": 0.029823, "stackability_count": 1, "pop_2024": 2713.0, "median_homevalue_2024": 134100.0, "job_density_score": 0.161426, "dev_capacity_score": 0.093138, "market_momentum_score": 0.571102, "poverty_score": 0.704281, "income_score": 0.460003, "unemployment_score": 0.253143, "stackability_score": 0.333333, "stage1_result": "Advances to Scoring" }, "geometry": { "type": "Polygon", "coordinates": [ [ [ -76.671563, 39.275933 ], [ -76.669588, 39.275476 ], [ -76.668962, 39.276058 ], [ -76.666756, 39.276116 ], [ -76.665022, 39.275034 ], [ -76.664556, 39.275928 ], [ -76.661575, 39.276399 ], [ -76.659301, 39.274646 ], [ -76.657416, 39.276101 ], [ -76.65521, 39.275893 ], [ -76.654875, 39.269792 ], [ -76.654286, 39.267116 ], [ -76.651849, 39.264231 ], [ -76.651677, 39.26097 ], [ -76.649834, 39.260314 ], [ -76.65251, 39.258401 ], [ -76.657812, 39.256687 ], [ -76.65986, 39.255509 ], [ -76.664322, 39.257442 ], [ -76.664882, 39.260554 ], [ -76.667122, 39.266139 ], [ -76.671489, 39.273887 ], [ -76.671563, 39.275933 ] ] ] } },
{ "type": "Feature", "properties": { "geoid": "24510250207", "state": "Maryland", "county": "Baltimore city", "classification": "Less Likely", "oztoolclassification": "Less likely to attract OZ investment", "composite_score": 0.320324, "rank": 124, "recommended": 0, "jobs_2022": 766.0, "povrate_2024": 0.190099, "median_hhincome_2024": 41292.0, "unemprate_2024": 0.124524, "vacancyrate_2024": 0.124031, "stackability_count": 1, "pop_2024": 1515.0, "median_homevalue_2024": 92700.0, "job_density_score": 0.035788, "dev_capacity_score": 0.114635, "market_momentum_score": 0.496569, "poverty_score": 0.678925, "income_score": 0.655084, "unemployment_score": 0.360343, "stackability_score": 0.333333, "stage1_result": "Advances to Scoring" }, "geometry": { "type": "Polygon", "coordinates": [ [ [ -76.634313, 39.255292 ], [ -76.632768, 39.257731 ], [ -76.631946, 39.25754 ], [ -76.63009, 39.258824 ], [ -76.629494, 39.258669 ], [ -76.624689, 39.260606 ], [ -76.616437, 39.257216 ], [ -76.617891, 39.254013 ], [ -76.617349, 39.252412 ], [ -76.625208, 39.249066 ], [ -76.627535, 39.249821 ], [ -76.626779, 39.250482 ], [ -76.625086, 39.250074 ], [ -76.626258, 39.251813 ], [ -76.627427, 39.25158 ], [ -76.628077, 39.250031 ], [ -76.632601, 39.251544 ], [ -76.633742, 39.252977 ], [ -76.634313, 39.255292 ] ] ] } },
{ "type": "Feature", "properties": { "geoid": "24510250301", "state": "Maryland", "county": "Baltimore city", "classification": "Goldilocks", "oztoolclassification": "More likely to attract OZ investment, with larger impact", "composite_score": 0.394274, "rank": 30, "recommended": 1, "jobs_2022": 344.0, "povrate_2024": 0.391282, "median_hhincome_2024": 29538.0, "unemprate_2024": 0.156454, "vacancyrate_2024": 0.248447, "stackability_count": 1, "pop_2024": 1938.0, "median_homevalue_2024": 95800.0, "job_density_score": 0.015864, "dev_capacity_score": 0.338937, "market_momentum_score": 0.962791, "poverty_score": 0.602565, "income_score": 0.759591, "unemployment_score": 0.452742, "stackability_score": 0.333333, "stage1_result": "Advances to Scoring" }, "geometry": { "type": "Polygon", "coordinates": [ [ [ -76.649834, 39.260314 ], [ -76.63733, 39.27014 ], [ -76.625855, 39.268189 ], [ -76.625654, 39.267162 ], [ -76.626708, 39.266419 ], [ -76.627205, 39.265108 ], [ -76.623793, 39.265075 ], [ -76.623289, 39.260106 ], [ -76.624689, 39.260606 ], [ -76.629494, 39.258669 ], [ -76.63009, 39.258824 ], [ -76.631946, 39.25754 ], [ -76.633708, 39.258598 ], [ -76.635074, 39.252818 ], [ -76.634946, 39.251263 ], [ -76.634109, 39.249845 ], [ -76.640215, 39.257092 ], [ -76.642057, 39.258679 ], [ -76.64567, 39.260081 ], [ -76.649834, 39.260314 ] ] ] } },
{ "type": "Feature", "properties": { "geoid": "24510250303", "state": "Maryland", "county": "Baltimore city", "classification": "Less Likely", "oztoolclassification": "Less likely to attract OZ investment", "composite_score": 0.391767, "rank": 36, "recommended": 1, "jobs_2022": 726.0, "povrate_2024": 0.258542, "median_hhincome_2024": 50990.0, "unemprate_2024": 0.007937, "vacancyrate_2024": 0.190674, "stackability_count": 2, "pop_2024": 1756.0, "median_homevalue_2024": 92000.0, "job_density_score": 0.0339, "dev_capacity_score": 0.164856, "market_momentum_score": 0.645865, "poverty_score": 0.923365, "income_score": 0.568858, "unemployment_score": 0.022966, "stackability_score": 0.666667, "stage1_result": "Advances to Scoring" }, "geometry": { "type": "Polygon", "coordinates": [ [ [ -76.654996, 39.271192 ], [ -76.652111, 39.27158 ], [ -76.63733, 39.27014 ], [ -76.649834, 39.260314 ], [ -76.650615, 39.26036 ], [ -76.651903, 39.261434 ], [ -76.651942, 39.264439 ], [ -76.654239, 39.266995 ], [ -76.654996, 39.271192 ] ] ] } },
{ "type": "Feature", "properties": { "geoid": "24510250401", "state": "Maryland", "county": "Baltimore city", "classification": "Less Likely", "oztoolclassification": "Less likely to attract OZ investment", "composite_score": 0.2695, "rank": 206, "recommended": 0, "jobs_2022": 261.0, "povrate_2024": 0.144597, "median_hhincome_2024": 46637.0, "unemprate_2024": 0.021622, "vacancyrate_2024": 0.129953, "stackability_count": 1, "pop_2024": 3942.0, "median_homevalue_2024": 127300.0, "job_density_score": 0.011945, "dev_capacity_score": 0.102235, "market_momentum_score": 0.604243, "poverty_score": 0.516417, "income_score": 0.607561, "unemployment_score": 0.062568, "stackability_score": 0.333333, "stage1_result": "Advances to Scoring" }, "geometry": { "type": "Polygon", "coordinates": [ [ [ -76.618612, 39.237398 ], [ -76.614642, 39.241092 ], [ -76.60848, 39.240643 ], [ -76.608808, 39.24002 ], [ -76.601004, 39.240606 ], [ -76.595552, 39.239143 ], [ -76.597742, 39.234898 ], [ -76.602353, 39.236303 ], [ -76.604205, 39.232623 ], [ -76.608167, 39.231099 ], [ -76.611695, 39.2344 ], [ -76.618612, 39.237398 ] ] ] } },
{ "type": "Feature", "properties": { "geoid": "24510250402", "state": "Maryland", "county": "Baltimore city", "classification": "Less Likely", "oztoolclassification": "Less likely to attract OZ investment", "composite_score": 0.304243, "rank": 147, "recommended": 0, "jobs_2022": 30.0, "povrate_2024": 0.397277, "median_hhincome_2024": 40000.0, "unemprate_2024": 0.128503, "vacancyrate_2024": 0.159529, "stackability_count": 1, "pop_2024": 4186.0, "median_homevalue_2024": 138600.0, "job_density_score": 0.001039, "dev_capacity_score": 0.071119, "market_momentum_score": 0.618175, "poverty_score": 0.581155, "income_score": 0.666572, "unemployment_score": 0.37186, "stackability_score": 0.333333, "stage1_result": "Advances to Scoring" }, "geometry": { "type": "Polygon", "coordinates": [ [ [ -76.608167, 39.231099 ], [ -76.604205, 39.232623 ], [ -76.602353, 39.236303 ], [ -76.595787, 39.234309 ], [ -76.599947, 39.226385 ], [ -76.599308, 39.225298 ], [ -76.600665, 39.223734 ], [ -76.608167, 39.231099 ] ] ] } },
{ "type": "Feature", "properties": { "geoid": "24510280101", "state": "Maryland", "county": "Baltimore city", "classification": "Goldilocks", "oztoolclassification": "More likely to attract OZ investment, with larger impact", "composite_score": 0.297539, "rank": 165, "recommended": 0, "jobs_2022": 3191.0, "povrate_2024": 0.097268, "median_hhincome_2024": 86686.0, "unemprate_2024": 0.015375, "vacancyrate_2024": 0.104335, "stackability_count": 2, "pop_2024": 2754.0, "median_homevalue_2024": 151500.0, "job_density_score": 0.150283, "dev_capacity_score": 0.089035, "market_momentum_score": 0.609548, "poverty_score": 0.347385, "income_score": 0.251478, "unemployment_score": 0.044492, "stackability_score": 0.666667, "stage1_result": "Advances to Scoring" }, "geometry": { "type": "Polygon", "coordinates": [ [ [ -76.711388, 39.349496 ], [ -76.711191, 39.362798 ], [ -76.68267, 39.342341 ], [ -76.680753, 39.341676 ], [ -76.678011, 39.342207 ], [ -76.67671, 39.341841 ], [ -76.677067, 39.341134 ], [ -76.677964, 39.339925 ], [ -76.687477, 39.342854 ], [ -76.706441, 39.353027 ], [ -76.711388, 39.349496 ] ] ] } },
{ "type": "Feature", "properties": { "geoid": "24510280102", "state": "Maryland", "county": "Baltimore city", "classification": "Less Likely", "oztoolclassification": "Less likely to attract OZ investment", "composite_score": 0.402354, "rank": 27, "recommended": 1, "jobs_2022": 4916.0, "povrate_2024": 0.25176, "median_hhincome_2024": 47974.0, "unemprate_2024": 0.106067, "vacancyrate_2024": 0.124702, "stackability_count": 1, "pop_2024": 4868.0, "median_homevalue_2024": 219700.0, "job_density_score": 0.231728, "dev_capacity_score": 0.08425, "market_momentum_score": 0.537322, "poverty_score": 0.899143, "income_score": 0.595674, "unemployment_score": 0.306932, "stackability_score": 0.333333, "stage1_result": "Advances to Scoring" }, "geometry": { "type": "Polygon", "coordinates": [ [ [ -76.711388, 39.349496 ], [ -76.706441, 39.353027 ], [ -76.688258, 39.343211 ], [ -76.682916, 39.341435 ], [ -76.683477, 39.340794 ], [ -76.689379, 39.340754 ], [ -76.689361, 39.333977 ], [ -76.690866, 39.331013 ], [ -76.688646, 39.330431 ], [ -76.68858, 39.329184 ], [ -76.711025, 39.336333 ], [ -76.711388, 39.349496 ] ] ] } },
{ "type": "Feature", "properties": { "geoid": "24510280200", "state": "Maryland", "county": "Baltimore city", "classification": "Less Likely", "oztoolclassification": "Less likely to attract OZ investment", "composite_score": 0.270069, "rank": 205, "recommended": 0, "jobs_2022": 250.0, "povrate_2024": 0.199733, "median_hhincome_2024": 72598.0, "unemprate_2024": 0.058277, "vacancyrate_2024": 0.082645, "stackability_count": 1, "pop_2024": 4557.0, "median_homevalue_2024": 227900.0, "job_density_score": 0.011426, "dev_capacity_score": 0.061682, "market_momentum_score": 0.510745, "poverty_score": 0.713334, "income_score": 0.376737, "unemployment_score": 0.168642, "stackability_score": 0.333333, "stage1_result": "Advances to Scoring" }, "geometry": { "type": "Polygon", "coordinates": [ [ [ -76.711482, 39.32094 ], [ -76.711493, 39.333799 ], [ -76.711025, 39.336333 ], [ -76.687421, 39.328837 ], [ -76.690069, 39.323586 ], [ -76.70177, 39.319596 ], [ -76.704518, 39.322023 ], [ -76.708393, 39.321805 ], [ -76.711482, 39.32094 ] ] ] } },
{ "type": "Feature", "properties": { "geoid": "24025306100", "state": "Maryland", "county": "Harford County", "classification": "Less Likely", "oztoolclassification": "Less likely to attract OZ investment", "composite_score": 0.347817, "rank": 78, "recommended": 1, "jobs_2022": 2030.0, "povrate_2024": 0.14686, "median_hhincome_2024": 56826.0, "unemprate_2024": 0.038373, "vacancyrate_2024": 0.01223, "stackability_count": 2, "pop_2024": 3981.0, "median_homevalue_2024": 278900.0, "job_density_score": 0.095467, "dev_capacity_score": 0.068804, "market_momentum_score": 0.716644, "poverty_score": 0.524501, "income_score": 0.516969, "unemployment_score": 0.111042, "stackability_score": 0.666667, "stage1_result": "Advances to Scoring" }, "geometry": { "type": "Polygon", "coordinates": [ [ [ -76.123352, 39.533341 ], [ -76.117317, 39.536689 ], [ -76.112982, 39.540459 ], [ -76.110101, 39.544263 ], [ -76.103056, 39.557903 ], [ -76.099744, 39.56297 ], [ -76.09836, 39.564173 ], [ -76.093229, 39.566388 ], [ -76.088012, 39.560436 ], [ -76.085972, 39.559011 ], [ -76.076043, 39.543491 ], [ -76.098848, 39.543418 ], [ -76.122545, 39.532166 ], [ -76.123352, 39.533341 ] ] ] } },
{ "type": "Feature", "properties": { "geoid": "24510272007", "state": "Maryland", "county": "Baltimore city", "classification": "Less Likely", "oztoolclassification": "Less likely to attract OZ investment", "composite_score": 0.337916, "rank": 97, "recommended": 1, "jobs_2022": 882.0, "povrate_2024": 0.249772, "median_hhincome_2024": 43422.0, "unemprate_2024": 0.098807, "vacancyrate_2024": 0.121699, "stackability_count": 1, "pop_2024": 3305.0, "median_homevalue_2024": 203600.0, "job_density_score": 0.041265, "dev_capacity_score": 0.028674, "market_momentum_score": 0.518003, "poverty_score": 0.892041, "income_score": 0.636146, "unemployment_score": 0.285926, "stackability_score": 0.333333, "stage1_result": "Advances to Scoring" }, "geometry": { "type": "Polygon", "coordinates": [ [ [ -76.711191, 39.362798 ], [ -76.711313, 39.371933 ], [ -76.699798, 39.362363 ], [ -76.703228, 39.359702 ], [ -76.70083, 39.357891 ], [ -76.702446, 39.356246 ], [ -76.711191, 39.362798 ] ] ] } },
{ "type": "Feature", "properties": { "geoid": "24017851200", "state": "Maryland", "county": "Charles County", "classification": "Less Likely", "oztoolclassification": "Less likely to attract OZ investment", "composite_score": null, "rank": null, "recommended": 0, "jobs_2022": 493.0, "povrate_2024": 0.062856, "median_hhincome_2024": 104038.0, "unemprate_2024": 0.004634, "vacancyrate_2024": 0.206597, "stackability_count": 0, "pop_2024": 4748.0, "median_homevalue_2024": 441500.0, "job_density_score": null, "dev_capacity_score": null, "market_momentum_score": null, "poverty_score": null, "income_score": null, "unemployment_score": null, "stackability_score": null, "stage1_result": "Eliminated — Already Attractive" }, "geometry": { "type": "Polygon", "coordinates": [ [ [ -76.996386, 38.39804 ], [ -76.979386, 38.402395 ], [ -76.975643, 38.404554 ], [ -76.975016, 38.406726 ], [ -76.977091, 38.414801 ], [ -76.973021, 38.425304 ], [ -76.971906, 38.430184 ], [ -76.969517, 38.427639 ], [ -76.970047, 38.431411 ], [ -76.964154, 38.4265 ], [ -76.953707, 38.415352 ], [ -76.951584, 38.41251 ], [ -76.950237, 38.408232 ], [ -76.944131, 38.412707 ], [ -76.938841, 38.415243 ], [ -76.936177, 38.414767 ], [ -76.934684, 38.413485 ], [ -76.934969, 38.413262 ], [ -76.932211, 38.411537 ], [ -76.930223, 38.40681 ], [ -76.927398, 38.404183 ], [ -76.925306, 38.390796 ], [ -76.925496, 38.387566 ], [ -76.92491, 38.386484 ], [ -76.920515, 38.385447 ], [ -76.90001, 38.383485 ], [ -76.874692, 38.381615 ], [ -76.874692, 38.38258 ], [ -76.874354, 38.382576 ], [ -76.873658, 38.379571 ], [ -76.8713, 38.377643 ], [ -76.858268, 38.371716 ], [ -76.852231, 38.368111 ], [ -76.849933, 38.365815 ], [ -76.847925, 38.36223 ], [ -76.84736, 38.359815 ], [ -76.847768, 38.355775 ], [ -76.850753, 38.34611 ], [ -76.853623, 38.3401 ], [ -76.85402, 38.336793 ], [ -76.85289, 38.332598 ], [ -76.849368, 38.331049 ], [ -76.846167, 38.327785 ], [ -76.82838, 38.286542 ], [ -76.824747, 38.278898 ], [ -76.821656, 38.274257 ], [ -76.820951, 38.271342 ], [ -76.821256, 38.268758 ], [ -76.826693, 38.259526 ], [ -76.828825, 38.251905 ], [ -76.828909, 38.250128 ], [ -76.831585, 38.245081 ], [ -76.846567, 38.250598 ], [ -76.867043, 38.266492 ], [ -76.873119, 38.270201 ], [ -76.88977, 38.27391 ], [ -76.903272, 38.281503 ], [ -76.913848, 38.286095 ], [ -76.926899, 38.287155 ], [ -76.929374, 38.28998 ], [ -76.930274, 38.295455 ], [ -76.928474, 38.311525 ], [ -76.935675, 38.321239 ], [ -76.945575, 38.326713 ], [ -76.962227, 38.331835 ], [ -76.968302, 38.336956 ], [ -76.977078, 38.338016 ], [ -76.982254, 38.338016 ], [ -76.983154, 38.346316 ], [ -76.981579, 38.350024 ], [ -76.983829, 38.356735 ], [ -76.990804, 38.367861 ], [ -76.989238, 38.372845 ], [ -76.989734, 38.378302 ], [ -76.993516, 38.389174 ], [ -76.994987, 38.395434 ], [ -76.996386, 38.39804 ] ] ] } },
{ "type": "Feature", "properties": { "geoid": "24031700822", "state": "Maryland", "county": "Montgomery County", "classification": "Less Likely", "oztoolclassification": "Less likely to attract OZ investment", "composite_score": 0.308134, "rank": 137, "recommended": 0, "jobs_2022": 2717.0, "povrate_2024": 0.244373, "median_hhincome_2024": 48693.0, "unemprate_2024": 0.0, "vacancyrate_2024": 0.033923, "stackability_count": 0, "pop_2024": 1555.0, "median_homevalue_2024": 164600.0, "job_density_score": 0.127904, "dev_capacity_score": 0.068804, "market_momentum_score": 0.716644, "poverty_score": 0.872761, "income_score": 0.589281, "unemployment_score": 0.0, "stackability_score": 0.0, "stage1_result": "Advances to Scoring" }, "geometry": { "type": "Polygon", "coordinates": [ [ [ -77.235687, 39.139541 ], [ -77.233711, 39.140613 ], [ -77.232101, 39.140224 ], [ -77.229988, 39.140895 ], [ -77.228515, 39.140777 ], [ -77.227561, 39.141716 ], [ -77.224418, 39.141803 ], [ -77.223762, 39.143672 ], [ -77.220894, 39.142613 ], [ -77.223876, 39.134143 ], [ -77.226257, 39.134368 ], [ -77.228286, 39.133449 ], [ -77.229637, 39.133926 ], [ -77.231193, 39.135189 ], [ -77.232159, 39.137784 ], [ -77.233671, 39.138887 ], [ -77.235687, 39.139541 ] ] ] } },
{ "type": "Feature", "properties": { "geoid": "24017850906", "state": "Maryland", "county": "Charles County", "classification": "Less Likely", "oztoolclassification": "Less likely to attract OZ investment", "composite_score": 0.242117, "rank": 254, "recommended": 0, "jobs_2022": 521.0, "povrate_2024": 0.121411, "median_hhincome_2024": 72679.0, "unemprate_2024": 0.009878, "vacancyrate_2024": 0.049606, "stackability_count": 1, "pop_2024": 5189.0, "median_homevalue_2024": 349000.0, "job_density_score": 0.024221, "dev_capacity_score": 0.068804, "market_momentum_score": 0.716644, "poverty_score": 0.43361, "income_score": 0.376017, "unemployment_score": 0.028586, "stackability_score": 0.333333, "stage1_result": "Advances to Scoring" }, "geometry": { "type": "Polygon", "coordinates": [ [ [ -76.911895, 38.596629 ], [ -76.907367, 38.601126 ], [ -76.90492, 38.602735 ], [ -76.899546, 38.60499 ], [ -76.896702, 38.605641 ], [ -76.892893, 38.605716 ], [ -76.889019, 38.607506 ], [ -76.887965, 38.60638 ], [ -76.887898, 38.605356 ], [ -76.88948, 38.603851 ], [ -76.893014, 38.603706 ], [ -76.894216, 38.602861 ], [ -76.893045, 38.599595 ], [ -76.89183, 38.597952 ], [ -76.891803, 38.595664 ], [ -76.893864, 38.594355 ], [ -76.892918, 38.592989 ], [ -76.899351, 38.589542 ], [ -76.899759, 38.588929 ], [ -76.902717, 38.5887 ], [ -76.904936, 38.589476 ], [ -76.907322, 38.593447 ], [ -76.911895, 38.596629 ] ] ] } },
{ "type": "Feature", "properties": { "geoid": "24017850802", "state": "Maryland", "county": "Charles County", "classification": "Goldilocks", "oztoolclassification": "More likely to attract OZ investment, with larger impact", "composite_score": null, "rank": null, "recommended": 0, "jobs_2022": 3585.0, "povrate_2024": 0.116279, "median_hhincome_2024": 86425.0, "unemprate_2024": 0.036453, "vacancyrate_2024": 0.009975, "stackability_count": 0, "pop_2024": 5818.0, "median_homevalue_2024": 406200.0, "job_density_score": null, "dev_capacity_score": null, "market_momentum_score": null, "poverty_score": null, "income_score": null, "unemployment_score": null, "stackability_score": null, "stage1_result": "Eliminated — Already Attractive" }, "geometry": { "type": "Polygon", "coordinates": [ [ [ -76.910686, 38.626512 ], [ -76.893362, 38.643369 ], [ -76.884881, 38.65003 ], [ -76.878943, 38.653926 ], [ -76.875567, 38.657098 ], [ -76.874469, 38.655338 ], [ -76.872895, 38.649654 ], [ -76.872973, 38.644934 ], [ -76.867053, 38.643279 ], [ -76.860743, 38.638078 ], [ -76.858372, 38.639297 ], [ -76.854626, 38.639572 ], [ -76.854226, 38.640111 ], [ -76.848908, 38.641796 ], [ -76.848308, 38.642685 ], [ -76.847233, 38.642709 ], [ -76.846411, 38.641793 ], [ -76.845831, 38.641793 ], [ -76.844043, 38.648582 ], [ -76.842026, 38.651025 ], [ -76.797248, 38.634491 ], [ -76.800007, 38.634278 ], [ -76.803956, 38.632672 ], [ -76.805646, 38.631578 ], [ -76.806917, 38.629447 ], [ -76.808761, 38.628233 ], [ -76.820114, 38.623147 ], [ -76.820969, 38.622376 ], [ -76.821006, 38.621726 ], [ -76.827113, 38.621206 ], [ -76.83238, 38.616428 ], [ -76.83284, 38.611914 ], [ -76.832567, 38.608999 ], [ -76.833564, 38.602427 ], [ -76.83449, 38.602084 ], [ -76.837163, 38.599091 ], [ -76.836359, 38.598029 ], [ -76.838826, 38.594153 ], [ -76.841037, 38.58918 ], [ -76.841947, 38.583912 ], [ -76.844053, 38.580038 ], [ -76.843562, 38.577853 ], [ -76.843906, 38.576218 ], [ -76.844907, 38.574021 ], [ -76.845918, 38.573077 ], [ -76.849848, 38.566642 ], [ -76.849924, 38.565769 ], [ -76.850907, 38.564443 ], [ -76.851158, 38.562192 ], [ -76.853004, 38.559755 ], [ -76.859173, 38.563738 ], [ -76.860978, 38.565993 ], [ -76.861433, 38.567852 ], [ -76.861381, 38.58179 ], [ -76.86172, 38.583578 ], [ -76.864184, 38.587145 ], [ -76.868322, 38.591811 ], [ -76.875677, 38.6084 ], [ -76.876961, 38.610347 ], [ -76.879239, 38.612538 ], [ -76.883314, 38.615386 ], [ -76.897979, 38.619203 ], [ -76.901778, 38.621424 ], [ -76.906968, 38.623591 ], [ -76.910686, 38.626512 ] ] ] } },
{ "type": "Feature", "properties": { "geoid": "24017850201", "state": "Maryland", "county": "Charles County", "classification": "Already Attractive", "oztoolclassification": "Likely to attract capital even without OZ designation", "composite_score": 0.106703, "rank": 355, "recommended": 0, "jobs_2022": 173.0, "povrate_2024": 0.023305, "median_hhincome_2024": 101518.0, "unemprate_2024": 0.0, "vacancyrate_2024": 0.047264, "stackability_count": 0, "pop_2024": 1259.0, "median_homevalue_2024": 265800.0, "job_density_score": 0.00779, "dev_capacity_score": 0.068804, "market_momentum_score": 0.716644, "poverty_score": 0.083232, "income_score": 0.119604, "unemployment_score": 0.0, "stackability_score": 0.0, "stage1_result": "Advances to Scoring" }, "geometry": { "type": "Polygon", "coordinates": [ [ [ -77.249302, 38.538796 ], [ -77.247667, 38.546738 ], [ -77.240673, 38.554267 ], [ -77.231812, 38.562433 ], [ -77.222082, 38.562389 ], [ -77.186645, 38.602552 ], [ -77.184586, 38.604238 ], [ -77.17975, 38.606745 ], [ -77.17299, 38.60888 ], [ -77.169279, 38.609602 ], [ -77.16109, 38.609615 ], [ -77.16065, 38.603547 ], [ -77.163073, 38.603184 ], [ -77.160613, 38.602755 ], [ -77.16014, 38.600481 ], [ -77.17079, 38.598417 ], [ -77.161536, 38.589827 ], [ -77.160622, 38.58304 ], [ -77.170115, 38.582525 ], [ -77.177365, 38.573517 ], [ -77.184547, 38.567813 ], [ -77.184602, 38.566097 ], [ -77.192943, 38.564681 ], [ -77.196919, 38.562944 ], [ -77.195201, 38.560481 ], [ -77.194707, 38.558307 ], [ -77.192337, 38.552983 ], [ -77.194888, 38.55132 ], [ -77.194844, 38.548033 ], [ -77.19559, 38.546545 ], [ -77.196968, 38.546177 ], [ -77.196537, 38.543461 ], [ -77.197251, 38.541519 ], [ -77.197675, 38.537975 ], [ -77.197105, 38.536686 ], [ -77.209792, 38.531489 ], [ -77.211899, 38.531179 ], [ -77.219814, 38.534362 ], [ -77.224131, 38.534085 ], [ -77.227155, 38.532835 ], [ -77.22686, 38.533651 ], [ -77.227552, 38.534366 ], [ -77.231925, 38.536053 ], [ -77.233126, 38.535711 ], [ -77.233348, 38.536897 ], [ -77.236857, 38.539935 ], [ -77.241586, 38.535265 ], [ -77.24439, 38.533631 ], [ -77.247075, 38.533174 ], [ -77.248722, 38.53455 ], [ -77.249294, 38.536468 ], [ -77.249302, 38.538796 ] ] ] } },
{ "type": "Feature", "properties": { "geoid": "24510260800", "state": "Maryland", "county": "Baltimore city", "classification": "Less Likely", "oztoolclassification": "Less likely to attract OZ investment", "composite_score": 0.226199, "rank": 284, "recommended": 0, "jobs_2022": 424.0, "povrate_2024": 0.12172, "median_hhincome_2024": 65093.0, "unemprate_2024": 0.047653, "vacancyrate_2024": 0.113494, "stackability_count": 1, "pop_2024": 2325.0, "median_homevalue_2024": 267200.0, "job_density_score": 0.019641, "dev_capacity_score": 0.023847, "market_momentum_score": 0.468594, "poverty_score": 0.434716, "income_score": 0.443465, "unemployment_score": 0.137898, "stackability_score": 0.333333, "stage1_result": "Advances to Scoring" }, "geometry": { "type": "Polygon", "coordinates": [ [ [ -76.569413, 39.292487 ], [ -76.562827, 39.292754 ], [ -76.562513, 39.287825 ], [ -76.569091, 39.287565 ], [ -76.569413, 39.292487 ] ] ] } },
{ "type": "Feature", "properties": { "geoid": "24510080800", "state": "Maryland", "county": "Baltimore city", "classification": "Goldilocks", "oztoolclassification": "More likely to attract OZ investment, with larger impact", "composite_score": 0.32137, "rank": 122, "recommended": 0, "jobs_2022": 131.0, "povrate_2024": 0.296033, "median_hhincome_2024": 69250.0, "unemprate_2024": 0.058152, "vacancyrate_2024": 0.106724, "stackability_count": 1, "pop_2024": 2015.0, "median_homevalue_2024": 284300.0, "job_density_score": 0.005807, "dev_capacity_score": 0.249273, "market_momentum_score": 0.441912, "poverty_score": 0.942741, "income_score": 0.406505, "unemployment_score": 0.168278, "stackability_score": 0.333333, "stage1_result": "Advances to Scoring" }, "geometry": { "type": "Polygon", "coordinates": [ [ [ -76.598069, 39.305222 ], [ -76.588286, 39.30564 ], [ -76.588079, 39.302138 ], [ -76.597829, 39.301744 ], [ -76.598069, 39.305222 ] ] ] } },
{ "type": "Feature", "properties": { "geoid": "24510160200", "state": "Maryland", "county": "Baltimore city", "classification": "Less Likely", "oztoolclassification": "Less likely to attract OZ investment", "composite_score": 0.332893, "rank": 103, "recommended": 1, "jobs_2022": 54.0, "povrate_2024": 0.169822, "median_hhincome_2024": 40990.0, "unemprate_2024": 0.096624, "vacancyrate_2024": 0.209778, "stackability_count": 1, "pop_2024": 1796.0, "median_homevalue_2024": 120300.0, "job_density_score": 0.002172, "dev_capacity_score": 0.348035, "market_momentum_score": 0.613561, "poverty_score": 0.606507, "income_score": 0.65777, "unemployment_score": 0.279608, "stackability_score": 0.333333, "stage1_result": "Advances to Scoring" }, "geometry": { "type": "Polygon", "coordinates": [ [ [ -76.643217, 39.303271 ], [ -76.638967, 39.303378 ], [ -76.638462, 39.294189 ], [ -76.642696, 39.294009 ], [ -76.643217, 39.303271 ] ] ] } },
{ "type": "Feature", "properties": { "geoid": "24510100100", "state": "Maryland", "county": "Baltimore city", "classification": "Less Likely", "oztoolclassification": "Less likely to attract OZ investment", "composite_score": 0.407118, "rank": 22, "recommended": 1, "jobs_2022": 348.0, "povrate_2024": 0.342368, "median_hhincome_2024": 21098.0, "unemprate_2024": 0.20742, "vacancyrate_2024": 0.201566, "stackability_count": 1, "pop_2024": 1404.0, "median_homevalue_2024": 113600.0, "job_density_score": 0.016053, "dev_capacity_score": 0.268354, "market_momentum_score": 0.720296, "poverty_score": 0.777257, "income_score": 0.834633, "unemployment_score": 0.600226, "stackability_score": 0.333333, "stage1_result": "Advances to Scoring" }, "geometry": { "type": "Polygon", "coordinates": [ [ [ -76.611551, 39.301224 ], [ -76.61135, 39.304715 ], [ -76.598069, 39.305222 ], [ -76.597829, 39.301744 ], [ -76.611551, 39.301224 ] ] ] } },
{ "type": "Feature", "properties": { "geoid": "24510130300", "state": "Maryland", "county": "Baltimore city", "classification": "Less Likely", "oztoolclassification": "Less likely to attract OZ investment", "composite_score": 0.311505, "rank": 131, "recommended": 0, "jobs_2022": 197.0, "povrate_2024": 0.370039, "median_hhincome_2024": 48047.0, "unemprate_2024": 0.017588, "vacancyrate_2024": 0.31483, "stackability_count": 1, "pop_2024": 1789.0, "median_homevalue_2024": 220400.0, "job_density_score": 0.008924, "dev_capacity_score": 0.255917, "market_momentum_score": 0.627792, "poverty_score": 0.678432, "income_score": 0.595024, "unemployment_score": 0.050896, "stackability_score": 0.333333, "stage1_result": "Advances to Scoring" }, "geometry": { "type": "Polygon", "coordinates": [ [ [ -76.646316, 39.313248 ], [ -76.643631, 39.315793 ], [ -76.641849, 39.314032 ], [ -76.640303, 39.315139 ], [ -76.637783, 39.312615 ], [ -76.636683, 39.313246 ], [ -76.633896, 39.310335 ], [ -76.642514, 39.310089 ], [ -76.646316, 39.313248 ] ] ] } },
{ "type": "Feature", "properties": { "geoid": "24510280301", "state": "Maryland", "county": "Baltimore city", "classification": "Less Likely", "oztoolclassification": "Less likely to attract OZ investment", "composite_score": 0.302739, "rank": 153, "recommended": 0, "jobs_2022": 295.0, "povrate_2024": 0.184863, "median_hhincome_2024": 52303.0, "unemprate_2024": 0.029073, "vacancyrate_2024": 0.048816, "stackability_count": 1, "pop_2024": 3727.0, "median_homevalue_2024": 380000.0, "job_density_score": 0.013551, "dev_capacity_score": 0.311953, "market_momentum_score": 0.497571, "poverty_score": 0.660223, "income_score": 0.557184, "unemployment_score": 0.084131, "stackability_score": 0.333333, "stage1_result": "Advances to Scoring" }, "geometry": { "type": "Polygon", "coordinates": [ [ [ -76.711332, 39.320857 ], [ -76.708393, 39.321805 ], [ -76.704518, 39.322023 ], [ -76.70177, 39.319596 ], [ -76.703947, 39.318582 ], [ -76.703217, 39.317867 ], [ -76.702826, 39.316167 ], [ -76.700967, 39.315761 ], [ -76.700037, 39.317043 ], [ -76.697315, 39.317414 ], [ -76.696741, 39.31692 ], [ -76.696557, 39.314848 ], [ -76.692763, 39.314467 ], [ -76.691463, 39.313829 ], [ -76.690004, 39.312386 ], [ -76.690295, 39.309409 ], [ -76.687738, 39.305914 ], [ -76.686431, 39.305348 ], [ -76.686938, 39.304857 ], [ -76.687689, 39.305216 ], [ -76.690187, 39.305083 ], [ -76.691203, 39.304574 ], [ -76.694244, 39.304929 ], [ -76.69496, 39.304014 ], [ -76.694275, 39.302575 ], [ -76.694866, 39.302016 ], [ -76.696476, 39.302041 ], [ -76.697979, 39.301403 ], [ -76.69913, 39.302011 ], [ -76.70054, 39.301886 ], [ -76.702808, 39.300631 ], [ -76.703122, 39.299745 ], [ -76.706064, 39.299589 ], [ -76.706635, 39.300779 ], [ -76.705437, 39.302041 ], [ -76.705844, 39.302712 ], [ -76.708403, 39.303395 ], [ -76.709868, 39.30273 ], [ -76.711191, 39.302955 ], [ -76.711332, 39.320857 ] ] ] } },
{ "type": "Feature", "properties": { "geoid": "24023000601", "state": "Maryland", "county": "Garrett County", "classification": "Less Likely", "oztoolclassification": "Less likely to attract OZ investment", "composite_score": 0.236429, "rank": 265, "recommended": 0, "jobs_2022": 3732.0, "povrate_2024": 0.111388, "median_hhincome_2024": 76382.0, "unemprate_2024": 0.042239, "vacancyrate_2024": 0.104176, "stackability_count": 0, "pop_2024": 4130.0, "median_homevalue_2024": 230700.0, "job_density_score": 0.175826, "dev_capacity_score": 0.068804, "market_momentum_score": 0.716644, "poverty_score": 0.397814, "income_score": 0.343093, "unemployment_score": 0.122231, "stackability_score": 0.0, "stage1_result": "Advances to Scoring" }, "geometry": { "type": "Polygon", "coordinates": [ [ [ -79.48765, 39.279954 ], [ -79.486812, 39.296367 ], [ -79.486072, 39.3443 ], [ -79.484372, 39.3443 ], [ -79.483886, 39.382732 ], [ -79.483276, 39.382404 ], [ -79.482265, 39.383261 ], [ -79.480772, 39.383165 ], [ -79.47959, 39.383699 ], [ -79.479258, 39.383393 ], [ -79.477602, 39.384349 ], [ -79.472146, 39.384223 ], [ -79.469662, 39.384749 ], [ -79.468371, 39.385808 ], [ -79.467851, 39.387442 ], [ -79.465754, 39.3889 ], [ -79.46443, 39.387419 ], [ -79.462584, 39.387788 ], [ -79.464312, 39.388961 ], [ -79.464413, 39.390171 ], [ -79.462313, 39.391846 ], [ -79.460887, 39.393902 ], [ -79.459147, 39.39443 ], [ -79.455978, 39.393933 ], [ -79.454555, 39.394323 ], [ -79.453761, 39.395702 ], [ -79.454975, 39.396626 ], [ -79.454959, 39.397312 ], [ -79.453521, 39.398388 ], [ -79.448942, 39.397195 ], [ -79.448106, 39.397518 ], [ -79.448101, 39.398568 ], [ -79.446983, 39.399288 ], [ -79.446639, 39.400365 ], [ -79.448472, 39.401082 ], [ -79.451052, 39.401246 ], [ -79.451563, 39.401713 ], [ -79.451561, 39.402547 ], [ -79.448031, 39.403197 ], [ -79.444197, 39.404749 ], [ -79.441243, 39.404969 ], [ -79.439421, 39.406465 ], [ -79.437427, 39.409532 ], [ -79.437202, 39.410915 ], [ -79.432422, 39.416145 ], [ -79.431244, 39.419176 ], [ -79.432079, 39.420303 ], [ -79.431775, 39.421204 ], [ -79.428209, 39.422212 ], [ -79.424373, 39.421299 ], [ -79.422588, 39.421603 ], [ -79.420569, 39.426624 ], [ -79.418529, 39.427619 ], [ -79.415008, 39.4274 ], [ -79.412414, 39.428936 ], [ -79.411562, 39.430561 ], [ -79.412225, 39.43181 ], [ -79.413461, 39.432846 ], [ -79.41554, 39.436205 ], [ -79.41823, 39.437545 ], [ -79.418439, 39.438696 ], [ -79.417344, 39.440553 ], [ -79.409547, 39.437066 ], [ -79.408433, 39.440321 ], [ -79.407583, 39.451183 ], [ -79.408247, 39.454853 ], [ -79.409138, 39.456279 ], [ -79.409082, 39.457669 ], [ -79.406334, 39.463222 ], [ -79.406294, 39.464672 ], [ -79.404949, 39.466798 ], [ -79.404689, 39.468174 ], [ -79.400467, 39.472862 ], [ -79.396967, 39.480227 ], [ -79.394794, 39.483099 ], [ -79.391195, 39.490086 ], [ -79.391345, 39.492888 ], [ -79.393934, 39.496191 ], [ -79.390132, 39.496458 ], [ -79.386849, 39.495094 ], [ -79.383818, 39.494609 ], [ -79.381003, 39.495519 ], [ -79.379026, 39.495366 ], [ -79.372448, 39.492972 ], [ -79.370916, 39.493056 ], [ -79.369748, 39.494172 ], [ -79.366599, 39.493158 ], [ -79.364358, 39.490541 ], [ -79.363873, 39.488537 ], [ -79.367847, 39.476705 ], [ -79.367973, 39.470912 ], [ -79.369069, 39.468723 ], [ -79.367813, 39.46478 ], [ -79.367468, 39.464387 ], [ -79.366479, 39.464484 ], [ -79.366434, 39.462342 ], [ -79.363042, 39.461794 ], [ -79.357851, 39.456818 ], [ -79.354948, 39.456553 ], [ -79.347898, 39.454132 ], [ -79.344793, 39.449963 ], [ -79.336181, 39.447142 ], [ -79.335562, 39.444603 ], [ -79.33599, 39.440598 ], [ -79.33543, 39.438081 ], [ -79.339114, 39.438749 ], [ -79.342021, 39.437417 ], [ -79.349019, 39.432884 ], [ -79.354962, 39.4311 ], [ -79.357655, 39.431804 ], [ -79.36194, 39.430326 ], [ -79.363872, 39.428665 ], [ -79.365449, 39.425491 ], [ -79.371, 39.420144 ], [ -79.378639, 39.42159 ], [ -79.382948, 39.417649 ], [ -79.387353, 39.416895 ], [ -79.389802, 39.417335 ], [ -79.396458, 39.413141 ], [ -79.39767, 39.410521 ], [ -79.389219, 39.407545 ], [ -79.391219, 39.403959 ], [ -79.391153, 39.403156 ], [ -79.392429, 39.402802 ], [ -79.392981, 39.401024 ], [ -79.394745, 39.399766 ], [ -79.397636, 39.394953 ], [ -79.398371, 39.39504 ], [ -79.405093, 39.385037 ], [ -79.413299, 39.377117 ], [ -79.416206, 39.372191 ], [ -79.418926, 39.364944 ], [ -79.420091, 39.362981 ], [ -79.431111, 39.352458 ], [ -79.434712, 39.347795 ], [ -79.439778, 39.344074 ], [ -79.451537, 39.337849 ], [ -79.457854, 39.330102 ], [ -79.457757, 39.328208 ], [ -79.453598, 39.324078 ], [ -79.450594, 39.318005 ], [ -79.45038, 39.31604 ], [ -79.451234, 39.311625 ], [ -79.454295, 39.308884 ], [ -79.457064, 39.304817 ], [ -79.466368, 39.295539 ], [ -79.469817, 39.293319 ], [ -79.474006, 39.287009 ], [ -79.479066, 39.281107 ], [ -79.481944, 39.279543 ], [ -79.484335, 39.278958 ], [ -79.487122, 39.275453 ], [ -79.48765, 39.279954 ] ] ] } },
{ "type": "Feature", "properties": { "geoid": "24031700820", "state": "Maryland", "county": "Montgomery County", "classification": "Goldilocks", "oztoolclassification": "More likely to attract OZ investment, with larger impact", "composite_score": null, "rank": null, "recommended": 0, "jobs_2022": 1878.0, "povrate_2024": 0.101082, "median_hhincome_2024": 92560.0, "unemprate_2024": 0.006689, "vacancyrate_2024": 0.050934, "stackability_count": 0, "pop_2024": 3548.0, "median_homevalue_2024": 600400.0, "job_density_score": null, "dev_capacity_score": null, "market_momentum_score": null, "poverty_score": null, "income_score": null, "unemployment_score": null, "stackability_score": null, "stage1_result": "Eliminated — Already Attractive" }, "geometry": { "type": "Polygon", "coordinates": [ [ [ -77.240122, 39.139882 ], [ -77.238815, 39.141548 ], [ -77.238662, 39.14365 ], [ -77.23774, 39.146441 ], [ -77.237875, 39.148335 ], [ -77.230552, 39.147136 ], [ -77.223762, 39.143672 ], [ -77.224418, 39.141803 ], [ -77.227561, 39.141716 ], [ -77.228515, 39.140777 ], [ -77.229988, 39.140895 ], [ -77.232101, 39.140224 ], [ -77.233711, 39.140613 ], [ -77.236183, 39.139015 ], [ -77.237457, 39.139617 ], [ -77.240122, 39.139882 ] ] ] } },
{ "type": "Feature", "properties": { "geoid": "24039930101", "state": "Maryland", "county": "Somerset County", "classification": "Goldilocks", "oztoolclassification": "More likely to attract OZ investment, with larger impact", "composite_score": 0.292816, "rank": 172, "recommended": 0, "jobs_2022": 1234.0, "povrate_2024": 0.232957, "median_hhincome_2024": 67857.0, "unemprate_2024": 0.12459, "vacancyrate_2024": 0.293769, "stackability_count": 0, "pop_2024": 6288.0, "median_homevalue_2024": 216600.0, "job_density_score": 0.057885, "dev_capacity_score": 0.068804, "market_momentum_score": 0.716644, "poverty_score": 0.831989, "income_score": 0.41889, "unemployment_score": 0.360536, "stackability_score": 0.0, "stage1_result": "Advances to Scoring" }, "geometry": { "type": "Polygon", "coordinates": [ [ [ -75.70073, 38.209923 ], [ -75.697701, 38.220354 ], [ -75.695762, 38.223961 ], [ -75.68876, 38.230831 ], [ -75.644149, 38.28928 ], [ -75.63769, 38.289359 ], [ -75.635275, 38.288536 ], [ -75.633369, 38.289058 ], [ -75.631344, 38.287846 ], [ -75.629819, 38.285719 ], [ -75.628077, 38.285263 ], [ -75.62649, 38.282553 ], [ -75.612764, 38.278626 ], [ -75.613249, 38.278246 ], [ -75.613067, 38.277575 ], [ -75.611777, 38.276251 ], [ -75.610145, 38.272788 ], [ -75.610557, 38.26681 ], [ -75.607627, 38.262606 ], [ -75.604689, 38.259642 ], [ -75.604605, 38.254195 ], [ -75.605826, 38.249125 ], [ -75.603477, 38.245852 ], [ -75.599868, 38.242369 ], [ -75.596954, 38.237566 ], [ -75.592185, 38.232741 ], [ -75.590887, 38.228171 ], [ -75.588218, 38.225584 ], [ -75.587066, 38.223772 ], [ -75.583739, 38.222144 ], [ -75.576515, 38.220278 ], [ -75.576881, 38.219042 ], [ -75.575706, 38.214522 ], [ -75.575836, 38.211283 ], [ -75.575271, 38.21028 ], [ -75.572677, 38.207987 ], [ -75.567802, 38.20595 ], [ -75.563453, 38.202216 ], [ -75.561157, 38.199423 ], [ -75.559669, 38.1967 ], [ -75.558012, 38.191714 ], [ -75.55603, 38.189684 ], [ -75.552658, 38.187666 ], [ -75.553264, 38.18679 ], [ -75.554216, 38.186439 ], [ -75.556659, 38.186987 ], [ -75.561028, 38.186522 ], [ -75.577885, 38.189895 ], [ -75.577741, 38.189076 ], [ -75.586209, 38.188969 ], [ -75.587969, 38.188485 ], [ -75.594901, 38.19098 ], [ -75.597565, 38.190376 ], [ -75.603911, 38.19015 ], [ -75.610944, 38.194066 ], [ -75.613276, 38.193789 ], [ -75.615163, 38.19142 ], [ -75.618181, 38.190176 ], [ -75.619464, 38.187007 ], [ -75.617463, 38.187083 ], [ -75.615263, 38.18616 ], [ -75.610862, 38.178336 ], [ -75.611791, 38.177956 ], [ -75.612647, 38.175905 ], [ -75.614566, 38.175021 ], [ -75.616836, 38.174875 ], [ -75.619268, 38.173302 ], [ -75.622699, 38.173966 ], [ -75.624091, 38.172902 ], [ -75.626988, 38.171855 ], [ -75.627691, 38.170741 ], [ -75.631556, 38.167535 ], [ -75.634594, 38.16688 ], [ -75.636825, 38.164389 ], [ -75.639746, 38.163076 ], [ -75.640584, 38.162016 ], [ -75.642326, 38.161237 ], [ -75.644052, 38.159134 ], [ -75.649568, 38.156933 ], [ -75.654383, 38.156669 ], [ -75.655574, 38.15597 ], [ -75.656645, 38.15476 ], [ -75.656019, 38.154104 ], [ -75.655406, 38.151719 ], [ -75.656941, 38.150455 ], [ -75.657291, 38.149518 ], [ -75.65508, 38.147921 ], [ -75.659593, 38.144969 ], [ -75.663057, 38.144027 ], [ -75.658986, 38.136865 ], [ -75.683682, 38.155638 ], [ -75.687062, 38.159726 ], [ -75.68902, 38.16541 ], [ -75.689883, 38.1839 ], [ -75.696584, 38.193927 ], [ -75.697747, 38.201067 ], [ -75.700435, 38.207763 ], [ -75.70073, 38.209923 ] ] ] } },
{ "type": "Feature", "properties": { "geoid": "24039930600", "state": "Maryland", "county": "Somerset County", "classification": "Less Likely", "oztoolclassification": "Less likely to attract OZ investment", "composite_score": 0.27147, "rank": 203, "recommended": 0, "jobs_2022": 642.0, "povrate_2024": 0.176471, "median_hhincome_2024": 50440.0, "unemprate_2024": 0.132424, "vacancyrate_2024": 0.296885, "stackability_count": 0, "pop_2024": 2805.0, "median_homevalue_2024": 126300.0, "job_density_score": 0.029934, "dev_capacity_score": 0.068804, "market_momentum_score": 0.716644, "poverty_score": 0.630252, "income_score": 0.573748, "unemployment_score": 0.383204, "stackability_score": 0.0, "stage1_result": "Advances to Scoring" }, "geometry": { "type": "Polygon", "coordinates": [ [ [ -75.902887, 37.976533 ], [ -75.893111, 37.991249 ], [ -75.888964, 38.002928 ], [ -75.878877, 38.013206 ], [ -75.878283, 38.024417 ], [ -75.877096, 38.034228 ], [ -75.877912, 38.049957 ], [ -75.869847, 38.049717 ], [ -75.85089, 38.051658 ], [ -75.84264, 38.029592 ], [ -75.840873, 38.026964 ], [ -75.840634, 38.025706 ], [ -75.841055, 38.024228 ], [ -75.843595, 38.021311 ], [ -75.847846, 38.012261 ], [ -75.848456, 38.010417 ], [ -75.848209, 38.009936 ], [ -75.848702, 38.009715 ], [ -75.849995, 38.006194 ], [ -75.852589, 38.002713 ], [ -75.856147, 37.994765 ], [ -75.854188, 37.994636 ], [ -75.851781, 37.995289 ], [ -75.844578, 37.990723 ], [ -75.842775, 37.991901 ], [ -75.836873, 37.989657 ], [ -75.830325, 37.989211 ], [ -75.829808, 37.99017 ], [ -75.823895, 37.990728 ], [ -75.824739, 37.990349 ], [ -75.824202, 37.989635 ], [ -75.824778, 37.988402 ], [ -75.823366, 37.987461 ], [ -75.824049, 37.986528 ], [ -75.822496, 37.985261 ], [ -75.823283, 37.984512 ], [ -75.822791, 37.983716 ], [ -75.826274, 37.983912 ], [ -75.827316, 37.983403 ], [ -75.827527, 37.985742 ], [ -75.83075, 37.985649 ], [ -75.831132, 37.98341 ], [ -75.832242, 37.982942 ], [ -75.830906, 37.982598 ], [ -75.832152, 37.981566 ], [ -75.831259, 37.98048 ], [ -75.832836, 37.978506 ], [ -75.833893, 37.975914 ], [ -75.833772, 37.975004 ], [ -75.8348, 37.974843 ], [ -75.83606, 37.975976 ], [ -75.840865, 37.972698 ], [ -75.843717, 37.972664 ], [ -75.846458, 37.96582 ], [ -75.847569, 37.965197 ], [ -75.847145, 37.964354 ], [ -75.850646, 37.963027 ], [ -75.852201, 37.961159 ], [ -75.858469, 37.957203 ], [ -75.869643, 37.95513 ], [ -75.879111, 37.95611 ], [ -75.888652, 37.958573 ], [ -75.898485, 37.958824 ], [ -75.901702, 37.968591 ], [ -75.902887, 37.976533 ] ] ] } },
{ "type": "Feature", "properties": { "geoid": "24015030400", "state": "Maryland", "county": "Cecil County", "classification": "Less Likely", "oztoolclassification": "Less likely to attract OZ investment", "composite_score": 0.427787, "rank": 12, "recommended": 1, "jobs_2022": 4172.0, "povrate_2024": 0.257633, "median_hhincome_2024": 43342.0, "unemprate_2024": 0.160613, "vacancyrate_2024": 0.103714, "stackability_count": 1, "pop_2024": 5100.0, "median_homevalue_2024": 237400.0, "job_density_score": 0.196601, "dev_capacity_score": 0.068804, "market_momentum_score": 0.716644, "poverty_score": 0.920118, "income_score": 0.636858, "unemployment_score": 0.464777, "stackability_score": 0.333333, "stage1_result": "Advances to Scoring" }, "geometry": { "type": "Polygon", "coordinates": [ [ [ -75.851974, 39.603543 ], [ -75.850086, 39.606794 ], [ -75.848006, 39.60824 ], [ -75.848248, 39.60921 ], [ -75.847885, 39.609882 ], [ -75.847098, 39.609989 ], [ -75.848015, 39.611183 ], [ -75.848966, 39.611103 ], [ -75.849748, 39.611719 ], [ -75.843482, 39.616684 ], [ -75.83943, 39.618655 ], [ -75.828614, 39.621432 ], [ -75.827897, 39.618559 ], [ -75.827389, 39.618137 ], [ -75.825182, 39.61821 ], [ -75.821649, 39.617148 ], [ -75.819181, 39.617141 ], [ -75.818871, 39.616573 ], [ -75.819932, 39.614763 ], [ -75.819809, 39.613467 ], [ -75.820723, 39.612926 ], [ -75.820495, 39.612526 ], [ -75.816093, 39.612162 ], [ -75.814815, 39.610714 ], [ -75.814784, 39.609944 ], [ -75.815959, 39.608792 ], [ -75.817567, 39.60932 ], [ -75.818694, 39.608785 ], [ -75.821758, 39.608723 ], [ -75.823407, 39.606901 ], [ -75.825927, 39.605122 ], [ -75.826239, 39.602918 ], [ -75.827243, 39.60305 ], [ -75.827373, 39.604706 ], [ -75.828234, 39.605508 ], [ -75.830573, 39.606108 ], [ -75.832, 39.605634 ], [ -75.833249, 39.604532 ], [ -75.833896, 39.602876 ], [ -75.832749, 39.600398 ], [ -75.832949, 39.598559 ], [ -75.835801, 39.596843 ], [ -75.837517, 39.594206 ], [ -75.839874, 39.593232 ], [ -75.841297, 39.593264 ], [ -75.841036, 39.595247 ], [ -75.841557, 39.596024 ], [ -75.841568, 39.598421 ], [ -75.844556, 39.601154 ], [ -75.846504, 39.600272 ], [ -75.848637, 39.597685 ], [ -75.850678, 39.597117 ], [ -75.850794, 39.59897 ], [ -75.849175, 39.600878 ], [ -75.851126, 39.601859 ], [ -75.851974, 39.603543 ] ] ] } },
{ "type": "Feature", "properties": { "geoid": "24021772200", "state": "Maryland", "county": "Frederick County", "classification": "Already Attractive", "oztoolclassification": "Likely to attract capital even without OZ designation", "composite_score": null, "rank": null, "recommended": 0, "jobs_2022": 4108.0, "povrate_2024": 0.347068, "median_hhincome_2024": 68879.0, "unemprate_2024": 0.030858, "vacancyrate_2024": 0.097963, "stackability_count": 1, "pop_2024": 1895.0, "median_homevalue_2024": 441800.0, "job_density_score": null, "dev_capacity_score": null, "market_momentum_score": null, "poverty_score": null, "income_score": null, "unemployment_score": null, "stackability_score": null, "stage1_result": "Eliminated — Already Attractive" }, "geometry": { "type": "Polygon", "coordinates": [ [ [ -77.412024, 39.406118 ], [ -77.411173, 39.412758 ], [ -77.403496, 39.413 ], [ -77.403695, 39.414785 ], [ -77.404276, 39.415508 ], [ -77.396518, 39.418925 ], [ -77.393242, 39.422282 ], [ -77.38508, 39.426909 ], [ -77.38168, 39.428061 ], [ -77.379938, 39.432464 ], [ -77.379039, 39.433463 ], [ -77.378349, 39.431803 ], [ -77.379016, 39.430079 ], [ -77.379373, 39.426675 ], [ -77.378673, 39.425039 ], [ -77.377782, 39.424407 ], [ -77.371757, 39.42593 ], [ -77.370202, 39.428249 ], [ -77.367601, 39.429188 ], [ -77.364309, 39.426399 ], [ -77.362797, 39.424298 ], [ -77.362165, 39.421043 ], [ -77.362652, 39.419237 ], [ -77.36241, 39.417354 ], [ -77.362867, 39.413291 ], [ -77.363135, 39.411956 ], [ -77.363821, 39.41155 ], [ -77.366139, 39.406827 ], [ -77.365334, 39.4007 ], [ -77.366522, 39.398551 ], [ -77.367271, 39.398394 ], [ -77.372249, 39.400607 ], [ -77.379506, 39.402955 ], [ -77.382252, 39.403039 ], [ -77.383902, 39.40424 ], [ -77.386317, 39.404546 ], [ -77.391791, 39.404259 ], [ -77.409347, 39.399854 ], [ -77.412024, 39.406118 ] ] ] } },
{ "type": "Feature", "properties": { "geoid": "24510120202", "state": "Maryland", "county": "Baltimore city", "classification": "Already Attractive", "oztoolclassification": "Likely to attract capital even without OZ designation", "composite_score": 0.420243, "rank": 14, "recommended": 1, "jobs_2022": 9034.0, "povrate_2024": 0.37293, "median_hhincome_2024": 33969.0, "unemprate_2024": 0.073171, "vacancyrate_2024": 0.132982, "stackability_count": 1, "pop_2024": 4915.0, "median_homevalue_2024": 315400.0, "job_density_score": 0.426157, "dev_capacity_score": 0.023741, "market_momentum_score": 0.503724, "poverty_score": 0.668105, "income_score": 0.720195, "unemployment_score": 0.211739, "stackability_score": 0.333333, "stage1_result": "Advances to Scoring" }, "geometry": { "type": "Polygon", "coordinates": [ [ [ -76.625917, 39.331158 ], [ -76.624218, 39.332228 ], [ -76.62376, 39.333934 ], [ -76.624024, 39.336479 ], [ -76.613646, 39.329922 ], [ -76.613226, 39.323381 ], [ -76.619986, 39.32311 ], [ -76.620553, 39.324687 ], [ -76.622124, 39.32537 ], [ -76.623157, 39.326441 ], [ -76.625002, 39.325745 ], [ -76.625348, 39.326224 ], [ -76.62502, 39.328142 ], [ -76.625917, 39.331158 ] ] ] } },
{ "type": "Feature", "properties": { "geoid": "24005404202", "state": "Maryland", "county": "Baltimore County", "classification": "Less Likely", "oztoolclassification": "Less likely to attract OZ investment", "composite_score": 0.220344, "rank": 296, "recommended": 0, "jobs_2022": 4652.0, "povrate_2024": 0.037, "median_hhincome_2024": 61786.0, "unemprate_2024": 0.032554, "vacancyrate_2024": 0.058057, "stackability_count": 0, "pop_2024": 9517.0, "median_homevalue_2024": 398900.0, "job_density_score": 0.219263, "dev_capacity_score": 0.068804, "market_momentum_score": 0.716644, "poverty_score": 0.132143, "income_score": 0.472869, "unemployment_score": 0.094203, "stackability_score": 0.0, "stage1_result": "Advances to Scoring" }, "geometry": { "type": "Polygon", "coordinates": [ [ [ -76.797563, 39.43377 ], [ -76.793576, 39.436007 ], [ -76.791229, 39.436213 ], [ -76.789857, 39.436848 ], [ -76.784313, 39.441549 ], [ -76.784008, 39.442567 ], [ -76.782943, 39.443458 ], [ -76.773628, 39.444661 ], [ -76.767217, 39.44723 ], [ -76.76817, 39.441598 ], [ -76.765195, 39.441684 ], [ -76.762474, 39.437622 ], [ -76.753929, 39.439552 ], [ -76.7518, 39.433958 ], [ -76.753225, 39.433311 ], [ -76.763624, 39.432129 ], [ -76.765897, 39.430619 ], [ -76.765264, 39.429528 ], [ -76.764058, 39.424298 ], [ -76.76127, 39.421921 ], [ -76.769161, 39.416467 ], [ -76.772149, 39.413757 ], [ -76.77929, 39.418759 ], [ -76.797563, 39.43377 ] ] ] } },
{ "type": "Feature", "properties": { "geoid": "24005404502", "state": "Maryland", "county": "Baltimore County", "classification": "Less Likely", "oztoolclassification": "Less likely to attract OZ investment", "composite_score": 0.246998, "rank": 245, "recommended": 0, "jobs_2022": 236.0, "povrate_2024": 0.209821, "median_hhincome_2024": 71944.0, "unemprate_2024": 0.056966, "vacancyrate_2024": 0.127295, "stackability_count": 0, "pop_2024": 3584.0, "median_homevalue_2024": 284200.0, "job_density_score": 0.010765, "dev_capacity_score": 0.068804, "market_momentum_score": 0.716644, "poverty_score": 0.749362, "income_score": 0.382552, "unemployment_score": 0.164845, "stackability_score": 0.0, "stage1_result": "Advances to Scoring" }, "geometry": { "type": "Polygon", "coordinates": [ [ [ -76.814321, 39.447244 ], [ -76.810209, 39.449874 ], [ -76.805949, 39.450284 ], [ -76.802626, 39.452032 ], [ -76.801449, 39.451624 ], [ -76.797558, 39.452428 ], [ -76.799459, 39.443433 ], [ -76.801424, 39.44391 ], [ -76.80198, 39.442557 ], [ -76.801765, 39.441497 ], [ -76.806284, 39.440705 ], [ -76.814321, 39.447244 ] ] ] } },
{ "type": "Feature", "properties": { "geoid": "24005404201", "state": "Maryland", "county": "Baltimore County", "classification": "Less Likely", "oztoolclassification": "Less likely to attract OZ investment", "composite_score": 0.222127, "rank": 292, "recommended": 0, "jobs_2022": 469.0, "povrate_2024": 0.115378, "median_hhincome_2024": 80379.0, "unemprate_2024": 0.186224, "vacancyrate_2024": 0.054694, "stackability_count": 0, "pop_2024": 5807.0, "median_homevalue_2024": 349100.0, "job_density_score": 0.021766, "dev_capacity_score": 0.068804, "market_momentum_score": 0.716644, "poverty_score": 0.412064, "income_score": 0.307555, "unemployment_score": 0.538889, "stackability_score": 0.0, "stage1_result": "Advances to Scoring" }, "geometry": { "type": "Polygon", "coordinates": [ [ [ -76.806255, 39.440729 ], [ -76.801765, 39.441497 ], [ -76.80198, 39.442557 ], [ -76.801424, 39.44391 ], [ -76.799459, 39.443433 ], [ -76.797544, 39.4522 ], [ -76.797966, 39.455317 ], [ -76.794931, 39.453464 ], [ -76.789317, 39.451454 ], [ -76.786395, 39.449457 ], [ -76.784101, 39.446447 ], [ -76.783305, 39.443222 ], [ -76.784313, 39.441549 ], [ -76.789857, 39.436848 ], [ -76.791229, 39.436213 ], [ -76.793576, 39.436007 ], [ -76.797619, 39.433733 ], [ -76.806255, 39.440729 ] ] ] } },
{ "type": "Feature", "properties": { "geoid": "24015030505", "state": "Maryland", "county": "Cecil County", "classification": "Goldilocks", "oztoolclassification": "More likely to attract OZ investment, with larger impact", "composite_score": 0.26685, "rank": 209, "recommended": 0, "jobs_2022": 2823.0, "povrate_2024": 0.213147, "median_hhincome_2024": 89439.0, "unemprate_2024": 0.043934, "vacancyrate_2024": 0.041444, "stackability_count": 0, "pop_2024": 3710.0, "median_homevalue_2024": 290400.0, "job_density_score": 0.132908, "dev_capacity_score": 0.068804, "market_momentum_score": 0.716644, "poverty_score": 0.761239, "income_score": 0.227001, "unemployment_score": 0.127135, "stackability_score": 0.0, "stage1_result": "Advances to Scoring" }, "geometry": { "type": "Polygon", "coordinates": [ [ [ -75.855837, 39.584255 ], [ -75.854301, 39.589775 ], [ -75.852541, 39.590303 ], [ -75.848157, 39.590447 ], [ -75.843597, 39.593167 ], [ -75.839874, 39.593232 ], [ -75.837517, 39.594206 ], [ -75.835801, 39.596843 ], [ -75.832949, 39.598559 ], [ -75.832749, 39.600398 ], [ -75.83371, 39.602053 ], [ -75.823003, 39.598856 ], [ -75.819102, 39.598305 ], [ -75.814914, 39.598371 ], [ -75.810457, 39.599187 ], [ -75.790175, 39.605415 ], [ -75.785127, 39.606411 ], [ -75.782356, 39.572296 ], [ -75.784706, 39.571357 ], [ -75.810849, 39.565879 ], [ -75.814229, 39.571038 ], [ -75.815971, 39.569743 ], [ -75.817285, 39.570229 ], [ -75.817564, 39.571023 ], [ -75.820384, 39.570177 ], [ -75.822353, 39.571465 ], [ -75.823638, 39.569766 ], [ -75.826624, 39.569561 ], [ -75.826578, 39.567601 ], [ -75.827962, 39.566453 ], [ -75.829127, 39.566362 ], [ -75.829044, 39.56559 ], [ -75.830148, 39.566153 ], [ -75.833263, 39.566489 ], [ -75.833351, 39.567149 ], [ -75.836116, 39.568717 ], [ -75.840323, 39.568071 ], [ -75.843909, 39.565738 ], [ -75.845487, 39.56551 ], [ -75.847827, 39.565974 ], [ -75.848743, 39.5652 ], [ -75.848301, 39.566735 ], [ -75.843389, 39.574879 ], [ -75.841889, 39.576431 ], [ -75.841912, 39.577302 ], [ -75.842349, 39.577526 ], [ -75.840908, 39.578496 ], [ -75.841866, 39.578626 ], [ -75.841428, 39.580032 ], [ -75.844749, 39.581583 ], [ -75.847213, 39.582095 ], [ -75.854479, 39.582027 ], [ -75.855715, 39.582995 ], [ -75.855837, 39.584255 ] ] ] } },
{ "type": "Feature", "properties": { "geoid": "24033800209", "state": "Maryland", "county": "Prince George's County", "classification": "Less Likely", "oztoolclassification": "Less likely to attract OZ investment", "composite_score": 0.228593, "rank": 280, "recommended": 0, "jobs_2022": 357.0, "povrate_2024": 0.139355, "median_hhincome_2024": 59096.0, "unemprate_2024": 0.083785, "vacancyrate_2024": 0.009065, "stackability_count": 0, "pop_2024": 4161.0, "median_homevalue_2024": 296200.0, "job_density_score": 0.016478, "dev_capacity_score": 0.068804, "market_momentum_score": 0.716644, "poverty_score": 0.497695, "income_score": 0.496786, "unemployment_score": 0.242455, "stackability_score": 0.0, "stage1_result": "Advances to Scoring" }, "geometry": { "type": "Polygon", "coordinates": [ [ [ -76.860711, 39.078767 ], [ -76.853924, 39.083784 ], [ -76.847427, 39.095304 ], [ -76.846502, 39.09494 ], [ -76.845761, 39.093811 ], [ -76.843898, 39.092936 ], [ -76.846803, 39.08801 ], [ -76.848159, 39.08036 ], [ -76.851208, 39.081308 ], [ -76.853956, 39.081297 ], [ -76.856594, 39.080747 ], [ -76.858854, 39.07882 ], [ -76.860711, 39.078767 ] ] ] } },
{ "type": "Feature", "properties": { "geoid": "24033800210", "state": "Maryland", "county": "Prince George's County", "classification": "Less Likely", "oztoolclassification": "Less likely to attract OZ investment", "composite_score": null, "rank": null, "recommended": 0, "jobs_2022": 252.0, "povrate_2024": 0.07223, "median_hhincome_2024": 79306.0, "unemprate_2024": 0.051724, "vacancyrate_2024": 0.119658, "stackability_count": 0, "pop_2024": 3483.0, "median_homevalue_2024": 517900.0, "job_density_score": null, "dev_capacity_score": null, "market_momentum_score": null, "poverty_score": null, "income_score": null, "unemployment_score": null, "stackability_score": null, "stage1_result": "Eliminated — Already Attractive" }, "geometry": { "type": "Polygon", "coordinates": [ [ [ -76.865593, 39.075539 ], [ -76.860711, 39.078767 ], [ -76.858427, 39.07901 ], [ -76.856466, 39.080798 ], [ -76.851392, 39.081322 ], [ -76.848159, 39.08036 ], [ -76.848693, 39.076244 ], [ -76.847862, 39.073663 ], [ -76.859076, 39.073293 ], [ -76.865593, 39.075539 ] ] ] } },
{ "type": "Feature", "properties": { "geoid": "24510160100", "state": "Maryland", "county": "Baltimore city", "classification": "Already Attractive", "oztoolclassification": "Likely to attract capital even without OZ designation", "composite_score": 0.364293, "rank": 62, "recommended": 1, "jobs_2022": 17.0, "povrate_2024": 0.343476, "median_hhincome_2024": 18750.0, "unemprate_2024": 0.021789, "vacancyrate_2024": 0.225464, "stackability_count": 1, "pop_2024": 2169.0, "median_homevalue_2024": 126300.0, "job_density_score": 0.000425, "dev_capacity_score": 0.353112, "market_momentum_score": 0.652021, "poverty_score": 0.773299, "income_score": 0.855509, "unemployment_score": 0.063052, "stackability_score": 0.333333, "stage1_result": "Advances to Scoring" }, "geometry": { "type": "Polygon", "coordinates": [ [ [ -76.638967, 39.303378 ], [ -76.636829, 39.303421 ], [ -76.631922, 39.294458 ], [ -76.638462, 39.294189 ], [ -76.638967, 39.303378 ] ] ] } },
{ "type": "Feature", "properties": { "geoid": "24510130200", "state": "Maryland", "county": "Baltimore city", "classification": "Less Likely", "oztoolclassification": "Less likely to attract OZ investment", "composite_score": 0.261351, "rank": 221, "recommended": 0, "jobs_2022": 84.0, "povrate_2024": 0.089427, "median_hhincome_2024": 59194.0, "unemprate_2024": 0.074708, "vacancyrate_2024": 0.204215, "stackability_count": 1, "pop_2024": 2026.0, "median_homevalue_2024": 353200.0, "job_density_score": 0.003588, "dev_capacity_score": 0.131291, "market_momentum_score": 0.797256, "poverty_score": 0.319382, "income_score": 0.495915, "unemployment_score": 0.216188, "stackability_score": 0.333333, "stage1_result": "Advances to Scoring" }, "geometry": { "type": "Polygon", "coordinates": [ [ [ -76.636683, 39.313246 ], [ -76.634316, 39.314401 ], [ -76.631412, 39.314419 ], [ -76.631388, 39.313644 ], [ -76.629731, 39.313699 ], [ -76.627862, 39.314749 ], [ -76.625574, 39.312345 ], [ -76.623277, 39.310848 ], [ -76.633896, 39.310335 ], [ -76.636683, 39.313246 ] ] ] } },
{ "type": "Feature", "properties": { "geoid": "24510130400", "state": "Maryland", "county": "Baltimore city", "classification": "Less Likely", "oztoolclassification": "Less likely to attract OZ investment", "composite_score": 0.366928, "rank": 56, "recommended": 1, "jobs_2022": 398.0, "povrate_2024": 0.281495, "median_hhincome_2024": 41563.0, "unemprate_2024": 0.072335, "vacancyrate_2024": 0.247934, "stackability_count": 1, "pop_2024": 1661.0, "median_homevalue_2024": 150000.0, "job_density_score": 0.018414, "dev_capacity_score": 0.137208, "market_momentum_score": 0.637261, "poverty_score": 0.994661, "income_score": 0.652675, "unemployment_score": 0.209321, "stackability_score": 0.333333, "stage1_result": "Advances to Scoring" }, "geometry": { "type": "Polygon", "coordinates": [ [ [ -76.657528, 39.325453 ], [ -76.656614, 39.326375 ], [ -76.655296, 39.329326 ], [ -76.654032, 39.330291 ], [ -76.651891, 39.331051 ], [ -76.646191, 39.329905 ], [ -76.644891, 39.330905 ], [ -76.644591, 39.329705 ], [ -76.642788, 39.329658 ], [ -76.641762, 39.327965 ], [ -76.640014, 39.326736 ], [ -76.635796, 39.32559 ], [ -76.633104, 39.323863 ], [ -76.630536, 39.32003 ], [ -76.62943, 39.317081 ], [ -76.636903, 39.316914 ], [ -76.639406, 39.315838 ], [ -76.641849, 39.314032 ], [ -76.643631, 39.315793 ], [ -76.646316, 39.313248 ], [ -76.652155, 39.318185 ], [ -76.657528, 39.325453 ] ] ] } },
{ "type": "Feature", "properties": { "geoid": "24510130804", "state": "Maryland", "county": "Baltimore city", "classification": "Less Likely", "oztoolclassification": "Less likely to attract OZ investment", "composite_score": 0.24914, "rank": 241, "recommended": 0, "jobs_2022": 1283.0, "povrate_2024": 0.149508, "median_hhincome_2024": 71250.0, "unemprate_2024": 0.026532, "vacancyrate_2024": 0.081197, "stackability_count": 1, "pop_2024": 1525.0, "median_homevalue_2024": 242900.0, "job_density_score": 0.060198, "dev_capacity_score": 0.070827, "market_momentum_score": 0.474726, "poverty_score": 0.533958, "income_score": 0.388722, "unemployment_score": 0.076779, "stackability_score": 0.333333, "stage1_result": "Advances to Scoring" }, "geometry": { "type": "Polygon", "coordinates": [ [ [ -76.644476, 39.33482 ], [ -76.637361, 39.337635 ], [ -76.636612, 39.336424 ], [ -76.634397, 39.328918 ], [ -76.633105, 39.326724 ], [ -76.6343, 39.324737 ], [ -76.640282, 39.326971 ], [ -76.641774, 39.33125 ], [ -76.644476, 39.33482 ] ] ] } },
{ "type": "Feature", "properties": { "geoid": "24015030507", "state": "Maryland", "county": "Cecil County", "classification": "Less Likely", "oztoolclassification": "Less likely to attract OZ investment", "composite_score": 0.22351, "rank": 287, "recommended": 0, "jobs_2022": 146.0, "povrate_2024": 0.172009, "median_hhincome_2024": 66445.0, "unemprate_2024": 0.027397, "vacancyrate_2024": 0.0, "stackability_count": 0, "pop_2024": 3837.0, "median_homevalue_2024": 361200.0, "job_density_score": 0.006516, "dev_capacity_score": 0.068804, "market_momentum_score": 0.716644, "poverty_score": 0.614319, "income_score": 0.431445, "unemployment_score": 0.079281, "stackability_score": 0.0, "stage1_result": "Advances to Scoring" }, "geometry": { "type": "Polygon", "coordinates": [ [ [ -75.824168, 39.617693 ], [ -75.817469, 39.622622 ], [ -75.796875, 39.640233 ], [ -75.787775, 39.639005 ], [ -75.785127, 39.606411 ], [ -75.789502, 39.605574 ], [ -75.791818, 39.610799 ], [ -75.792296, 39.619694 ], [ -75.816291, 39.612192 ], [ -75.820495, 39.612526 ], [ -75.820723, 39.612926 ], [ -75.819809, 39.613467 ], [ -75.819932, 39.614763 ], [ -75.818871, 39.616573 ], [ -75.819181, 39.617141 ], [ -75.824168, 39.617693 ] ] ] } },
{ "type": "Feature", "properties": { "geoid": "24031700819", "state": "Maryland", "county": "Montgomery County", "classification": "Less Likely", "oztoolclassification": "Less likely to attract OZ investment", "composite_score": null, "rank": null, "recommended": 0, "jobs_2022": 346.0, "povrate_2024": 0.046934, "median_hhincome_2024": 103155.0, "unemprate_2024": 0.029301, "vacancyrate_2024": 0.040681, "stackability_count": 1, "pop_2024": 6669.0, "median_homevalue_2024": 379600.0, "job_density_score": null, "dev_capacity_score": null, "market_momentum_score": null, "poverty_score": null, "income_score": null, "unemployment_score": null, "stackability_score": null, "stage1_result": "Eliminated — Already Attractive" }, "geometry": { "type": "Polygon", "coordinates": [ [ [ -77.261116, 39.173278 ], [ -77.260215, 39.1749 ], [ -77.255577, 39.175479 ], [ -77.250335, 39.17406 ], [ -77.247012, 39.175193 ], [ -77.24078, 39.16592 ], [ -77.238374, 39.163911 ], [ -77.232662, 39.160813 ], [ -77.235725, 39.159812 ], [ -77.236808, 39.159931 ], [ -77.236793, 39.160434 ], [ -77.237922, 39.160888 ], [ -77.243339, 39.161235 ], [ -77.244903, 39.16069 ], [ -77.244567, 39.160289 ], [ -77.244979, 39.160068 ], [ -77.244995, 39.160419 ], [ -77.24517, 39.160026 ], [ -77.247375, 39.15966 ], [ -77.24794, 39.158931 ], [ -77.251144, 39.160213 ], [ -77.258026, 39.161865 ], [ -77.255698, 39.163185 ], [ -77.254596, 39.164735 ], [ -77.254762, 39.166339 ], [ -77.255309, 39.166848 ], [ -77.255274, 39.167732 ], [ -77.256233, 39.167831 ], [ -77.257171, 39.169223 ], [ -77.258689, 39.17007 ], [ -77.261116, 39.173278 ] ] ] } },
{ "type": "Feature", "properties": { "geoid": "24005402403", "state": "Maryland", "county": "Baltimore County", "classification": "Goldilocks", "oztoolclassification": "More likely to attract OZ investment, with larger impact", "composite_score": 0.265874, "rank": 211, "recommended": 0, "jobs_2022": 125.0, "povrate_2024": 0.146009, "median_hhincome_2024": 64976.0, "unemprate_2024": 0.050218, "vacancyrate_2024": 0.042745, "stackability_count": 1, "pop_2024": 2141.0, "median_homevalue_2024": 258200.0, "job_density_score": 0.005524, "dev_capacity_score": 0.068804, "market_momentum_score": 0.716644, "poverty_score": 0.521462, "income_score": 0.444506, "unemployment_score": 0.14532, "stackability_score": 0.333333, "stage1_result": "Advances to Scoring" }, "geometry": { "type": "Polygon", "coordinates": [ [ [ -76.728324, 39.327131 ], [ -76.726047, 39.327691 ], [ -76.726485, 39.332355 ], [ -76.725015, 39.333928 ], [ -76.725526, 39.335851 ], [ -76.72746, 39.338546 ], [ -76.727293, 39.342569 ], [ -76.711025, 39.336333 ], [ -76.711462, 39.334573 ], [ -76.711391, 39.327216 ], [ -76.712836, 39.325029 ], [ -76.714961, 39.324896 ], [ -76.716453, 39.325906 ], [ -76.718368, 39.326301 ], [ -76.719404, 39.325878 ], [ -76.720873, 39.324252 ], [ -76.723782, 39.323336 ], [ -76.726748, 39.323744 ], [ -76.728324, 39.327131 ] ] ] } },
{ "type": "Feature", "properties": { "geoid": "24033803508", "state": "Maryland", "county": "Prince George's County", "classification": "Less Likely", "oztoolclassification": "Less likely to attract OZ investment", "composite_score": null, "rank": null, "recommended": 0, "jobs_2022": 418.0, "povrate_2024": 0.260193, "median_hhincome_2024": 76719.0, "unemprate_2024": 0.071106, "vacancyrate_2024": 0.012376, "stackability_count": 2, "pop_2024": 3743.0, "median_homevalue_2024": 366500.0, "job_density_score": null, "dev_capacity_score": null, "market_momentum_score": null, "poverty_score": null, "income_score": null, "unemployment_score": null, "stackability_score": null, "stage1_result": "Eliminated — Already Attractive" }, "geometry": { "type": "Polygon", "coordinates": [ [ [ -76.874283, 38.926408 ], [ -76.869956, 38.930685 ], [ -76.864011, 38.934464 ], [ -76.860973, 38.933176 ], [ -76.860602, 38.932528 ], [ -76.86123, 38.931559 ], [ -76.860687, 38.931273 ], [ -76.859649, 38.9321 ], [ -76.856685, 38.932419 ], [ -76.855037, 38.933103 ], [ -76.854032, 38.925138 ], [ -76.851808, 38.9172 ], [ -76.855979, 38.917047 ], [ -76.859696, 38.917879 ], [ -76.869193, 38.923809 ], [ -76.874283, 38.926408 ] ] ] } },
{ "type": "Feature", "properties": { "geoid": "24033803509", "state": "Maryland", "county": "Prince George's County", "classification": "Already Attractive", "oztoolclassification": "Likely to attract capital even without OZ designation", "composite_score": null, "rank": null, "recommended": 0, "jobs_2022": 2679.0, "povrate_2024": 0.276069, "median_hhincome_2024": 72042.0, "unemprate_2024": 0.045303, "vacancyrate_2024": 0.061074, "stackability_count": 2, "pop_2024": 3854.0, "median_homevalue_2024": 395200.0, "job_density_score": null, "dev_capacity_score": null, "market_momentum_score": null, "poverty_score": null, "income_score": null, "unemployment_score": null, "stackability_score": null, "stage1_result": "Eliminated — Already Attractive" }, "geometry": { "type": "Polygon", "coordinates": [ [ [ -76.897604, 38.930543 ], [ -76.887415, 38.937302 ], [ -76.886982, 38.937101 ], [ -76.884457, 38.938762 ], [ -76.885025, 38.938988 ], [ -76.883456, 38.941442 ], [ -76.880831, 38.943433 ], [ -76.880027, 38.941458 ], [ -76.882579, 38.939778 ], [ -76.882762, 38.939039 ], [ -76.88534, 38.936892 ], [ -76.882758, 38.935828 ], [ -76.872134, 38.936907 ], [ -76.869666, 38.935075 ], [ -76.869681, 38.934179 ], [ -76.867608, 38.932184 ], [ -76.871046, 38.929829 ], [ -76.874343, 38.926279 ], [ -76.879343, 38.927446 ], [ -76.888678, 38.926776 ], [ -76.897604, 38.930543 ] ] ] } },
{ "type": "Feature", "properties": { "geoid": "24005403402", "state": "Maryland", "county": "Baltimore County", "classification": "Goldilocks", "oztoolclassification": "More likely to attract OZ investment, with larger impact", "composite_score": 0.341915, "rank": 90, "recommended": 1, "jobs_2022": 6197.0, "povrate_2024": 0.188868, "median_hhincome_2024": 47439.0, "unemprate_2024": 0.056627, "vacancyrate_2024": 0.025019, "stackability_count": 0, "pop_2024": 4841.0, "median_homevalue_2024": 219600.0, "job_density_score": 0.29221, "dev_capacity_score": 0.068804, "market_momentum_score": 0.716644, "poverty_score": 0.674527, "income_score": 0.60043, "unemployment_score": 0.163866, "stackability_score": 0.0, "stage1_result": "Advances to Scoring" }, "geometry": { "type": "Polygon", "coordinates": [ [ [ -76.734036, 39.384835 ], [ -76.729996, 39.387559 ], [ -76.722532, 39.389909 ], [ -76.718055, 39.383461 ], [ -76.71696, 39.379959 ], [ -76.713194, 39.377402 ], [ -76.711313, 39.371933 ], [ -76.711186, 39.354383 ], [ -76.717927, 39.356392 ], [ -76.719496, 39.35756 ], [ -76.721526, 39.363124 ], [ -76.727446, 39.368204 ], [ -76.720212, 39.371485 ], [ -76.725179, 39.377003 ], [ -76.734036, 39.384835 ] ] ] } },
{ "type": "Feature", "properties": { "geoid": "24033805601", "state": "Maryland", "county": "Prince George's County", "classification": "Less Likely", "oztoolclassification": "Less likely to attract OZ investment", "composite_score": 0.287068, "rank": 180, "recommended": 0, "jobs_2022": 868.0, "povrate_2024": 0.406741, "median_hhincome_2024": 61023.0, "unemprate_2024": 0.064354, "vacancyrate_2024": 0.047032, "stackability_count": 1, "pop_2024": 6662.0, "median_homevalue_2024": 452700.0, "job_density_score": 0.040604, "dev_capacity_score": 0.068804, "market_momentum_score": 0.716644, "poverty_score": 0.547353, "income_score": 0.479653, "unemployment_score": 0.186225, "stackability_score": 0.333333, "stage1_result": "Advances to Scoring" }, "geometry": { "type": "Polygon", "coordinates": [ [ [ -76.990676, 38.993021 ], [ -76.988334, 38.993429 ], [ -76.986667, 38.99305 ], [ -76.984888, 38.996446 ], [ -76.981839, 38.995374 ], [ -76.981094, 38.9948 ], [ -76.982145, 38.993719 ], [ -76.982261, 38.992438 ], [ -76.98437, 38.992442 ], [ -76.984027, 38.988714 ], [ -76.983155, 38.98806 ], [ -76.978694, 38.987377 ], [ -76.979232, 38.986117 ], [ -76.977476, 38.985256 ], [ -76.979382, 38.984005 ], [ -76.980616, 38.984689 ], [ -76.987795, 38.989099 ], [ -76.991098, 38.992405 ], [ -76.990676, 38.993021 ] ] ] } },
{ "type": "Feature", "properties": { "geoid": "24033805602", "state": "Maryland", "county": "Prince George's County", "classification": "Less Likely", "oztoolclassification": "Less likely to attract OZ investment", "composite_score": 0.299506, "rank": 163, "recommended": 0, "jobs_2022": 262.0, "povrate_2024": 0.341253, "median_hhincome_2024": 86289.0, "unemprate_2024": 0.10065, "vacancyrate_2024": 0.0, "stackability_count": 1, "pop_2024": 6200.0, "median_homevalue_2024": 213300.0, "job_density_score": 0.011992, "dev_capacity_score": 0.068804, "market_momentum_score": 0.716644, "poverty_score": 0.781239, "income_score": 0.255008, "unemployment_score": 0.29126, "stackability_score": 0.333333, "stage1_result": "Advances to Scoring" }, "geometry": { "type": "Polygon", "coordinates": [ [ [ -76.984103, 38.988918 ], [ -76.98437, 38.992442 ], [ -76.981445, 38.99246 ], [ -76.97909, 38.991877 ], [ -76.979594, 38.990587 ], [ -76.979346, 38.989717 ], [ -76.975669, 38.987022 ], [ -76.977476, 38.985256 ], [ -76.979232, 38.986117 ], [ -76.978694, 38.987377 ], [ -76.983434, 38.98815 ], [ -76.984103, 38.988918 ] ] ] } },
{ "type": "Feature", "properties": { "geoid": "24021753002", "state": "Maryland", "county": "Frederick County", "classification": "Less Likely", "oztoolclassification": "Less likely to attract OZ investment", "composite_score": 0.217984, "rank": 297, "recommended": 0, "jobs_2022": 1870.0, "povrate_2024": 0.15497, "median_hhincome_2024": 84931.0, "unemprate_2024": 0.008475, "vacancyrate_2024": 0.077909, "stackability_count": 0, "pop_2024": 2470.0, "median_homevalue_2024": 309200.0, "job_density_score": 0.087913, "dev_capacity_score": 0.068804, "market_momentum_score": 0.716644, "poverty_score": 0.553463, "income_score": 0.267082, "unemployment_score": 0.024523, "stackability_score": 0.0, "stage1_result": "Advances to Scoring" }, "geometry": { "type": "Polygon", "coordinates": [ [ [ -77.414246, 39.643662 ], [ -77.410848, 39.644835 ], [ -77.406269, 39.648537 ], [ -77.400873, 39.650546 ], [ -77.399563, 39.651563 ], [ -77.398094, 39.648237 ], [ -77.39694, 39.647845 ], [ -77.394182, 39.64797 ], [ -77.389969, 39.649864 ], [ -77.389322, 39.649988 ], [ -77.389013, 39.649486 ], [ -77.386524, 39.649885 ], [ -77.386071, 39.649109 ], [ -77.386439, 39.647359 ], [ -77.387927, 39.646214 ], [ -77.390755, 39.642146 ], [ -77.393185, 39.641465 ], [ -77.393784, 39.640805 ], [ -77.39312, 39.640295 ], [ -77.390294, 39.63997 ], [ -77.387391, 39.63858 ], [ -77.385978, 39.639057 ], [ -77.38382, 39.638266 ], [ -77.379275, 39.638615 ], [ -77.378133, 39.637714 ], [ -77.377381, 39.636182 ], [ -77.374303, 39.633795 ], [ -77.372521, 39.633637 ], [ -77.371541, 39.632885 ], [ -77.370396, 39.63058 ], [ -77.365241, 39.630209 ], [ -77.365027, 39.629243 ], [ -77.365901, 39.62672 ], [ -77.366586, 39.624967 ], [ -77.367312, 39.624381 ], [ -77.366795, 39.623763 ], [ -77.364879, 39.623334 ], [ -77.367119, 39.623066 ], [ -77.369334, 39.620364 ], [ -77.372418, 39.619218 ], [ -77.372968, 39.618227 ], [ -77.375596, 39.616598 ], [ -77.37882, 39.615929 ], [ -77.379504, 39.615192 ], [ -77.382238, 39.614404 ], [ -77.384065, 39.6142 ], [ -77.396522, 39.61545 ], [ -77.398503, 39.617822 ], [ -77.401034, 39.6197 ], [ -77.407026, 39.622518 ], [ -77.411583, 39.623698 ], [ -77.410732, 39.625871 ], [ -77.410666, 39.637774 ], [ -77.411265, 39.639531 ], [ -77.413217, 39.640577 ], [ -77.414246, 39.643662 ] ] ] } },
{ "type": "Feature", "properties": { "geoid": "24033805700", "state": "Maryland", "county": "Prince George's County", "classification": "Less Likely", "oztoolclassification": "Less likely to attract OZ investment", "composite_score": 0.251591, "rank": 237, "recommended": 0, "jobs_2022": 296.0, "povrate_2024": 0.167922, "median_hhincome_2024": 95985.0, "unemprate_2024": 0.046449, "vacancyrate_2024": 0.0, "stackability_count": 1, "pop_2024": 6927.0, "median_homevalue_2024": 344700.0, "job_density_score": 0.013598, "dev_capacity_score": 0.068804, "market_momentum_score": 0.716644, "poverty_score": 0.599722, "income_score": 0.168799, "unemployment_score": 0.134413, "stackability_score": 0.333333, "stage1_result": "Advances to Scoring" }, "geometry": { "type": "Polygon", "coordinates": [ [ [ -76.990676, 38.993021 ], [ -76.983629, 39.002267 ], [ -76.979702, 38.999154 ], [ -76.977098, 38.995194 ], [ -76.977039, 38.994011 ], [ -76.975199, 38.992743 ], [ -76.972032, 38.992367 ], [ -76.968251, 38.98984 ], [ -76.972787, 38.984068 ], [ -76.978294, 38.983641 ], [ -76.979382, 38.984005 ], [ -76.976639, 38.985703 ], [ -76.975669, 38.987022 ], [ -76.979346, 38.989717 ], [ -76.979594, 38.990587 ], [ -76.97909, 38.991877 ], [ -76.982261, 38.992438 ], [ -76.982145, 38.993719 ], [ -76.981094, 38.9948 ], [ -76.98141, 38.995065 ], [ -76.984888, 38.996446 ], [ -76.986667, 38.99305 ], [ -76.988334, 38.993429 ], [ -76.990676, 38.993021 ] ] ] } },
{ "type": "Feature", "properties": { "geoid": "24033805802", "state": "Maryland", "county": "Prince George's County", "classification": "Goldilocks", "oztoolclassification": "More likely to attract OZ investment, with larger impact", "composite_score": null, "rank": null, "recommended": 0, "jobs_2022": 230.0, "povrate_2024": 0.067048, "median_hhincome_2024": 125144.0, "unemprate_2024": 0.060876, "vacancyrate_2024": 0.016168, "stackability_count": 1, "pop_2024": 4447.0, "median_homevalue_2024": 382600.0, "job_density_score": null, "dev_capacity_score": null, "market_momentum_score": null, "poverty_score": null, "income_score": null, "unemployment_score": null, "stackability_score": null, "stage1_result": "Eliminated — Already Attractive" }, "geometry": { "type": "Polygon", "coordinates": [ [ [ -76.979617, 38.972272 ], [ -76.979399, 38.974401 ], [ -76.978409, 38.976295 ], [ -76.978556, 38.978731 ], [ -76.972787, 38.984068 ], [ -76.971478, 38.984202 ], [ -76.970822, 38.978961 ], [ -76.971746, 38.977271 ], [ -76.971662, 38.97267 ], [ -76.972699, 38.970696 ], [ -76.972905, 38.969046 ], [ -76.968628, 38.967862 ], [ -76.96911, 38.966803 ], [ -76.970258, 38.966419 ], [ -76.971155, 38.964988 ], [ -76.970705, 38.96334 ], [ -76.974915, 38.966999 ], [ -76.979617, 38.972272 ] ] ] } },
{ "type": "Feature", "properties": { "geoid": "24033806000", "state": "Maryland", "county": "Prince George's County", "classification": "Already Attractive", "oztoolclassification": "Likely to attract capital even without OZ designation", "composite_score": null, "rank": null, "recommended": 0, "jobs_2022": 1147.0, "povrate_2024": 0.138031, "median_hhincome_2024": 91493.0, "unemprate_2024": 0.019715, "vacancyrate_2024": 0.011446, "stackability_count": 1, "pop_2024": 6216.0, "median_homevalue_2024": 442400.0, "job_density_score": null, "dev_capacity_score": null, "market_momentum_score": null, "poverty_score": null, "income_score": null, "unemployment_score": null, "stackability_score": null, "stage1_result": "Eliminated — Already Attractive" }, "geometry": { "type": "Polygon", "coordinates": [ [ [ -76.971164, 38.964846 ], [ -76.970691, 38.965974 ], [ -76.96915, 38.966762 ], [ -76.968628, 38.967862 ], [ -76.964305, 38.967193 ], [ -76.948481, 38.966431 ], [ -76.96227, 38.955892 ], [ -76.963616, 38.956123 ], [ -76.966211, 38.955646 ], [ -76.969604, 38.96194 ], [ -76.970851, 38.963261 ], [ -76.971164, 38.964846 ] ] ] } },
{ "type": "Feature", "properties": { "geoid": "24033800217", "state": "Maryland", "county": "Prince George's County", "classification": "Less Likely", "oztoolclassification": "Less likely to attract OZ investment", "composite_score": null, "rank": null, "recommended": 0, "jobs_2022": 375.0, "povrate_2024": 0.118197, "median_hhincome_2024": 106706.0, "unemprate_2024": 0.096965, "vacancyrate_2024": 0.065947, "stackability_count": 0, "pop_2024": 4371.0, "median_homevalue_2024": 483000.0, "job_density_score": null, "dev_capacity_score": null, "market_momentum_score": null, "poverty_score": null, "income_score": null, "unemployment_score": null, "stackability_score": null, "stage1_result": "Eliminated — Already Attractive" }, "geometry": { "type": "Polygon", "coordinates": [ [ [ -76.861686, 39.049657 ], [ -76.859108, 39.051476 ], [ -76.857045, 39.054029 ], [ -76.855283, 39.05528 ], [ -76.854072, 39.055693 ], [ -76.851727, 39.054878 ], [ -76.848841, 39.058272 ], [ -76.849742, 39.058879 ], [ -76.84987, 39.060296 ], [ -76.847768, 39.062968 ], [ -76.847756, 39.065134 ], [ -76.84708, 39.066659 ], [ -76.847647, 39.067746 ], [ -76.845182, 39.068553 ], [ -76.843155, 39.070084 ], [ -76.84184, 39.06895 ], [ -76.839738, 39.06535 ], [ -76.839374, 39.060181 ], [ -76.838647, 39.058711 ], [ -76.842257, 39.051007 ], [ -76.850328, 39.037058 ], [ -76.850829, 39.037249 ], [ -76.850457, 39.03871 ], [ -76.852439, 39.040681 ], [ -76.85324, 39.042244 ], [ -76.85351, 39.046859 ], [ -76.861686, 39.049657 ] ] ] } },
{ "type": "Feature", "properties": { "geoid": "24033800218", "state": "Maryland", "county": "Prince George's County", "classification": "Goldilocks", "oztoolclassification": "More likely to attract OZ investment, with larger impact", "composite_score": null, "rank": null, "recommended": 0, "jobs_2022": 1940.0, "povrate_2024": 0.212983, "median_hhincome_2024": 85000.0, "unemprate_2024": 0.056898, "vacancyrate_2024": 0.01063, "stackability_count": 0, "pop_2024": 6856.0, "median_homevalue_2024": 408800.0, "job_density_score": null, "dev_capacity_score": null, "market_momentum_score": null, "poverty_score": null, "income_score": null, "unemployment_score": null, "stackability_score": null, "stage1_result": "Eliminated — Already Attractive" }, "geometry": { "type": "Polygon", "coordinates": [ [ [ -76.876693, 39.068175 ], [ -76.865593, 39.075539 ], [ -76.859076, 39.073293 ], [ -76.847862, 39.073663 ], [ -76.846739, 39.072289 ], [ -76.843155, 39.070084 ], [ -76.845182, 39.068553 ], [ -76.848972, 39.067018 ], [ -76.852144, 39.066534 ], [ -76.855794, 39.065361 ], [ -76.858295, 39.063863 ], [ -76.860846, 39.063333 ], [ -76.864351, 39.060779 ], [ -76.865098, 39.061087 ], [ -76.867394, 39.069365 ], [ -76.876693, 39.068175 ] ] ] } },
{ "type": "Feature", "properties": { "geoid": "24033801105", "state": "Maryland", "county": "Prince George's County", "classification": "Already Attractive", "oztoolclassification": "Likely to attract capital even without OZ designation", "composite_score": 0.161615, "rank": 347, "recommended": 0, "jobs_2022": 1328.0, "povrate_2024": 0.063175, "median_hhincome_2024": 89342.0, "unemprate_2024": 0.027505, "vacancyrate_2024": 0.109091, "stackability_count": 0, "pop_2024": 1552.0, "median_homevalue_2024": null, "job_density_score": 0.062323, "dev_capacity_score": 0.068804, "market_momentum_score": 0.716644, "poverty_score": 0.225626, "income_score": 0.227863, "unemployment_score": 0.079593, "stackability_score": 0.0, "stage1_result": "Advances to Scoring" }, "geometry": { "type": "Polygon", "coordinates": [ [ [ -76.905659, 38.805071 ], [ -76.90353, 38.806503 ], [ -76.900264, 38.807159 ], [ -76.898301, 38.808293 ], [ -76.896434, 38.81022 ], [ -76.893659, 38.815424 ], [ -76.892417, 38.816865 ], [ -76.886407, 38.821167 ], [ -76.8781, 38.826257 ], [ -76.878589, 38.821044 ], [ -76.879716, 38.821038 ], [ -76.879709, 38.819643 ], [ -76.88073, 38.819387 ], [ -76.880686, 38.818252 ], [ -76.879955, 38.818204 ], [ -76.879558, 38.81763 ], [ -76.87959, 38.810407 ], [ -76.88117, 38.810302 ], [ -76.881154, 38.806506 ], [ -76.895745, 38.806803 ], [ -76.89777, 38.804596 ], [ -76.898484, 38.803027 ], [ -76.898377, 38.798293 ], [ -76.896641, 38.794678 ], [ -76.889397, 38.788722 ], [ -76.886541, 38.787769 ], [ -76.888743, 38.783793 ], [ -76.891862, 38.783797 ], [ -76.896797, 38.786621 ], [ -76.897628, 38.79061 ], [ -76.899744, 38.795788 ], [ -76.905659, 38.805071 ] ] ] } },
{ "type": "Feature", "properties": { "geoid": "24033807500", "state": "Maryland", "county": "Prince George's County", "classification": "Goldilocks", "oztoolclassification": "More likely to attract OZ investment, with larger impact", "composite_score": null, "rank": null, "recommended": 0, "jobs_2022": 2363.0, "povrate_2024": 0.154816, "median_hhincome_2024": 83816.0, "unemprate_2024": 0.069148, "vacancyrate_2024": 0.042902, "stackability_count": 2, "pop_2024": 6877.0, "median_homevalue_2024": 524700.0, "job_density_score": null, "dev_capacity_score": null, "market_momentum_score": null, "poverty_score": null, "income_score": null, "unemployment_score": null, "stackability_score": null, "stage1_result": "Eliminated — Already Attractive" }, "geometry": { "type": "Polygon", "coordinates": [ [ [ -76.956327, 38.949193 ], [ -76.954763, 38.953261 ], [ -76.95137, 38.952888 ], [ -76.947483, 38.9533 ], [ -76.948481, 38.966431 ], [ -76.942611, 38.965869 ], [ -76.943045, 38.963456 ], [ -76.942811, 38.961419 ], [ -76.939439, 38.961511 ], [ -76.939906, 38.957967 ], [ -76.935659, 38.957896 ], [ -76.934117, 38.951565 ], [ -76.931375, 38.951501 ], [ -76.930179, 38.95207 ], [ -76.92861, 38.955441 ], [ -76.924982, 38.954386 ], [ -76.925196, 38.952479 ], [ -76.926222, 38.95108 ], [ -76.933748, 38.943246 ], [ -76.939683, 38.945691 ], [ -76.942941, 38.94401 ], [ -76.945104, 38.943896 ], [ -76.947537, 38.945756 ], [ -76.953618, 38.948712 ], [ -76.956327, 38.949193 ] ] ] } },
{ "type": "Feature", "properties": { "geoid": "24033801106", "state": "Maryland", "county": "Prince George's County", "classification": "Already Attractive", "oztoolclassification": "Likely to attract capital even without OZ designation", "composite_score": 0.149266, "rank": 352, "recommended": 0, "jobs_2022": 621.0, "povrate_2024": 0.020356, "median_hhincome_2024": 79516.0, "unemprate_2024": 0.078767, "vacancyrate_2024": 0.158621, "stackability_count": 0, "pop_2024": 1578.0, "median_homevalue_2024": null, "job_density_score": 0.028942, "dev_capacity_score": 0.068804, "market_momentum_score": 0.716644, "poverty_score": 0.072701, "income_score": 0.315228, "unemployment_score": 0.227934, "stackability_score": 0.0, "stage1_result": "Advances to Scoring" }, "geometry": { "type": "Polygon", "coordinates": [ [ [ -76.898595, 38.802196 ], [ -76.897954, 38.804314 ], [ -76.895745, 38.806803 ], [ -76.881154, 38.806506 ], [ -76.88117, 38.810302 ], [ -76.87959, 38.810407 ], [ -76.879558, 38.81763 ], [ -76.879955, 38.818204 ], [ -76.880686, 38.818252 ], [ -76.88073, 38.819387 ], [ -76.879709, 38.819643 ], [ -76.879716, 38.821038 ], [ -76.878589, 38.821044 ], [ -76.8781, 38.826257 ], [ -76.872369, 38.828764 ], [ -76.867376, 38.829607 ], [ -76.85678, 38.829739 ], [ -76.849089, 38.82049 ], [ -76.849936, 38.81906 ], [ -76.848928, 38.805377 ], [ -76.851625, 38.806761 ], [ -76.852413, 38.804398 ], [ -76.853895, 38.802157 ], [ -76.853963, 38.801426 ], [ -76.851814, 38.798076 ], [ -76.856706, 38.795908 ], [ -76.857043, 38.789172 ], [ -76.864354, 38.788379 ], [ -76.861177, 38.786592 ], [ -76.861189, 38.785945 ], [ -76.86129, 38.785293 ], [ -76.864301, 38.784215 ], [ -76.864626, 38.782293 ], [ -76.87685, 38.782367 ], [ -76.883716, 38.78383 ], [ -76.888743, 38.783793 ], [ -76.886541, 38.787769 ], [ -76.889397, 38.788722 ], [ -76.896427, 38.794407 ], [ -76.898257, 38.797839 ], [ -76.898595, 38.802196 ] ] ] } },
{ "type": "Feature", "properties": { "geoid": "24033980000", "state": "Maryland", "county": "Prince George's County", "classification": "Already Attractive", "oztoolclassification": "Likely to attract capital even without OZ designation", "composite_score": 0.4762, "rank": 6, "recommended": 1, "jobs_2022": 16569.0, "povrate_2024": 0.684723, "median_hhincome_2024": 24919.0, "unemprate_2024": 0.136663, "vacancyrate_2024": 0.192449, "stackability_count": 1, "pop_2024": 14748.0, "median_homevalue_2024": 450000.0, "job_density_score": 0.781917, "dev_capacity_score": 0.068804, "market_momentum_score": 0.716644, "poverty_score": 0.0, "income_score": 0.80066, "unemployment_score": 0.395471, "stackability_score": 0.333333, "stage1_result": "Advances to Scoring" }, "geometry": { "type": "Polygon", "coordinates": [ [ [ -76.965351, 39.002425 ], [ -76.95957, 39.00315 ], [ -76.95651, 39.002945 ], [ -76.955418, 39.005237 ], [ -76.950102, 39.006656 ], [ -76.949484, 39.006089 ], [ -76.951822, 39.004915 ], [ -76.953255, 39.002794 ], [ -76.952106, 39.002193 ], [ -76.944744, 39.000898 ], [ -76.943557, 39.001993 ], [ -76.941879, 39.005527 ], [ -76.936925, 39.004563 ], [ -76.93761, 39.001365 ], [ -76.941279, 39.000967 ], [ -76.94109, 39.00044 ], [ -76.932622, 38.998669 ], [ -76.932802, 38.997002 ], [ -76.933208, 38.997093 ], [ -76.933007, 38.995545 ], [ -76.934202, 38.995107 ], [ -76.934396, 38.993741 ], [ -76.935627, 38.992586 ], [ -76.935646, 38.990925 ], [ -76.934652, 38.989607 ], [ -76.937148, 38.98555 ], [ -76.93383, 38.98515 ], [ -76.930922, 38.983187 ], [ -76.930547, 38.983785 ], [ -76.928951, 38.984236 ], [ -76.926148, 38.984265 ], [ -76.928691, 38.978149 ], [ -76.928865, 38.978816 ], [ -76.929088, 38.978199 ], [ -76.932741, 38.978874 ], [ -76.937975, 38.978448 ], [ -76.938272, 38.977685 ], [ -76.94153, 38.97891 ], [ -76.941637, 38.979418 ], [ -76.944289, 38.98103 ], [ -76.94658, 38.981542 ], [ -76.946875, 38.982175 ], [ -76.947789, 38.982503 ], [ -76.948873, 38.984825 ], [ -76.951468, 38.984729 ], [ -76.955712, 38.98565 ], [ -76.956831, 38.988233 ], [ -76.956863, 38.99163 ], [ -76.960868, 38.994826 ], [ -76.962439, 38.998922 ], [ -76.965351, 39.002425 ] ] ] } },
{ "type": "Feature", "properties": { "geoid": "24033803403", "state": "Maryland", "county": "Prince George's County", "classification": "Less Likely", "oztoolclassification": "Less likely to attract OZ investment", "composite_score": 0.344279, "rank": 84, "recommended": 1, "jobs_2022": 385.0, "povrate_2024": 0.307707, "median_hhincome_2024": 49774.0, "unemprate_2024": 0.068659, "vacancyrate_2024": 0.025706, "stackability_count": 1, "pop_2024": 5177.0, "median_homevalue_2024": 296700.0, "job_density_score": 0.0178, "dev_capacity_score": 0.068804, "market_momentum_score": 0.716644, "poverty_score": 0.901046, "income_score": 0.579669, "unemployment_score": 0.198684, "stackability_score": 0.333333, "stage1_result": "Advances to Scoring" }, "geometry": { "type": "Polygon", "coordinates": [ [ [ -76.892085, 38.909581 ], [ -76.889107, 38.912313 ], [ -76.879834, 38.918822 ], [ -76.874343, 38.926279 ], [ -76.869193, 38.923809 ], [ -76.860154, 38.918241 ], [ -76.860485, 38.916078 ], [ -76.861248, 38.914649 ], [ -76.872475, 38.912711 ], [ -76.884534, 38.912825 ], [ -76.892085, 38.909581 ] ] ] } },
{ "type": "Feature", "properties": { "geoid": "24033801709", "state": "Maryland", "county": "Prince George's County", "classification": "Goldilocks", "oztoolclassification": "More likely to attract OZ investment, with larger impact", "composite_score": null, "rank": null, "recommended": 0, "jobs_2022": 352.0, "povrate_2024": 0.352941, "median_hhincome_2024": 69146.0, "unemprate_2024": 0.209556, "vacancyrate_2024": 0.024458, "stackability_count": 0, "pop_2024": 5508.0, "median_homevalue_2024": 387000.0, "job_density_score": null, "dev_capacity_score": null, "market_momentum_score": null, "poverty_score": null, "income_score": null, "unemployment_score": null, "stackability_score": null, "stage1_result": "Eliminated — Already Attractive" }, "geometry": { "type": "Polygon", "coordinates": [ [ [ -76.988347, 38.820343 ], [ -76.988031, 38.82046 ], [ -76.98585, 38.81857 ], [ -76.978677, 38.817252 ], [ -76.972589, 38.817523 ], [ -76.96864, 38.816983 ], [ -76.964011, 38.81717 ], [ -76.968936, 38.822419 ], [ -76.967553, 38.827931 ], [ -76.966067, 38.826552 ], [ -76.963201, 38.826213 ], [ -76.961888, 38.826929 ], [ -76.958101, 38.826723 ], [ -76.955192, 38.827961 ], [ -76.950903, 38.827917 ], [ -76.951075, 38.824526 ], [ -76.949847, 38.823167 ], [ -76.949762, 38.818734 ], [ -76.94877, 38.817279 ], [ -76.958518, 38.814115 ], [ -76.965915, 38.809785 ], [ -76.970463, 38.808777 ], [ -76.968386, 38.810655 ], [ -76.968644, 38.811149 ], [ -76.973756, 38.81097 ], [ -76.974464, 38.814163 ], [ -76.985736, 38.816802 ], [ -76.988347, 38.820343 ] ] ] } },
{ "type": "Feature", "properties": { "geoid": "24033801809", "state": "Maryland", "county": "Prince George's County", "classification": "Goldilocks", "oztoolclassification": "More likely to attract OZ investment, with larger impact", "composite_score": 0.177113, "rank": 337, "recommended": 0, "jobs_2022": 326.0, "povrate_2024": 0.084169, "median_hhincome_2024": 84524.0, "unemprate_2024": 0.088668, "vacancyrate_2024": 0.057101, "stackability_count": 0, "pop_2024": 4596.0, "median_homevalue_2024": 360500.0, "job_density_score": 0.015014, "dev_capacity_score": 0.068804, "market_momentum_score": 0.716644, "poverty_score": 0.300604, "income_score": 0.270701, "unemployment_score": 0.256585, "stackability_score": 0.0, "stage1_result": "Advances to Scoring" }, "geometry": { "type": "Polygon", "coordinates": [ [ [ -76.96662, 38.843574 ], [ -76.963811, 38.84523 ], [ -76.96138, 38.847942 ], [ -76.957866, 38.850019 ], [ -76.95831, 38.851129 ], [ -76.959041, 38.851615 ], [ -76.95607, 38.8524 ], [ -76.948378, 38.842056 ], [ -76.949736, 38.840564 ], [ -76.954003, 38.838169 ], [ -76.956697, 38.835615 ], [ -76.95623, 38.83513 ], [ -76.957592, 38.83447 ], [ -76.958236, 38.835669 ], [ -76.960764, 38.836689 ], [ -76.96027, 38.8384 ], [ -76.962758, 38.841316 ], [ -76.96662, 38.843574 ] ] ] } },
{ "type": "Feature", "properties": { "geoid": "24043000500", "state": "Maryland", "county": "Washington County", "classification": "Less Likely", "oztoolclassification": "Less likely to attract OZ investment", "composite_score": 0.366065, "rank": 59, "recommended": 1, "jobs_2022": 1114.0, "povrate_2024": 0.292448, "median_hhincome_2024": 43843.0, "unemprate_2024": 0.060073, "vacancyrate_2024": 0.065295, "stackability_count": 1, "pop_2024": 6052.0, "median_homevalue_2024": 187800.0, "job_density_score": 0.052219, "dev_capacity_score": 0.068804, "market_momentum_score": 0.716644, "poverty_score": 0.955542, "income_score": 0.632403, "unemployment_score": 0.173838, "stackability_score": 0.333333, "stage1_result": "Advances to Scoring" }, "geometry": { "type": "Polygon", "coordinates": [ [ [ -77.72031, 39.642025 ], [ -77.71257, 39.6517 ], [ -77.7071, 39.64964 ], [ -77.70047, 39.65156 ], [ -77.6888, 39.65149 ], [ -77.69096, 39.650024 ], [ -77.69155, 39.64888 ], [ -77.69243, 39.64433 ], [ -77.69329, 39.64227 ], [ -77.705942, 39.642119 ], [ -77.71387, 39.64313 ], [ -77.71629, 39.64009 ], [ -77.72031, 39.642025 ] ] ] } },
{ "type": "Feature", "properties": { "geoid": "24043000601", "state": "Maryland", "county": "Washington County", "classification": "Less Likely", "oztoolclassification": "Less likely to attract OZ investment", "composite_score": 0.273591, "rank": 197, "recommended": 0, "jobs_2022": 2428.0, "povrate_2024": 0.169103, "median_hhincome_2024": 57813.0, "unemprate_2024": 0.077678, "vacancyrate_2024": 0.078598, "stackability_count": 0, "pop_2024": 2271.0, "median_homevalue_2024": 226200.0, "job_density_score": 0.114259, "dev_capacity_score": 0.068804, "market_momentum_score": 0.716644, "poverty_score": 0.60394, "income_score": 0.508193, "unemployment_score": 0.224782, "stackability_score": 0.0, "stage1_result": "Advances to Scoring" }, "geometry": { "type": "Polygon", "coordinates": [ [ [ -77.71625, 39.64016 ], [ -77.71387, 39.64313 ], [ -77.70521, 39.6421 ], [ -77.68358, 39.642583 ], [ -77.68765, 39.640764 ], [ -77.685971, 39.638644 ], [ -77.686894, 39.637862 ], [ -77.689324, 39.638649 ], [ -77.69052, 39.638494 ], [ -77.690125, 39.636511 ], [ -77.690829, 39.634246 ], [ -77.693175, 39.633396 ], [ -77.693306, 39.632137 ], [ -77.693835, 39.631766 ], [ -77.699051, 39.632624 ], [ -77.701329, 39.631231 ], [ -77.70302, 39.63361 ], [ -77.70505, 39.6352 ], [ -77.71215, 39.639 ], [ -77.71474, 39.63942 ], [ -77.71625, 39.64016 ] ] ] } },
{ "type": "Feature", "properties": { "geoid": "24021750507", "state": "Maryland", "county": "Frederick County", "classification": "Less Likely", "oztoolclassification": "Less likely to attract OZ investment", "composite_score": 0.166568, "rank": 345, "recommended": 0, "jobs_2022": 1022.0, "povrate_2024": 0.05522, "median_hhincome_2024": 66943.0, "unemprate_2024": 0.0, "vacancyrate_2024": 0.067297, "stackability_count": 0, "pop_2024": 4310.0, "median_homevalue_2024": 291000.0, "job_density_score": 0.047875, "dev_capacity_score": 0.068804, "market_momentum_score": 0.716644, "poverty_score": 0.197216, "income_score": 0.427017, "unemployment_score": 0.0, "stackability_score": 0.0, "stage1_result": "Advances to Scoring" }, "geometry": { "type": "Polygon", "coordinates": [ [ [ -77.478914, 39.426068 ], [ -77.478621, 39.42657 ], [ -77.476199, 39.42684 ], [ -77.475807, 39.428159 ], [ -77.474337, 39.429278 ], [ -77.466343, 39.431275 ], [ -77.463868, 39.433413 ], [ -77.459695, 39.430169 ], [ -77.460663, 39.428069 ], [ -77.459393, 39.423677 ], [ -77.461277, 39.41946 ], [ -77.471937, 39.424767 ], [ -77.478914, 39.426068 ] ] ] } },
{ "type": "Feature", "properties": { "geoid": "24021750508", "state": "Maryland", "county": "Frederick County", "classification": "Less Likely", "oztoolclassification": "Less likely to attract OZ investment", "composite_score": null, "rank": null, "recommended": 0, "jobs_2022": 469.0, "povrate_2024": 0.161736, "median_hhincome_2024": 72111.0, "unemprate_2024": 0.044888, "vacancyrate_2024": 0.013052, "stackability_count": 0, "pop_2024": 5163.0, "median_homevalue_2024": 421500.0, "job_density_score": null, "dev_capacity_score": null, "market_momentum_score": null, "poverty_score": null, "income_score": null, "unemployment_score": null, "stackability_score": null, "stage1_result": "Eliminated — Already Attractive" }, "geometry": { "type": "Polygon", "coordinates": [ [ [ -77.461256, 39.419499 ], [ -77.459393, 39.423677 ], [ -77.460663, 39.428069 ], [ -77.459695, 39.430169 ], [ -77.453217, 39.429418 ], [ -77.448712, 39.430393 ], [ -77.448276, 39.428658 ], [ -77.449306, 39.427184 ], [ -77.44782, 39.424216 ], [ -77.450912, 39.418197 ], [ -77.461256, 39.419499 ] ] ] } },
{ "type": "Feature", "properties": { "geoid": "24031700830", "state": "Maryland", "county": "Montgomery County", "classification": "Less Likely", "oztoolclassification": "Less likely to attract OZ investment", "composite_score": null, "rank": null, "recommended": 0, "jobs_2022": 2045.0, "povrate_2024": 0.100954, "median_hhincome_2024": 83537.0, "unemprate_2024": 0.043044, "vacancyrate_2024": 0.039434, "stackability_count": 1, "pop_2024": 2516.0, "median_homevalue_2024": 480500.0, "job_density_score": null, "dev_capacity_score": null, "market_momentum_score": null, "poverty_score": null, "income_score": null, "unemployment_score": null, "stackability_score": null, "stage1_result": "Eliminated — Already Attractive" }, "geometry": { "type": "Polygon", "coordinates": [ [ [ -77.254605, 39.184383 ], [ -77.251563, 39.188458 ], [ -77.249023, 39.192955 ], [ -77.244279, 39.195433 ], [ -77.238627, 39.182643 ], [ -77.238561, 39.181148 ], [ -77.240875, 39.178947 ], [ -77.247012, 39.175193 ], [ -77.254605, 39.184383 ] ] ] } },
{ "type": "Feature", "properties": { "geoid": "24005451402", "state": "Maryland", "county": "Baltimore County", "classification": "Less Likely", "oztoolclassification": "Less likely to attract OZ investment", "composite_score": 0.255796, "rank": 229, "recommended": 0, "jobs_2022": 376.0, "povrate_2024": 0.353133, "median_hhincome_2024": 53735.0, "unemprate_2024": 0.023311, "vacancyrate_2024": 0.106244, "stackability_count": 0, "pop_2024": 5202.0, "median_homevalue_2024": 236700.0, "job_density_score": 0.017375, "dev_capacity_score": 0.068804, "market_momentum_score": 0.716644, "poverty_score": 0.738809, "income_score": 0.544451, "unemployment_score": 0.067457, "stackability_score": 0.0, "stage1_result": "Advances to Scoring" }, "geometry": { "type": "Polygon", "coordinates": [ [ [ -76.448324, 39.340446 ], [ -76.446226, 39.341533 ], [ -76.44554, 39.340695 ], [ -76.440633, 39.343571 ], [ -76.443621, 39.345745 ], [ -76.443494, 39.347045 ], [ -76.441255, 39.347348 ], [ -76.441236, 39.349769 ], [ -76.442846, 39.351806 ], [ -76.436668, 39.353144 ], [ -76.436185, 39.348489 ], [ -76.436356, 39.344627 ], [ -76.43502, 39.341314 ], [ -76.430826, 39.343144 ], [ -76.42552, 39.344052 ], [ -76.425034, 39.34459 ], [ -76.416518, 39.342335 ], [ -76.416589, 39.341315 ], [ -76.412447, 39.341195 ], [ -76.40965, 39.342075 ], [ -76.409301, 39.341547 ], [ -76.438852, 39.332726 ], [ -76.440539, 39.333453 ], [ -76.444138, 39.333283 ], [ -76.447451, 39.337198 ], [ -76.448324, 39.340446 ] ] ] } },
{ "type": "Feature", "properties": { "geoid": "24005430104", "state": "Maryland", "county": "Baltimore County", "classification": "Less Likely", "oztoolclassification": "Less likely to attract OZ investment", "composite_score": 0.263728, "rank": 214, "recommended": 0, "jobs_2022": 503.0, "povrate_2024": 0.16274, "median_hhincome_2024": 73428.0, "unemprate_2024": 0.011568, "vacancyrate_2024": 0.035978, "stackability_count": 1, "pop_2024": 3226.0, "median_homevalue_2024": 286400.0, "job_density_score": 0.023371, "dev_capacity_score": 0.068804, "market_momentum_score": 0.716644, "poverty_score": 0.581215, "income_score": 0.369357, "unemployment_score": 0.033476, "stackability_score": 0.333333, "stage1_result": "Advances to Scoring" }, "geometry": { "type": "Polygon", "coordinates": [ [ [ -76.641955, 39.232068 ], [ -76.641072, 39.243768 ], [ -76.640328, 39.24703 ], [ -76.629853, 39.242338 ], [ -76.634659, 39.231277 ], [ -76.638314, 39.227006 ], [ -76.639943, 39.224362 ], [ -76.641409, 39.22558 ], [ -76.641955, 39.232068 ] ] ] } },
{ "type": "Feature", "properties": { "geoid": "24005492500", "state": "Maryland", "county": "Baltimore County", "classification": "Already Attractive", "oztoolclassification": "Likely to attract capital even without OZ designation", "composite_score": null, "rank": 356, "recommended": 0, "jobs_2022": 4006.0, "povrate_2024": 0.468085, "median_hhincome_2024": null, "unemprate_2024": 0.041345, "vacancyrate_2024": 0.0, "stackability_count": 1, "pop_2024": 3491.0, "median_homevalue_2024": null, "job_density_score": 0.188763, "dev_capacity_score": 0.068804, "market_momentum_score": 0.716644, "poverty_score": 0.164134, "income_score": null, "unemployment_score": 0.119643, "stackability_score": 0.333333, "stage1_result": "Advances to Scoring" }, "geometry": { "type": "Polygon", "coordinates": [ [ [ -76.727845, 39.263963 ], [ -76.721415, 39.270476 ], [ -76.714622, 39.266557 ], [ -76.715569, 39.26534 ], [ -76.715262, 39.264743 ], [ -76.714251, 39.263848 ], [ -76.712924, 39.263601 ], [ -76.712424, 39.262672 ], [ -76.706095, 39.261101 ], [ -76.707163, 39.26023 ], [ -76.703894, 39.257731 ], [ -76.704152, 39.257344 ], [ -76.700075, 39.254731 ], [ -76.706885, 39.248251 ], [ -76.708413, 39.246053 ], [ -76.710981, 39.245361 ], [ -76.712299, 39.241512 ], [ -76.713693, 39.241792 ], [ -76.714787, 39.24433 ], [ -76.716111, 39.245764 ], [ -76.715912, 39.248816 ], [ -76.715051, 39.25122 ], [ -76.714119, 39.252027 ], [ -76.716681, 39.255681 ], [ -76.713976, 39.258935 ], [ -76.716722, 39.260549 ], [ -76.715671, 39.261554 ], [ -76.717336, 39.261887 ], [ -76.723293, 39.261105 ], [ -76.724666, 39.260265 ], [ -76.727508, 39.262628 ], [ -76.727023, 39.263904 ], [ -76.727845, 39.263963 ] ] ] } },
{ "type": "Feature", "properties": { "geoid": "24043000400", "state": "Maryland", "county": "Washington County", "classification": "Less Likely", "oztoolclassification": "Less likely to attract OZ investment", "composite_score": 0.343929, "rank": 86, "recommended": 1, "jobs_2022": 2580.0, "povrate_2024": 0.388295, "median_hhincome_2024": 27316.0, "unemprate_2024": 0.033079, "vacancyrate_2024": 0.188049, "stackability_count": 1, "pop_2024": 1786.0, "median_homevalue_2024": 215900.0, "job_density_score": 0.121435, "dev_capacity_score": 0.068804, "market_momentum_score": 0.716644, "poverty_score": 0.613233, "income_score": 0.779348, "unemployment_score": 0.095723, "stackability_score": 0.333333, "stage1_result": "Advances to Scoring" }, "geometry": { "type": "Polygon", "coordinates": [ [ [ -77.727773, 39.640882 ], [ -77.72701, 39.64263 ], [ -77.72535, 39.64444 ], [ -77.72695, 39.64522 ], [ -77.722012, 39.6516 ], [ -77.72202, 39.6506 ], [ -77.7202, 39.65254 ], [ -77.71778, 39.65323 ], [ -77.71257, 39.6517 ], [ -77.72208, 39.63979 ], [ -77.72227, 39.639 ], [ -77.72544, 39.63979 ], [ -77.727773, 39.640882 ] ] ] } },
{ "type": "Feature", "properties": { "geoid": "24025301302", "state": "Maryland", "county": "Harford County", "classification": "Less Likely", "oztoolclassification": "Less likely to attract OZ investment", "composite_score": 0.342846, "rank": 87, "recommended": 1, "jobs_2022": 896.0, "povrate_2024": 0.22866, "median_hhincome_2024": 59210.0, "unemprate_2024": 0.12213, "vacancyrate_2024": 0.023862, "stackability_count": 1, "pop_2024": 8095.0, "median_homevalue_2024": 187800.0, "job_density_score": 0.041926, "dev_capacity_score": 0.068804, "market_momentum_score": 0.716644, "poverty_score": 0.816642, "income_score": 0.495772, "unemployment_score": 0.353418, "stackability_score": 0.333333, "stage1_result": "Advances to Scoring" }, "geometry": { "type": "Polygon", "coordinates": [ [ [ -76.337159, 39.431799 ], [ -76.317113, 39.434897 ], [ -76.302867, 39.437014 ], [ -76.309341, 39.428601 ], [ -76.310478, 39.425143 ], [ -76.323139, 39.422748 ], [ -76.328678, 39.422941 ], [ -76.329183, 39.424612 ], [ -76.330961, 39.427314 ], [ -76.335509, 39.430019 ], [ -76.337159, 39.431799 ] ] ] } },
{ "type": "Feature", "properties": { "geoid": "24025302902", "state": "Maryland", "county": "Harford County", "classification": "Less Likely", "oztoolclassification": "Less likely to attract OZ investment", "composite_score": 0.215043, "rank": 304, "recommended": 0, "jobs_2022": 2850.0, "povrate_2024": 0.086433, "median_hhincome_2024": 69663.0, "unemprate_2024": 0.035769, "vacancyrate_2024": 0.038071, "stackability_count": 0, "pop_2024": 4813.0, "median_homevalue_2024": 233300.0, "job_density_score": 0.134183, "dev_capacity_score": 0.068804, "market_momentum_score": 0.716644, "poverty_score": 0.308688, "income_score": 0.402833, "unemployment_score": 0.103506, "stackability_score": 0.0, "stage1_result": "Advances to Scoring" }, "geometry": { "type": "Polygon", "coordinates": [ [ [ -76.193182, 39.49528 ], [ -76.192374, 39.495566 ], [ -76.192161, 39.496598 ], [ -76.192815, 39.497854 ], [ -76.180288, 39.505966 ], [ -76.169257, 39.511329 ], [ -76.161888, 39.508849 ], [ -76.152538, 39.503415 ], [ -76.156513, 39.504562 ], [ -76.159443, 39.498831 ], [ -76.165357, 39.502626 ], [ -76.165624, 39.502288 ], [ -76.165251, 39.501745 ], [ -76.162488, 39.500056 ], [ -76.164821, 39.498238 ], [ -76.16841, 39.493822 ], [ -76.170984, 39.494897 ], [ -76.17497, 39.490648 ], [ -76.184144, 39.494012 ], [ -76.19203, 39.490826 ], [ -76.191644, 39.493792 ], [ -76.193182, 39.49528 ] ] ] } },
{ "type": "Feature", "properties": { "geoid": "24025306200", "state": "Maryland", "county": "Harford County", "classification": "Goldilocks", "oztoolclassification": "More likely to attract OZ investment, with larger impact", "composite_score": null, "rank": null, "recommended": 0, "jobs_2022": 773.0, "povrate_2024": 0.201723, "median_hhincome_2024": 67569.0, "unemprate_2024": 0.014984, "vacancyrate_2024": 0.087309, "stackability_count": 0, "pop_2024": 2246.0, "median_homevalue_2024": 380400.0, "job_density_score": null, "dev_capacity_score": null, "market_momentum_score": null, "poverty_score": null, "income_score": null, "unemployment_score": null, "stackability_score": null, "stage1_result": "Eliminated — Already Attractive" }, "geometry": { "type": "Polygon", "coordinates": [ [ [ -76.111806, 39.537193 ], [ -76.098718, 39.543444 ], [ -76.076043, 39.543491 ], [ -76.058871, 39.519613 ], [ -76.050472, 39.509814 ], [ -76.046966, 39.503663 ], [ -76.092954, 39.52385 ], [ -76.099786, 39.527751 ], [ -76.099536, 39.528136 ], [ -76.101372, 39.52952 ], [ -76.101876, 39.529225 ], [ -76.111806, 39.537193 ] ] ] } },
{ "type": "Feature", "properties": { "geoid": "24025301601", "state": "Maryland", "county": "Harford County", "classification": "Goldilocks", "oztoolclassification": "More likely to attract OZ investment, with larger impact", "composite_score": 0.237691, "rank": 263, "recommended": 0, "jobs_2022": 1581.0, "povrate_2024": 0.084478, "median_hhincome_2024": 82298.0, "unemprate_2024": 0.048311, "vacancyrate_2024": 0.110302, "stackability_count": 1, "pop_2024": 6797.0, "median_homevalue_2024": 235900.0, "job_density_score": 0.074268, "dev_capacity_score": 0.068804, "market_momentum_score": 0.716644, "poverty_score": 0.301707, "income_score": 0.290493, "unemployment_score": 0.1398, "stackability_score": 0.333333, "stage1_result": "Advances to Scoring" }, "geometry": { "type": "Polygon", "coordinates": [ [ [ -76.328678, 39.422941 ], [ -76.32384, 39.422651 ], [ -76.310478, 39.425143 ], [ -76.309341, 39.428601 ], [ -76.305823, 39.433105 ], [ -76.303368, 39.429894 ], [ -76.295365, 39.423531 ], [ -76.2942, 39.418841 ], [ -76.292139, 39.41617 ], [ -76.320026, 39.404407 ], [ -76.322976, 39.4072 ], [ -76.323649, 39.408557 ], [ -76.324046, 39.411555 ], [ -76.327495, 39.415859 ], [ -76.328557, 39.419053 ], [ -76.328678, 39.422941 ] ] ] } },
{ "type": "Feature", "properties": { "geoid": "24043000700", "state": "Maryland", "county": "Washington County", "classification": "Less Likely", "oztoolclassification": "Less likely to attract OZ investment", "composite_score": 0.363476, "rank": 63, "recommended": 1, "jobs_2022": 1039.0, "povrate_2024": 0.324946, "median_hhincome_2024": 32093.0, "unemprate_2024": 0.083551, "vacancyrate_2024": 0.137007, "stackability_count": 1, "pop_2024": 2935.0, "median_homevalue_2024": 185000.0, "job_density_score": 0.048678, "dev_capacity_score": 0.068804, "market_momentum_score": 0.716644, "poverty_score": 0.839478, "income_score": 0.736874, "unemployment_score": 0.241777, "stackability_score": 0.333333, "stage1_result": "Advances to Scoring" }, "geometry": { "type": "Polygon", "coordinates": [ [ [ -77.72796, 39.62408 ], [ -77.72658, 39.62743 ], [ -77.72313, 39.63188 ], [ -77.7222, 39.63958 ], [ -77.72033, 39.642 ], [ -77.71474, 39.63942 ], [ -77.71575, 39.63358 ], [ -77.71715, 39.63315 ], [ -77.71537, 39.627572 ], [ -77.72163, 39.62276 ], [ -77.72613, 39.62346 ], [ -77.72796, 39.62408 ] ] ] } },
{ "type": "Feature", "properties": { "geoid": "24043000800", "state": "Maryland", "county": "Washington County", "classification": "Less Likely", "oztoolclassification": "Less likely to attract OZ investment", "composite_score": 0.34832, "rank": 76, "recommended": 1, "jobs_2022": 864.0, "povrate_2024": 0.33402, "median_hhincome_2024": 38319.0, "unemprate_2024": 0.073702, "vacancyrate_2024": 0.03349, "stackability_count": 1, "pop_2024": 3907.0, "median_homevalue_2024": 200300.0, "job_density_score": 0.040415, "dev_capacity_score": 0.068804, "market_momentum_score": 0.716644, "poverty_score": 0.807073, "income_score": 0.681518, "unemployment_score": 0.213276, "stackability_score": 0.333333, "stage1_result": "Advances to Scoring" }, "geometry": { "type": "Polygon", "coordinates": [ [ [ -77.73574, 39.62852 ], [ -77.72884, 39.63716 ], [ -77.727773, 39.640882 ], [ -77.72227, 39.639 ], [ -77.72313, 39.63188 ], [ -77.72658, 39.62743 ], [ -77.72796, 39.62408 ], [ -77.73383, 39.6267 ], [ -77.73574, 39.62852 ] ] ] } },
{ "type": "Feature", "properties": { "geoid": "24510260102", "state": "Maryland", "county": "Baltimore city", "classification": "Less Likely", "oztoolclassification": "Less likely to attract OZ investment", "composite_score": 0.222693, "rank": 289, "recommended": 0, "jobs_2022": 195.0, "povrate_2024": 0.093028, "median_hhincome_2024": 70996.0, "unemprate_2024": 0.075689, "vacancyrate_2024": 0.02914, "stackability_count": 1, "pop_2024": 5435.0, "median_homevalue_2024": 185200.0, "job_density_score": 0.008829, "dev_capacity_score": 0.032018, "market_momentum_score": 0.597455, "poverty_score": 0.332242, "income_score": 0.390981, "unemployment_score": 0.219026, "stackability_score": 0.333333, "stage1_result": "Advances to Scoring" }, "geometry": { "type": "Polygon", "coordinates": [ [ [ -76.55166, 39.338122 ], [ -76.545574, 39.342364 ], [ -76.544552, 39.341204 ], [ -76.541467, 39.339465 ], [ -76.540927, 39.33808 ], [ -76.53936, 39.33691 ], [ -76.532646, 39.337142 ], [ -76.531656, 39.336805 ], [ -76.531028, 39.335909 ], [ -76.530002, 39.335698 ], [ -76.529693, 39.336142 ], [ -76.529685, 39.33115 ], [ -76.541721, 39.329213 ], [ -76.544241, 39.331802 ], [ -76.547705, 39.333658 ], [ -76.548533, 39.335248 ], [ -76.55166, 39.338122 ] ] ] } },
{ "type": "Feature", "properties": { "geoid": "24510280401", "state": "Maryland", "county": "Baltimore city", "classification": "Less Likely", "oztoolclassification": "Less likely to attract OZ investment", "composite_score": 0.239862, "rank": 256, "recommended": 0, "jobs_2022": 281.0, "povrate_2024": 0.213143, "median_hhincome_2024": 70107.0, "unemprate_2024": 0.072261, "vacancyrate_2024": 0.055329, "stackability_count": 0, "pop_2024": 3460.0, "median_homevalue_2024": 232700.0, "job_density_score": 0.01289, "dev_capacity_score": 0.053496, "market_momentum_score": 0.587748, "poverty_score": 0.761226, "income_score": 0.398885, "unemployment_score": 0.209107, "stackability_score": 0.0, "stage1_result": "Advances to Scoring" }, "geometry": { "type": "Polygon", "coordinates": [ [ [ -76.711195, 39.291749 ], [ -76.711191, 39.302955 ], [ -76.709868, 39.30273 ], [ -76.708403, 39.303395 ], [ -76.705844, 39.302712 ], [ -76.705437, 39.302041 ], [ -76.706635, 39.300655 ], [ -76.705711, 39.299506 ], [ -76.703122, 39.299745 ], [ -76.702808, 39.300631 ], [ -76.700698, 39.30185 ], [ -76.69913, 39.302011 ], [ -76.697979, 39.301403 ], [ -76.696476, 39.302041 ], [ -76.694866, 39.302016 ], [ -76.694592, 39.300806 ], [ -76.692406, 39.298946 ], [ -76.693512, 39.297922 ], [ -76.691572, 39.296734 ], [ -76.692248, 39.296117 ], [ -76.689466, 39.294197 ], [ -76.689425, 39.293581 ], [ -76.695927, 39.293338 ], [ -76.711195, 39.291749 ] ] ] } },
{ "type": "Feature", "properties": { "geoid": "24510280403", "state": "Maryland", "county": "Baltimore city", "classification": "Less Likely", "oztoolclassification": "Less likely to attract OZ investment", "composite_score": 0.289556, "rank": 175, "recommended": 0, "jobs_2022": 642.0, "povrate_2024": 0.234571, "median_hhincome_2024": 72949.0, "unemprate_2024": 0.027219, "vacancyrate_2024": 0.093081, "stackability_count": 1, "pop_2024": 4262.0, "median_homevalue_2024": 319900.0, "job_density_score": 0.029934, "dev_capacity_score": 0.049823, "market_momentum_score": 0.552711, "poverty_score": 0.837753, "income_score": 0.373616, "unemployment_score": 0.078767, "stackability_score": 0.333333, "stage1_result": "Advances to Scoring" }, "geometry": { "type": "Polygon", "coordinates": [ [ [ -76.711054, 39.277889 ], [ -76.711195, 39.291749 ], [ -76.697993, 39.29306 ], [ -76.697294, 39.291164 ], [ -76.697261, 39.289191 ], [ -76.695944, 39.288681 ], [ -76.693892, 39.285755 ], [ -76.692931, 39.281469 ], [ -76.705382, 39.280843 ], [ -76.707268, 39.27938 ], [ -76.711054, 39.277889 ] ] ] } },
{ "type": "Feature", "properties": { "geoid": "24510280404", "state": "Maryland", "county": "Baltimore city", "classification": "Goldilocks", "oztoolclassification": "More likely to attract OZ investment, with larger impact", "composite_score": 0.30275, "rank": 152, "recommended": 0, "jobs_2022": 83.0, "povrate_2024": 0.201469, "median_hhincome_2024": 62220.0, "unemprate_2024": 0.126888, "vacancyrate_2024": 0.036885, "stackability_count": 1, "pop_2024": 2806.0, "median_homevalue_2024": 259100.0, "job_density_score": 0.003541, "dev_capacity_score": 0.101958, "market_momentum_score": 0.55247, "poverty_score": 0.719534, "income_score": 0.46901, "unemployment_score": 0.367186, "stackability_score": 0.333333, "stage1_result": "Advances to Scoring" }, "geometry": { "type": "Polygon", "coordinates": [ [ [ -76.697993, 39.29306 ], [ -76.689425, 39.293581 ], [ -76.688925, 39.288204 ], [ -76.686776, 39.287229 ], [ -76.686706, 39.281656 ], [ -76.692931, 39.281469 ], [ -76.693892, 39.285755 ], [ -76.695944, 39.288681 ], [ -76.697261, 39.289191 ], [ -76.697294, 39.291164 ], [ -76.697993, 39.29306 ] ] ] } },
{ "type": "Feature", "properties": { "geoid": "24510080102", "state": "Maryland", "county": "Baltimore city", "classification": "Less Likely", "oztoolclassification": "Less likely to attract OZ investment", "composite_score": 0.330758, "rank": 107, "recommended": 1, "jobs_2022": 268.0, "povrate_2024": 0.314269, "median_hhincome_2024": 48799.0, "unemprate_2024": 0.091371, "vacancyrate_2024": 0.245345, "stackability_count": 1, "pop_2024": 1697.0, "median_homevalue_2024": 113100.0, "job_density_score": 0.012276, "dev_capacity_score": 0.047686, "market_momentum_score": 0.597248, "poverty_score": 0.877611, "income_score": 0.588338, "unemployment_score": 0.264406, "stackability_score": 0.333333, "stage1_result": "Advances to Scoring" }, "geometry": { "type": "Polygon", "coordinates": [ [ [ -76.582164, 39.314243 ], [ -76.573745, 39.321612 ], [ -76.571729, 39.320259 ], [ -76.572913, 39.317485 ], [ -76.573145, 39.314316 ], [ -76.582164, 39.314243 ] ] ] } },
{ "type": "Feature", "properties": { "geoid": "24510270701", "state": "Maryland", "county": "Baltimore city", "classification": "Already Attractive", "oztoolclassification": "Likely to attract capital even without OZ designation", "composite_score": 0.30092, "rank": 158, "recommended": 0, "jobs_2022": 265.0, "povrate_2024": 0.197066, "median_hhincome_2024": 49855.0, "unemprate_2024": 0.0, "vacancyrate_2024": 0.091339, "stackability_count": 1, "pop_2024": 2522.0, "median_homevalue_2024": null, "job_density_score": 0.012134, "dev_capacity_score": 0.000922, "market_momentum_score": 0.837035, "poverty_score": 0.703806, "income_score": 0.578949, "unemployment_score": 0.0, "stackability_score": 0.333333, "stage1_result": "Advances to Scoring" }, "geometry": { "type": "Polygon", "coordinates": [ [ [ -76.573513, 39.368597 ], [ -76.569997, 39.372121 ], [ -76.561668, 39.371931 ], [ -76.561899, 39.367943 ], [ -76.562615, 39.366716 ], [ -76.568121, 39.368617 ], [ -76.573513, 39.368597 ] ] ] } },
{ "type": "Feature", "properties": { "geoid": "24510272006", "state": "Maryland", "county": "Baltimore city", "classification": "Less Likely", "oztoolclassification": "Less likely to attract OZ investment", "composite_score": 0.299741, "rank": 162, "recommended": 0, "jobs_2022": 434.0, "povrate_2024": 0.214467, "median_hhincome_2024": 40370.0, "unemprate_2024": 0.024691, "vacancyrate_2024": 0.069591, "stackability_count": 1, "pop_2024": 3556.0, "median_homevalue_2024": 233500.0, "job_density_score": 0.020113, "dev_capacity_score": 0.029139, "market_momentum_score": 0.532727, "poverty_score": 0.765952, "income_score": 0.663282, "unemployment_score": 0.071451, "stackability_score": 0.333333, "stage1_result": "Advances to Scoring" }, "geometry": { "type": "Polygon", "coordinates": [ [ [ -76.703228, 39.359702 ], [ -76.699798, 39.362363 ], [ -76.697385, 39.360495 ], [ -76.688144, 39.35576 ], [ -76.691979, 39.353779 ], [ -76.695355, 39.351254 ], [ -76.702424, 39.356187 ], [ -76.70083, 39.357891 ], [ -76.703228, 39.359702 ] ] ] } },
{ "type": "Feature", "properties": { "geoid": "24510280500", "state": "Maryland", "county": "Baltimore city", "classification": "Goldilocks", "oztoolclassification": "More likely to attract OZ investment, with larger impact", "composite_score": 0.371196, "rank": 53, "recommended": 1, "jobs_2022": 2386.0, "povrate_2024": 0.66523, "median_hhincome_2024": 19150.0, "unemprate_2024": 0.203438, "vacancyrate_2024": 0.128974, "stackability_count": 2, "pop_2024": 2492.0, "median_homevalue_2024": 160500.0, "job_density_score": 0.112276, "dev_capacity_score": 0.343943, "market_momentum_score": 0.639481, "poverty_score": 0.0, "income_score": 0.851953, "unemployment_score": 0.588705, "stackability_score": 0.666667, "stage1_result": "Advances to Scoring" }, "geometry": { "type": "Polygon", "coordinates": [ [ [ -76.611313, 39.297707 ], [ -76.59451, 39.2984 ], [ -76.594117, 39.293968 ], [ -76.606737, 39.290685 ], [ -76.610729, 39.293737 ], [ -76.611313, 39.297707 ] ] ] } },
{ "type": "Feature", "properties": { "geoid": "24510150100", "state": "Maryland", "county": "Baltimore city", "classification": "Goldilocks", "oztoolclassification": "More likely to attract OZ investment, with larger impact", "composite_score": 0.348922, "rank": 75, "recommended": 1, "jobs_2022": 231.0, "povrate_2024": 0.399897, "median_hhincome_2024": 38088.0, "unemprate_2024": 0.163529, "vacancyrate_2024": 0.229651, "stackability_count": 1, "pop_2024": 1938.0, "median_homevalue_2024": 113700.0, "job_density_score": 0.010529, "dev_capacity_score": 0.291565, "market_momentum_score": 0.687913, "poverty_score": 0.571797, "income_score": 0.683572, "unemployment_score": 0.473217, "stackability_score": 0.333333, "stage1_result": "Advances to Scoring" }, "geometry": { "type": "Polygon", "coordinates": [ [ [ -76.645006, 39.309944 ], [ -76.642514, 39.310089 ], [ -76.638823, 39.306992 ], [ -76.636829, 39.303421 ], [ -76.644643, 39.303176 ], [ -76.645006, 39.309944 ] ] ] } },
{ "type": "Feature", "properties": { "geoid": "24510090900", "state": "Maryland", "county": "Baltimore city", "classification": "Goldilocks", "oztoolclassification": "More likely to attract OZ investment, with larger impact", "composite_score": 0.337041, "rank": 101, "recommended": 1, "jobs_2022": 149.0, "povrate_2024": 0.207231, "median_hhincome_2024": 43769.0, "unemprate_2024": 0.038194, "vacancyrate_2024": 0.331437, "stackability_count": 1, "pop_2024": 2268.0, "median_homevalue_2024": 115800.0, "job_density_score": 0.006657, "dev_capacity_score": 0.314431, "market_momentum_score": 0.641477, "poverty_score": 0.740111, "income_score": 0.633061, "unemployment_score": 0.110526, "stackability_score": 0.333333, "stage1_result": "Advances to Scoring" }, "geometry": { "type": "Polygon", "coordinates": [ [ [ -76.609497, 39.311405 ], [ -76.598477, 39.311992 ], [ -76.598069, 39.305222 ], [ -76.608199, 39.304839 ], [ -76.609497, 39.311405 ] ] ] } },
{ "type": "Feature", "properties": { "geoid": "24510120400", "state": "Maryland", "county": "Baltimore city", "classification": "Less Likely", "oztoolclassification": "Less likely to attract OZ investment", "composite_score": 0.309324, "rank": 135, "recommended": 0, "jobs_2022": 187.0, "povrate_2024": 0.128304, "median_hhincome_2024": 60313.0, "unemprate_2024": 0.010753, "vacancyrate_2024": 0.169634, "stackability_count": 2, "pop_2024": 2081.0, "median_homevalue_2024": 319300.0, "job_density_score": 0.008451, "dev_capacity_score": 0.292142, "market_momentum_score": 0.519114, "poverty_score": 0.458228, "income_score": 0.485965, "unemployment_score": 0.031116, "stackability_score": 0.666667, "stage1_result": "Advances to Scoring" }, "geometry": { "type": "Polygon", "coordinates": [ [ [ -76.615302, 39.316413 ], [ -76.60949, 39.316234 ], [ -76.609532, 39.31136 ], [ -76.614955, 39.311065 ], [ -76.615302, 39.316413 ] ] ] } },
{ "type": "Feature", "properties": { "geoid": "24510080301", "state": "Maryland", "county": "Baltimore city", "classification": "Less Likely", "oztoolclassification": "Less likely to attract OZ investment", "composite_score": 0.36492, "rank": 60, "recommended": 1, "jobs_2022": 32.0, "povrate_2024": 0.249736, "median_hhincome_2024": 45509.0, "unemprate_2024": 0.111111, "vacancyrate_2024": 0.293456, "stackability_count": 1, "pop_2024": 1895.0, "median_homevalue_2024": 84100.0, "job_density_score": 0.001133, "dev_capacity_score": 0.269893, "market_momentum_score": 0.609246, "poverty_score": 0.891914, "income_score": 0.61759, "unemployment_score": 0.32153, "stackability_score": 0.333333, "stage1_result": "Advances to Scoring" }, "geometry": { "type": "Polygon", "coordinates": [ [ [ -76.584365, 39.308929 ], [ -76.580103, 39.30906 ], [ -76.579704, 39.302482 ], [ -76.583901, 39.302313 ], [ -76.584365, 39.308929 ] ] ] } },
{ "type": "Feature", "properties": { "geoid": "24510271801", "state": "Maryland", "county": "Baltimore city", "classification": "Already Attractive", "oztoolclassification": "Likely to attract capital even without OZ designation", "composite_score": null, "rank": 356, "recommended": 0, "jobs_2022": 200.0, "povrate_2024": 0.359258, "median_hhincome_2024": null, "unemprate_2024": 0.065353, "vacancyrate_2024": 0.1749, "stackability_count": 1, "pop_2024": 2537.0, "median_homevalue_2024": 197500.0, "job_density_score": 0.009065, "dev_capacity_score": 0.124542, "market_momentum_score": 0.631502, "poverty_score": 0.716936, "income_score": null, "unemployment_score": 0.189116, "stackability_score": 0.333333, "stage1_result": "Advances to Scoring" }, "geometry": { "type": "Polygon", "coordinates": [ [ [ -76.689896, 39.34772 ], [ -76.683358, 39.351757 ], [ -76.681322, 39.350604 ], [ -76.67596, 39.349028 ], [ -76.6808, 39.345951 ], [ -76.683519, 39.34294 ], [ -76.689896, 39.34772 ] ] ] } },
{ "type": "Feature", "properties": { "geoid": "24510150900", "state": "Maryland", "county": "Baltimore city", "classification": "Already Attractive", "oztoolclassification": "Likely to attract capital even without OZ designation", "composite_score": null, "rank": 356, "recommended": 0, "jobs_2022": 68.0, "povrate_2024": 0.437696, "median_hhincome_2024": null, "unemprate_2024": 0.250789, "vacancyrate_2024": 0.186813, "stackability_count": 1, "pop_2024": 3820.0, "median_homevalue_2024": 236800.0, "job_density_score": 0.002833, "dev_capacity_score": 0.104284, "market_momentum_score": 0.526228, "poverty_score": 0.436799, "income_score": null, "unemployment_score": 0.725725, "stackability_score": 0.333333, "stage1_result": "Advances to Scoring" }, "geometry": { "type": "Polygon", "coordinates": [ [ [ -76.690431, 39.310017 ], [ -76.690004, 39.312386 ], [ -76.685457, 39.312767 ], [ -76.686469, 39.313545 ], [ -76.685965, 39.314706 ], [ -76.687528, 39.315996 ], [ -76.686691, 39.316493 ], [ -76.688862, 39.31903 ], [ -76.687661, 39.320093 ], [ -76.68753, 39.321176 ], [ -76.690145, 39.320985 ], [ -76.689193, 39.32202 ], [ -76.690069, 39.323586 ], [ -76.682564, 39.325842 ], [ -76.681084, 39.323358 ], [ -76.682747, 39.322852 ], [ -76.681914, 39.321316 ], [ -76.681495, 39.316066 ], [ -76.680565, 39.310762 ], [ -76.67976, 39.308974 ], [ -76.679867, 39.307467 ], [ -76.679015, 39.306746 ], [ -76.676717, 39.306749 ], [ -76.675703, 39.305946 ], [ -76.674123, 39.306268 ], [ -76.673606, 39.303133 ], [ -76.67421, 39.302373 ], [ -76.675441, 39.303517 ], [ -76.678607, 39.304732 ], [ -76.679736, 39.30584 ], [ -76.681403, 39.306571 ], [ -76.687203, 39.305491 ], [ -76.690431, 39.310017 ] ] ] } },
{ "type": "Feature", "properties": { "geoid": "24510080700", "state": "Maryland", "county": "Baltimore city", "classification": "Goldilocks", "oztoolclassification": "More likely to attract OZ investment, with larger impact", "composite_score": 0.32743, "rank": 114, "recommended": 0, "jobs_2022": 49.0, "povrate_2024": 0.390625, "median_hhincome_2024": 55500.0, "unemprate_2024": 0.105155, "vacancyrate_2024": 0.361552, "stackability_count": 1, "pop_2024": 1024.0, "median_homevalue_2024": 277500.0, "job_density_score": 0.001936, "dev_capacity_score": 0.425103, "market_momentum_score": 0.578808, "poverty_score": 0.604911, "income_score": 0.528759, "unemployment_score": 0.304294, "stackability_score": 0.333333, "stage1_result": "Advances to Scoring" }, "geometry": { "type": "Polygon", "coordinates": [ [ [ -76.598278, 39.308425 ], [ -76.588483, 39.308805 ], [ -76.588286, 39.30564 ], [ -76.598069, 39.305222 ], [ -76.598278, 39.308425 ] ] ] } },
{ "type": "Feature", "properties": { "geoid": "24510261000", "state": "Maryland", "county": "Baltimore city", "classification": "Already Attractive", "oztoolclassification": "Likely to attract capital even without OZ designation", "composite_score": 0.251279, "rank": 238, "recommended": 0, "jobs_2022": 169.0, "povrate_2024": 0.228858, "median_hhincome_2024": 98125.0, "unemprate_2024": 0.030584, "vacancyrate_2024": 0.203518, "stackability_count": 1, "pop_2024": 2024.0, "median_homevalue_2024": 261800.0, "job_density_score": 0.007602, "dev_capacity_score": 0.033852, "market_momentum_score": 0.502759, "poverty_score": 0.817351, "income_score": 0.149772, "unemployment_score": 0.088503, "stackability_score": 0.333333, "stage1_result": "Advances to Scoring" }, "geometry": { "type": "Polygon", "coordinates": [ [ [ -76.572661, 39.299237 ], [ -76.569892, 39.299291 ], [ -76.569091, 39.287565 ], [ -76.571607, 39.287477 ], [ -76.571954, 39.292396 ], [ -76.57238, 39.292381 ], [ -76.572437, 39.292938 ], [ -76.572661, 39.299237 ] ] ] } },
{ "type": "Feature", "properties": { "geoid": "24510160300", "state": "Maryland", "county": "Baltimore city", "classification": "Less Likely", "oztoolclassification": "Less likely to attract OZ investment", "composite_score": 0.389641, "rank": 38, "recommended": 1, "jobs_2022": 161.0, "povrate_2024": 0.413907, "median_hhincome_2024": 18693.0, "unemprate_2024": 0.227778, "vacancyrate_2024": 0.248711, "stackability_count": 1, "pop_2024": 1628.0, "median_homevalue_2024": 178400.0, "job_density_score": 0.007224, "dev_capacity_score": 0.440764, "market_momentum_score": 0.679854, "poverty_score": 0.52176, "income_score": 0.856016, "unemployment_score": 0.659137, "stackability_score": 0.333333, "stage1_result": "Advances to Scoring" }, "geometry": { "type": "Polygon", "coordinates": [ [ [ -76.646118, 39.303112 ], [ -76.643218, 39.303211 ], [ -76.642696, 39.294009 ], [ -76.64552, 39.293895 ], [ -76.646118, 39.303112 ] ] ] } },
{ "type": "Feature", "properties": { "geoid": "24510200702", "state": "Maryland", "county": "Baltimore city", "classification": "Goldilocks", "oztoolclassification": "More likely to attract OZ investment, with larger impact", "composite_score": 0.29507, "rank": 170, "recommended": 0, "jobs_2022": 44.0, "povrate_2024": 0.18419, "median_hhincome_2024": 50901.0, "unemprate_2024": 0.083032, "vacancyrate_2024": 0.08062, "stackability_count": 1, "pop_2024": 1265.0, "median_homevalue_2024": 106100.0, "job_density_score": 0.0017, "dev_capacity_score": 0.114997, "market_momentum_score": 0.559007, "poverty_score": 0.65782, "income_score": 0.569649, "unemployment_score": 0.240277, "stackability_score": 0.333333, "stage1_result": "Advances to Scoring" }, "geometry": { "type": "Polygon", "coordinates": [ [ [ -76.680813, 39.284149 ], [ -76.676368, 39.288165 ], [ -76.673235, 39.285904 ], [ -76.672316, 39.285832 ], [ -76.672167, 39.281087 ], [ -76.676208, 39.283123 ], [ -76.680813, 39.284149 ] ] ] } },
{ "type": "Feature", "properties": { "geoid": "24510020200", "state": "Maryland", "county": "Baltimore city", "classification": "Less Likely", "oztoolclassification": "Less likely to attract OZ investment", "composite_score": 0.272456, "rank": 199, "recommended": 0, "jobs_2022": 208.0, "povrate_2024": 0.23082, "median_hhincome_2024": 63533.0, "unemprate_2024": 0.028634, "vacancyrate_2024": 0.151544, "stackability_count": 1, "pop_2024": 1512.0, "median_homevalue_2024": 330900.0, "job_density_score": 0.009443, "dev_capacity_score": 0.031937, "market_momentum_score": 0.397743, "poverty_score": 0.824357, "income_score": 0.457336, "unemployment_score": 0.082861, "stackability_score": 0.333333, "stage1_result": "Advances to Scoring" }, "geometry": { "type": "Polygon", "coordinates": [ [ [ -76.593944, 39.291542 ], [ -76.590468, 39.291679 ], [ -76.590113, 39.285735 ], [ -76.593557, 39.285578 ], [ -76.593944, 39.291542 ] ] ] } },
{ "type": "Feature", "properties": { "geoid": "24510260604", "state": "Maryland", "county": "Baltimore city", "classification": "Goldilocks", "oztoolclassification": "More likely to attract OZ investment, with larger impact", "composite_score": 0.287612, "rank": 179, "recommended": 0, "jobs_2022": 59.0, "povrate_2024": 0.399586, "median_hhincome_2024": 41467.0, "unemprate_2024": 0.06051, "vacancyrate_2024": 0.154294, "stackability_count": 1, "pop_2024": 1449.0, "median_homevalue_2024": 141300.0, "job_density_score": 0.002408, "dev_capacity_score": 0.128359, "market_momentum_score": 0.56189, "poverty_score": 0.572907, "income_score": 0.653528, "unemployment_score": 0.175101, "stackability_score": 0.333333, "stage1_result": "Advances to Scoring" }, "geometry": { "type": "Polygon", "coordinates": [ [ [ -76.543805, 39.281443 ], [ -76.535704, 39.281793 ], [ -76.533504, 39.277541 ], [ -76.535068, 39.276083 ], [ -76.534993, 39.275293 ], [ -76.537395, 39.274852 ], [ -76.537924, 39.27484 ], [ -76.538005, 39.276466 ], [ -76.54364, 39.276282 ], [ -76.543805, 39.281443 ] ] ] } },
{ "type": "Feature", "properties": { "geoid": "24510280402", "state": "Maryland", "county": "Baltimore city", "classification": "Less Likely", "oztoolclassification": "Less likely to attract OZ investment", "composite_score": 0.235554, "rank": 271, "recommended": 0, "jobs_2022": 80.0, "povrate_2024": 0.10734, "median_hhincome_2024": 54444.0, "unemprate_2024": 0.044037, "vacancyrate_2024": 0.02447, "stackability_count": 1, "pop_2024": 1299.0, "median_homevalue_2024": 161500.0, "job_density_score": 0.003399, "dev_capacity_score": 0.064948, "market_momentum_score": 0.552278, "poverty_score": 0.383358, "income_score": 0.538148, "unemployment_score": 0.127432, "stackability_score": 0.333333, "stage1_result": "Advances to Scoring" }, "geometry": { "type": "Polygon", "coordinates": [ [ [ -76.69496, 39.304014 ], [ -76.694244, 39.304929 ], [ -76.691517, 39.30456 ], [ -76.689582, 39.305099 ], [ -76.690092, 39.302306 ], [ -76.688139, 39.299172 ], [ -76.686275, 39.299217 ], [ -76.685995, 39.293711 ], [ -76.689425, 39.293581 ], [ -76.689466, 39.294197 ], [ -76.692248, 39.296117 ], [ -76.691572, 39.296734 ], [ -76.693512, 39.297922 ], [ -76.692406, 39.298946 ], [ -76.694592, 39.300806 ], [ -76.694866, 39.302016 ], [ -76.694284, 39.30274 ], [ -76.69496, 39.304014 ] ] ] } },
{ "type": "Feature", "properties": { "geoid": "24510030100", "state": "Maryland", "county": "Baltimore city", "classification": "Goldilocks", "oztoolclassification": "More likely to attract OZ investment, with larger impact", "composite_score": 0.235893, "rank": 268, "recommended": 0, "jobs_2022": 712.0, "povrate_2024": 0.5, "median_hhincome_2024": 57200.0, "unemprate_2024": 0.141643, "vacancyrate_2024": 0.265306, "stackability_count": 1, "pop_2024": 1322.0, "median_homevalue_2024": 279400.0, "job_density_score": 0.033239, "dev_capacity_score": 0.269364, "market_momentum_score": 0.433707, "poverty_score": 0.107143, "income_score": 0.513644, "unemployment_score": 0.409883, "stackability_score": 0.333333, "stage1_result": "Advances to Scoring" }, "geometry": { "type": "Polygon", "coordinates": [ [ [ -76.599687, 39.292536 ], [ -76.594117, 39.293968 ], [ -76.593557, 39.285578 ], [ -76.599227, 39.285337 ], [ -76.599687, 39.292536 ] ] ] } },
{ "type": "Feature", "properties": { "geoid": "24047951500", "state": "Maryland", "county": "Worcester County", "classification": "Less Likely", "oztoolclassification": "Less likely to attract OZ investment", "composite_score": 0.260631, "rank": 223, "recommended": 0, "jobs_2022": 1652.0, "povrate_2024": 0.151788, "median_hhincome_2024": 52264.0, "unemprate_2024": 0.087929, "vacancyrate_2024": 0.136256, "stackability_count": 0, "pop_2024": 4953.0, "median_homevalue_2024": 193300.0, "job_density_score": 0.07762, "dev_capacity_score": 0.068804, "market_momentum_score": 0.716644, "poverty_score": 0.542098, "income_score": 0.55753, "unemployment_score": 0.254447, "stackability_score": 0.0, "stage1_result": "Advances to Scoring" }, "geometry": { "type": "Polygon", "coordinates": [ [ [ -75.661827, 38.041853 ], [ -75.659843, 38.047816 ], [ -75.655746, 38.052599 ], [ -75.65361, 38.052855 ], [ -75.649604, 38.0521 ], [ -75.648757, 38.051337 ], [ -75.648941, 38.04838 ], [ -75.647888, 38.04679 ], [ -75.643324, 38.045355 ], [ -75.638404, 38.044722 ], [ -75.637374, 38.045168 ], [ -75.635916, 38.047217 ], [ -75.635955, 38.048209 ], [ -75.637283, 38.050593 ], [ -75.636451, 38.051684 ], [ -75.631958, 38.053328 ], [ -75.62854, 38.053904 ], [ -75.62606, 38.053755 ], [ -75.622665, 38.054972 ], [ -75.620666, 38.056357 ], [ -75.619323, 38.058165 ], [ -75.616469, 38.063944 ], [ -75.616203, 38.065062 ], [ -75.618461, 38.068503 ], [ -75.618904, 38.070231 ], [ -75.618507, 38.071959 ], [ -75.617522, 38.073016 ], [ -75.615234, 38.074046 ], [ -75.609085, 38.075629 ], [ -75.606498, 38.075545 ], [ -75.604423, 38.074297 ], [ -75.601783, 38.070578 ], [ -75.599586, 38.069384 ], [ -75.589171, 38.067969 ], [ -75.581222, 38.068301 ], [ -75.578712, 38.069033 ], [ -75.574592, 38.071639 ], [ -75.57154, 38.075102 ], [ -75.570999, 38.07704 ], [ -75.572488, 38.081163 ], [ -75.572522, 38.083108 ], [ -75.571667, 38.0853 ], [ -75.568816, 38.08745 ], [ -75.562193, 38.088404 ], [ -75.56011, 38.08729 ], [ -75.558455, 38.085722 ], [ -75.556007, 38.084822 ], [ -75.553328, 38.084818 ], [ -75.545806, 38.086749 ], [ -75.539847, 38.089919 ], [ -75.533912, 38.090491 ], [ -75.533592, 38.089594 ], [ -75.532203, 38.089255 ], [ -75.532493, 38.088469 ], [ -75.531837, 38.087954 ], [ -75.537322, 38.085493 ], [ -75.540184, 38.082861 ], [ -75.541238, 38.080492 ], [ -75.542472, 38.072829 ], [ -75.543974, 38.070303 ], [ -75.546821, 38.067294 ], [ -75.548248, 38.064677 ], [ -75.545456, 38.061096 ], [ -75.544015, 38.05536 ], [ -75.541758, 38.033907 ], [ -75.541609, 38.029803 ], [ -75.544815, 38.007456 ], [ -75.544258, 38.004877 ], [ -75.541951, 38.001358 ], [ -75.624343, 37.994208 ], [ -75.621169, 37.998484 ], [ -75.619543, 38.005469 ], [ -75.619728, 38.007124 ], [ -75.621589, 38.008437 ], [ -75.623579, 38.009032 ], [ -75.626472, 38.007574 ], [ -75.628943, 38.007414 ], [ -75.631683, 38.0115 ], [ -75.631866, 38.012736 ], [ -75.630919, 38.015963 ], [ -75.631072, 38.016898 ], [ -75.63504, 38.021277 ], [ -75.636969, 38.022574 ], [ -75.639288, 38.022978 ], [ -75.64102, 38.022284 ], [ -75.64276, 38.020457 ], [ -75.644264, 38.020148 ], [ -75.645851, 38.020636 ], [ -75.646759, 38.021769 ], [ -75.648223, 38.025359 ], [ -75.649154, 38.026362 ], [ -75.653404, 38.027956 ], [ -75.657378, 38.031355 ], [ -75.659216, 38.034434 ], [ -75.661468, 38.039919 ], [ -75.661827, 38.041853 ] ] ] } },
{ "type": "Feature", "properties": { "geoid": "24047951000", "state": "Maryland", "county": "Worcester County", "classification": "Less Likely", "oztoolclassification": "Less likely to attract OZ investment", "composite_score": null, "rank": null, "recommended": 0, "jobs_2022": 2957.0, "povrate_2024": 0.217476, "median_hhincome_2024": 69327.0, "unemprate_2024": 0.036908, "vacancyrate_2024": 0.092176, "stackability_count": 0, "pop_2024": 4783.0, "median_homevalue_2024": 372000.0, "job_density_score": null, "dev_capacity_score": null, "market_momentum_score": null, "poverty_score": null, "income_score": null, "unemployment_score": null, "stackability_score": null, "stage1_result": "Eliminated — Already Attractive" }, "geometry": { "type": "Polygon", "coordinates": [ [ [ -75.239189, 38.306986 ], [ -75.222236, 38.326006 ], [ -75.220565, 38.330271 ], [ -75.220908, 38.335448 ], [ -75.219496, 38.340186 ], [ -75.219771, 38.344088 ], [ -75.218597, 38.345789 ], [ -75.215529, 38.348509 ], [ -75.215042, 38.348578 ], [ -75.213844, 38.342856 ], [ -75.199516, 38.341315 ], [ -75.196249, 38.341639 ], [ -75.189932, 38.34318 ], [ -75.188239, 38.339617 ], [ -75.188041, 38.336577 ], [ -75.186973, 38.334673 ], [ -75.189979, 38.32852 ], [ -75.190024, 38.327135 ], [ -75.193519, 38.325758 ], [ -75.19075, 38.322409 ], [ -75.19033, 38.320651 ], [ -75.192145, 38.31687 ], [ -75.191795, 38.314284 ], [ -75.192932, 38.312636 ], [ -75.191604, 38.310732 ], [ -75.189582, 38.309382 ], [ -75.190131, 38.307829 ], [ -75.189994, 38.30659 ], [ -75.187193, 38.303664 ], [ -75.186058, 38.299586 ], [ -75.18775, 38.299105 ], [ -75.188307, 38.300154 ], [ -75.191291, 38.299986 ], [ -75.197425, 38.301234 ], [ -75.205291, 38.305289 ], [ -75.207374, 38.303755 ], [ -75.211295, 38.302218 ], [ -75.211807, 38.301592 ], [ -75.21421, 38.30321 ], [ -75.219, 38.304652 ], [ -75.226913, 38.305941 ], [ -75.239189, 38.306986 ] ] ] } },
{ "type": "Feature", "properties": { "geoid": "24047951300", "state": "Maryland", "county": "Worcester County", "classification": "Less Likely", "oztoolclassification": "Less likely to attract OZ investment", "composite_score": 0.281745, "rank": 187, "recommended": 0, "jobs_2022": 1594.0, "povrate_2024": 0.174718, "median_hhincome_2024": 49167.0, "unemprate_2024": 0.117726, "vacancyrate_2024": 0.076423, "stackability_count": 0, "pop_2024": 2984.0, "median_homevalue_2024": 215200.0, "job_density_score": 0.074882, "dev_capacity_score": 0.068804, "market_momentum_score": 0.716644, "poverty_score": 0.623995, "income_score": 0.585066, "unemployment_score": 0.340672, "stackability_score": 0.0, "stage1_result": "Advances to Scoring" }, "geometry": { "type": "Polygon", "coordinates": [ [ [ -75.436095, 38.143565 ], [ -75.435256, 38.145377 ], [ -75.435752, 38.147414 ], [ -75.43534, 38.147582 ], [ -75.435347, 38.149195 ], [ -75.434226, 38.149428 ], [ -75.433021, 38.155886 ], [ -75.430618, 38.158057 ], [ -75.428062, 38.159094 ], [ -75.421936, 38.159605 ], [ -75.418892, 38.163164 ], [ -75.417327, 38.166502 ], [ -75.416305, 38.167166 ], [ -75.414076, 38.167414 ], [ -75.408408, 38.17298 ], [ -75.404517, 38.174235 ], [ -75.403909, 38.17519 ], [ -75.404286, 38.176699 ], [ -75.40105, 38.178034 ], [ -75.40053, 38.177915 ], [ -75.399737, 38.176142 ], [ -75.399185, 38.176086 ], [ -75.396825, 38.178163 ], [ -75.392697, 38.179828 ], [ -75.393266, 38.184614 ], [ -75.391355, 38.187631 ], [ -75.387267, 38.187586 ], [ -75.382804, 38.190913 ], [ -75.383688, 38.191832 ], [ -75.382759, 38.193915 ], [ -75.382919, 38.194743 ], [ -75.38462, 38.195715 ], [ -75.385168, 38.197329 ], [ -75.382263, 38.198389 ], [ -75.382201, 38.20019 ], [ -75.383354, 38.200617 ], [ -75.384559, 38.200179 ], [ -75.384681, 38.20151 ], [ -75.385345, 38.202284 ], [ -75.383803, 38.203822 ], [ -75.382033, 38.203234 ], [ -75.378273, 38.195738 ], [ -75.379584, 38.194724 ], [ -75.379595, 38.192673 ], [ -75.376312, 38.18846 ], [ -75.374977, 38.189116 ], [ -75.37467, 38.188555 ], [ -75.375312, 38.184824 ], [ -75.37297, 38.177573 ], [ -75.372924, 38.174418 ], [ -75.374312, 38.165255 ], [ -75.376419, 38.161112 ], [ -75.378646, 38.159144 ], [ -75.396057, 38.147875 ], [ -75.401847, 38.145419 ], [ -75.416282, 38.143866 ], [ -75.419555, 38.142817 ], [ -75.425674, 38.139513 ], [ -75.427284, 38.139445 ], [ -75.428122, 38.139628 ], [ -75.430122, 38.141966 ], [ -75.434851, 38.142813 ], [ -75.436095, 38.143565 ] ] ] } },
{ "type": "Feature", "properties": { "geoid": "24510080200", "state": "Maryland", "county": "Baltimore city", "classification": "Already Attractive", "oztoolclassification": "Likely to attract capital even without OZ designation", "composite_score": 0.270466, "rank": 204, "recommended": 0, "jobs_2022": 362.0, "povrate_2024": 0.460443, "median_hhincome_2024": 54766.0, "unemprate_2024": 0.06746, "vacancyrate_2024": 0.306557, "stackability_count": 1, "pop_2024": 1264.0, "median_homevalue_2024": null, "job_density_score": 0.016714, "dev_capacity_score": 0.455793, "market_momentum_score": 0.649438, "poverty_score": 0.17778, "income_score": 0.535285, "unemployment_score": 0.195215, "stackability_score": 0.333333, "stage1_result": "Advances to Scoring" }, "geometry": { "type": "Polygon", "coordinates": [ [ [ -76.590619, 39.315073 ], [ -76.589881, 39.316123 ], [ -76.581813, 39.314553 ], [ -76.582164, 39.314243 ], [ -76.573145, 39.314316 ], [ -76.573046, 39.309338 ], [ -76.588507, 39.308679 ], [ -76.588812, 39.314343 ], [ -76.59057, 39.314304 ], [ -76.590619, 39.315073 ] ] ] } },
{ "type": "Feature", "properties": { "geoid": "24510080302", "state": "Maryland", "county": "Baltimore city", "classification": "Less Likely", "oztoolclassification": "Less likely to attract OZ investment", "composite_score": 0.395364, "rank": 29, "recommended": 1, "jobs_2022": 236.0, "povrate_2024": 0.311011, "median_hhincome_2024": 39167.0, "unemprate_2024": 0.34557, "vacancyrate_2024": 0.094118, "stackability_count": 1, "pop_2024": 2225.0, "median_homevalue_2024": 156200.0, "job_density_score": 0.010765, "dev_capacity_score": 0.028992, "market_momentum_score": 0.578705, "poverty_score": 0.889246, "income_score": 0.673978, "unemployment_score": 1.0, "stackability_score": 0.333333, "stage1_result": "Advances to Scoring" }, "geometry": { "type": "Polygon", "coordinates": [ [ [ -76.580103, 39.30906 ], [ -76.573046, 39.309338 ], [ -76.572793, 39.302721 ], [ -76.579704, 39.302482 ], [ -76.580103, 39.30906 ] ] ] } },
{ "type": "Feature", "properties": { "geoid": "24510080400", "state": "Maryland", "county": "Baltimore city", "classification": "Already Attractive", "oztoolclassification": "Likely to attract capital even without OZ designation", "composite_score": 0.346382, "rank": 80, "recommended": 1, "jobs_2022": 182.0, "povrate_2024": 0.207196, "median_hhincome_2024": 35955.0, "unemprate_2024": 0.059497, "vacancyrate_2024": 0.327303, "stackability_count": 1, "pop_2024": 806.0, "median_homevalue_2024": null, "job_density_score": 0.008215, "dev_capacity_score": 0.307782, "market_momentum_score": 0.619585, "poverty_score": 0.739986, "income_score": 0.702537, "unemployment_score": 0.17217, "stackability_score": 0.333333, "stage1_result": "Advances to Scoring" }, "geometry": { "type": "Polygon", "coordinates": [ [ [ -76.588507, 39.308679 ], [ -76.584365, 39.308929 ], [ -76.583901, 39.302313 ], [ -76.586192, 39.302416 ], [ -76.588135, 39.303218 ], [ -76.588507, 39.308679 ] ] ] } },
{ "type": "Feature", "properties": { "geoid": "24510080500", "state": "Maryland", "county": "Baltimore city", "classification": "Less Likely", "oztoolclassification": "Less likely to attract OZ investment", "composite_score": 0.273061, "rank": 198, "recommended": 0, "jobs_2022": 255.0, "povrate_2024": 0.519119, "median_hhincome_2024": 27140.0, "unemprate_2024": 0.14135, "vacancyrate_2024": 0.244295, "stackability_count": 1, "pop_2024": 1543.0, "median_homevalue_2024": 47600.0, "job_density_score": 0.011662, "dev_capacity_score": 0.191391, "market_momentum_score": 0.748307, "poverty_score": 0.073002, "income_score": 0.780912, "unemployment_score": 0.409035, "stackability_score": 0.333333, "stage1_result": "Advances to Scoring" }, "geometry": { "type": "Polygon", "coordinates": [ [ [ -76.599057, 39.312961 ], [ -76.594867, 39.317238 ], [ -76.589881, 39.316123 ], [ -76.590567, 39.315353 ], [ -76.59057, 39.314304 ], [ -76.588812, 39.314343 ], [ -76.588692, 39.312419 ], [ -76.59937, 39.311942 ], [ -76.599057, 39.312961 ] ] ] } },
{ "type": "Feature", "properties": { "geoid": "24510080600", "state": "Maryland", "county": "Baltimore city", "classification": "Less Likely", "oztoolclassification": "Less likely to attract OZ investment", "composite_score": 0.358878, "rank": 68, "recommended": 1, "jobs_2022": 23.0, "povrate_2024": 0.229091, "median_hhincome_2024": 54167.0, "unemprate_2024": 0.111825, "vacancyrate_2024": 0.421006, "stackability_count": 1, "pop_2024": 1375.0, "median_homevalue_2024": 159500.0, "job_density_score": 0.000708, "dev_capacity_score": 0.335435, "market_momentum_score": 0.657377, "poverty_score": 0.818182, "income_score": 0.54061, "unemployment_score": 0.323597, "stackability_score": 0.333333, "stage1_result": "Advances to Scoring" }, "geometry": { "type": "Polygon", "coordinates": [ [ [ -76.598477, 39.311992 ], [ -76.588692, 39.312419 ], [ -76.588483, 39.308805 ], [ -76.598278, 39.308425 ], [ -76.598477, 39.311992 ] ] ] } },
{ "type": "Feature", "properties": { "geoid": "24510090100", "state": "Maryland", "county": "Baltimore city", "classification": "Less Likely", "oztoolclassification": "Less likely to attract OZ investment", "composite_score": 0.253787, "rank": 233, "recommended": 0, "jobs_2022": 417.0, "povrate_2024": 0.139548, "median_hhincome_2024": 69029.0, "unemprate_2024": 0.08702, "vacancyrate_2024": 0.090909, "stackability_count": 1, "pop_2024": 3626.0, "median_homevalue_2024": 201500.0, "job_density_score": 0.019311, "dev_capacity_score": 0.055923, "market_momentum_score": 0.555334, "poverty_score": 0.498385, "income_score": 0.40847, "unemployment_score": 0.251816, "stackability_score": 0.333333, "stage1_result": "Advances to Scoring" }, "geometry": { "type": "Polygon", "coordinates": [ [ [ -76.6096, 39.340181 ], [ -76.607699, 39.340227 ], [ -76.607667, 39.339677 ], [ -76.606389, 39.339707 ], [ -76.606373, 39.340172 ], [ -76.605516, 39.340445 ], [ -76.600866, 39.340416 ], [ -76.600211, 39.340064 ], [ -76.599189, 39.337648 ], [ -76.595443, 39.33403 ], [ -76.607548, 39.334046 ], [ -76.607537, 39.334483 ], [ -76.609508, 39.334456 ], [ -76.6096, 39.340181 ] ] ] } },
{ "type": "Feature", "properties": { "geoid": "24510250101", "state": "Maryland", "county": "Baltimore city", "classification": "Less Likely", "oztoolclassification": "Less likely to attract OZ investment", "composite_score": 0.157313, "rank": 350, "recommended": 0, "jobs_2022": 216.0, "povrate_2024": 0.086656, "median_hhincome_2024": 66767.0, "unemprate_2024": 0.014948, "vacancyrate_2024": 0.039977, "stackability_count": 0, "pop_2024": 3776.0, "median_homevalue_2024": 189800.0, "job_density_score": 0.009821, "dev_capacity_score": 0.043117, "market_momentum_score": 0.564508, "poverty_score": 0.309486, "income_score": 0.428582, "unemployment_score": 0.043257, "stackability_score": 0.0, "stage1_result": "Advances to Scoring" }, "geometry": { "type": "Polygon", "coordinates": [ [ [ -76.710978, 39.27792 ], [ -76.707268, 39.27938 ], [ -76.705382, 39.280843 ], [ -76.693682, 39.281443 ], [ -76.695764, 39.277696 ], [ -76.693894, 39.274947 ], [ -76.69268, 39.271824 ], [ -76.698892, 39.272705 ], [ -76.710978, 39.27792 ] ] ] } },
{ "type": "Feature", "properties": { "geoid": "24510250102", "state": "Maryland", "county": "Baltimore city", "classification": "Less Likely", "oztoolclassification": "Less likely to attract OZ investment", "composite_score": 0.235651, "rank": 270, "recommended": 0, "jobs_2022": 227.0, "povrate_2024": 0.10003, "median_hhincome_2024": 61199.0, "unemprate_2024": 0.078962, "vacancyrate_2024": 0.0875, "stackability_count": 1, "pop_2024": 3289.0, "median_homevalue_2024": 158000.0, "job_density_score": 0.01034, "dev_capacity_score": 0.030917, "market_momentum_score": 0.591622, "poverty_score": 0.357251, "income_score": 0.478088, "unemployment_score": 0.228498, "stackability_score": 0.333333, "stage1_result": "Advances to Scoring" }, "geometry": { "type": "Polygon", "coordinates": [ [ [ -76.695758, 39.277838 ], [ -76.693682, 39.281443 ], [ -76.68561, 39.281679 ], [ -76.685501, 39.27884 ], [ -76.685903, 39.27822 ], [ -76.683581, 39.276569 ], [ -76.688192, 39.274505 ], [ -76.689454, 39.272116 ], [ -76.69268, 39.271824 ], [ -76.693815, 39.274795 ], [ -76.695758, 39.277838 ] ] ] } },
{ "type": "Feature", "properties": { "geoid": "24510250103", "state": "Maryland", "county": "Baltimore city", "classification": "Less Likely", "oztoolclassification": "Less likely to attract OZ investment", "composite_score": 0.392025, "rank": 35, "recommended": 1, "jobs_2022": 6081.0, "povrate_2024": 0.202917, "median_hhincome_2024": 38732.0, "unemprate_2024": 0.048667, "vacancyrate_2024": 0.088542, "stackability_count": 0, "pop_2024": 3266.0, "median_homevalue_2024": 196700.0, "job_density_score": 0.286733, "dev_capacity_score": 0.543153, "market_momentum_score": 0.530706, "poverty_score": 0.724705, "income_score": 0.677846, "unemployment_score": 0.14083, "stackability_score": 0.0, "stage1_result": "Advances to Scoring" }, "geometry": { "type": "Polygon", "coordinates": [ [ [ -76.698892, 39.272705 ], [ -76.694526, 39.271841 ], [ -76.689454, 39.272116 ], [ -76.688192, 39.274505 ], [ -76.682293, 39.277267 ], [ -76.681265, 39.276888 ], [ -76.679591, 39.277123 ], [ -76.676677, 39.274385 ], [ -76.675811, 39.2741 ], [ -76.674831, 39.274972 ], [ -76.671563, 39.275933 ], [ -76.671489, 39.273887 ], [ -76.667122, 39.266139 ], [ -76.664882, 39.260554 ], [ -76.664322, 39.257442 ], [ -76.698892, 39.272705 ] ] ] } },
{ "type": "Feature", "properties": { "geoid": "24510250203", "state": "Maryland", "county": "Baltimore city", "classification": "Less Likely", "oztoolclassification": "Less likely to attract OZ investment", "composite_score": 0.30797, "rank": 138, "recommended": 0, "jobs_2022": 843.0, "povrate_2024": 0.184304, "median_hhincome_2024": 42750.0, "unemprate_2024": 0.080899, "vacancyrate_2024": 0.09507, "stackability_count": 1, "pop_2024": 1682.0, "median_homevalue_2024": 77800.0, "job_density_score": 0.039424, "dev_capacity_score": 0.051123, "market_momentum_score": 0.583333, "poverty_score": 0.65823, "income_score": 0.642121, "unemployment_score": 0.234103, "stackability_score": 0.333333, "stage1_result": "Advances to Scoring" }, "geometry": { "type": "Polygon", "coordinates": [ [ [ -76.625273, 39.249067 ], [ -76.617349, 39.252412 ], [ -76.617891, 39.254013 ], [ -76.616437, 39.257216 ], [ -76.610488, 39.254706 ], [ -76.608288, 39.254706 ], [ -76.609089, 39.249906 ], [ -76.612489, 39.246606 ], [ -76.614642, 39.241092 ], [ -76.621721, 39.241702 ], [ -76.618824, 39.24575 ], [ -76.625273, 39.249067 ] ] ] } },
{ "type": "Feature", "properties": { "geoid": "24510250204", "state": "Maryland", "county": "Baltimore city", "classification": "Already Attractive", "oztoolclassification": "Likely to attract capital even without OZ designation", "composite_score": 0.260369, "rank": 224, "recommended": 0, "jobs_2022": 185.0, "povrate_2024": 0.489549, "median_hhincome_2024": 21016.0, "unemprate_2024": 0.126391, "vacancyrate_2024": 0.084483, "stackability_count": 1, "pop_2024": 4306.0, "median_homevalue_2024": null, "job_density_score": 0.008357, "dev_capacity_score": 0.132064, "market_momentum_score": 0.603474, "poverty_score": 0.125805, "income_score": 0.835362, "unemployment_score": 0.365747, "stackability_score": 0.333333, "stage1_result": "Advances to Scoring" }, "geometry": { "type": "Polygon", "coordinates": [ [ [ -76.635088, 39.252484 ], [ -76.633708, 39.258598 ], [ -76.632768, 39.257731 ], [ -76.634311, 39.25511 ], [ -76.633742, 39.252977 ], [ -76.632742, 39.251655 ], [ -76.628077, 39.250031 ], [ -76.627427, 39.25158 ], [ -76.626169, 39.251781 ], [ -76.625086, 39.250074 ], [ -76.626779, 39.250482 ], [ -76.627535, 39.249821 ], [ -76.623206, 39.248239 ], [ -76.618824, 39.24575 ], [ -76.621721, 39.241702 ], [ -76.626871, 39.242441 ], [ -76.62933, 39.244068 ], [ -76.634109, 39.249845 ], [ -76.635088, 39.252484 ] ] ] } },
{ "type": "Feature", "properties": { "geoid": "24005400701", "state": "Maryland", "county": "Baltimore County", "classification": "Less Likely", "oztoolclassification": "Less likely to attract OZ investment", "composite_score": 0.225578, "rank": 285, "recommended": 0, "jobs_2022": 910.0, "povrate_2024": 0.086588, "median_hhincome_2024": 88438.0, "unemprate_2024": 0.055741, "vacancyrate_2024": 0.012438, "stackability_count": 1, "pop_2024": 3303.0, "median_homevalue_2024": 337700.0, "job_density_score": 0.042587, "dev_capacity_score": 0.068804, "market_momentum_score": 0.716644, "poverty_score": 0.309243, "income_score": 0.235901, "unemployment_score": 0.161301, "stackability_score": 0.333333, "stage1_result": "Advances to Scoring" }, "geometry": { "type": "Polygon", "coordinates": [ [ [ -76.738846, 39.286335 ], [ -76.725106, 39.289755 ], [ -76.72311, 39.2887 ], [ -76.715572, 39.282143 ], [ -76.716352, 39.281103 ], [ -76.724303, 39.281088 ], [ -76.727655, 39.279898 ], [ -76.738846, 39.286335 ] ] ] } },
{ "type": "Feature", "properties": { "geoid": "24019970300", "state": "Maryland", "county": "Dorchester County", "classification": "Less Likely", "oztoolclassification": "Less likely to attract OZ investment", "composite_score": 0.178154, "rank": 336, "recommended": 0, "jobs_2022": 598.0, "povrate_2024": 0.063279, "median_hhincome_2024": 70274.0, "unemprate_2024": 0.070135, "vacancyrate_2024": 0.082027, "stackability_count": 0, "pop_2024": 4399.0, "median_homevalue_2024": 261100.0, "job_density_score": 0.027856, "dev_capacity_score": 0.068804, "market_momentum_score": 0.716644, "poverty_score": 0.225998, "income_score": 0.3974, "unemployment_score": 0.202954, "stackability_score": 0.0, "stage1_result": "Advances to Scoring" }, "geometry": { "type": "Polygon", "coordinates": [ [ [ -76.025108, 38.556903 ], [ -76.02391, 38.559486 ], [ -76.02465, 38.562713 ], [ -76.024055, 38.565261 ], [ -76.021202, 38.566097 ], [ -76.023147, 38.568695 ], [ -76.02481, 38.573413 ], [ -76.023445, 38.573875 ], [ -76.020591, 38.575958 ], [ -76.016494, 38.579967 ], [ -76.005821, 38.5876 ], [ -75.999656, 38.590351 ], [ -75.993972, 38.59106 ], [ -75.991127, 38.592483 ], [ -75.987655, 38.59703 ], [ -75.983306, 38.604373 ], [ -75.980934, 38.610054 ], [ -75.98085, 38.614261 ], [ -75.981605, 38.618644 ], [ -75.983009, 38.622081 ], [ -75.983512, 38.625114 ], [ -75.979309, 38.630271 ], [ -75.97055, 38.637016 ], [ -75.966445, 38.634971 ], [ -75.958862, 38.63248 ], [ -75.954254, 38.631786 ], [ -75.945265, 38.631637 ], [ -75.941765, 38.630298 ], [ -75.938214, 38.630816 ], [ -75.935673, 38.632538 ], [ -75.934408, 38.632817 ], [ -75.932356, 38.63241 ], [ -75.929427, 38.632952 ], [ -75.928754, 38.632752 ], [ -75.926713, 38.63052 ], [ -75.923672, 38.629922 ], [ -75.922223, 38.630568 ], [ -75.920826, 38.630344 ], [ -75.915184, 38.62704 ], [ -75.912322, 38.627113 ], [ -75.910614, 38.626319 ], [ -75.910881, 38.625774 ], [ -75.910537, 38.625431 ], [ -75.909118, 38.625289 ], [ -75.908042, 38.623519 ], [ -75.906654, 38.623641 ], [ -75.903488, 38.621337 ], [ -75.899734, 38.621685 ], [ -75.896903, 38.618515 ], [ -75.896286, 38.614253 ], [ -75.888793, 38.606544 ], [ -75.878852, 38.593547 ], [ -75.879302, 38.59106 ], [ -75.861122, 38.585563 ], [ -75.838417, 38.577476 ], [ -75.839607, 38.574283 ], [ -75.842033, 38.574649 ], [ -75.847839, 38.568645 ], [ -75.851593, 38.56982 ], [ -75.855186, 38.570327 ], [ -75.856025, 38.569992 ], [ -75.862403, 38.572208 ], [ -75.863403, 38.571949 ], [ -75.867897, 38.573402 ], [ -75.869384, 38.570434 ], [ -75.870544, 38.569843 ], [ -75.873405, 38.57056 ], [ -75.875892, 38.570434 ], [ -75.874885, 38.565452 ], [ -75.870529, 38.562145 ], [ -75.869979, 38.56097 ], [ -75.878486, 38.557697 ], [ -75.880462, 38.55492 ], [ -75.885391, 38.556922 ], [ -75.893665, 38.556297 ], [ -75.918472, 38.559383 ], [ -75.916366, 38.553752 ], [ -75.905708, 38.545223 ], [ -75.89981, 38.542144 ], [ -75.897583, 38.539947 ], [ -75.895004, 38.539123 ], [ -75.891418, 38.536441 ], [ -75.889015, 38.537197 ], [ -75.879455, 38.532714 ], [ -75.87844, 38.529895 ], [ -75.878349, 38.526161 ], [ -75.883987, 38.516342 ], [ -75.885108, 38.517448 ], [ -75.887817, 38.518543 ], [ -75.902008, 38.51715 ], [ -75.92311, 38.520256 ], [ -75.925102, 38.521671 ], [ -75.931167, 38.524513 ], [ -75.934394, 38.527893 ], [ -75.945541, 38.522052 ], [ -75.953659, 38.514125 ], [ -75.959243, 38.507854 ], [ -75.956703, 38.505756 ], [ -75.952147, 38.504244 ], [ -75.950883, 38.504558 ], [ -75.950378, 38.504043 ], [ -75.953041, 38.503429 ], [ -75.955352, 38.503787 ], [ -75.957504, 38.501132 ], [ -75.959159, 38.500698 ], [ -75.960609, 38.49942 ], [ -75.963973, 38.499572 ], [ -75.966949, 38.498466 ], [ -75.97097, 38.495075 ], [ -75.973526, 38.491699 ], [ -75.976043, 38.489456 ], [ -75.980117, 38.488353 ], [ -75.981025, 38.487747 ], [ -75.980606, 38.487182 ], [ -75.981353, 38.487346 ], [ -75.983085, 38.486057 ], [ -75.98281, 38.485412 ], [ -75.984413, 38.485561 ], [ -75.986076, 38.484149 ], [ -75.9859, 38.483825 ], [ -75.98825, 38.483882 ], [ -75.989372, 38.483333 ], [ -75.989151, 38.481544 ], [ -75.989761, 38.480026 ], [ -75.990875, 38.479293 ], [ -75.9925, 38.480102 ], [ -75.994293, 38.481952 ], [ -75.994865, 38.485263 ], [ -75.99195, 38.487857 ], [ -75.991592, 38.488746 ], [ -75.991806, 38.490966 ], [ -75.993827, 38.493579 ], [ -75.991767, 38.497665 ], [ -75.991821, 38.500999 ], [ -75.985031, 38.505912 ], [ -75.983131, 38.506217 ], [ -75.980392, 38.505748 ], [ -75.978858, 38.506313 ], [ -75.97805, 38.507843 ], [ -75.975105, 38.508712 ], [ -75.975036, 38.509559 ], [ -75.975891, 38.510646 ], [ -75.975318, 38.511844 ], [ -75.973205, 38.512687 ], [ -75.97113, 38.511432 ], [ -75.969161, 38.511978 ], [ -75.968345, 38.512897 ], [ -75.97129, 38.514606 ], [ -75.979026, 38.516204 ], [ -75.981285, 38.516143 ], [ -75.986671, 38.51477 ], [ -75.988388, 38.515506 ], [ -75.990089, 38.518901 ], [ -75.99176, 38.519828 ], [ -75.99546, 38.533489 ], [ -75.997756, 38.537879 ], [ -76.001602, 38.540592 ], [ -76.007446, 38.543144 ], [ -76.015426, 38.545558 ], [ -76.01844, 38.547584 ], [ -76.021385, 38.549682 ], [ -76.021118, 38.550052 ], [ -76.022766, 38.552871 ], [ -76.022758, 38.553504 ], [ -76.022117, 38.554004 ], [ -76.024795, 38.555606 ], [ -76.025108, 38.556903 ] ] ] } },
{ "type": "Feature", "properties": { "geoid": "24019970500", "state": "Maryland", "county": "Dorchester County", "classification": "Less Likely", "oztoolclassification": "Less likely to attract OZ investment", "composite_score": 0.229437, "rank": 279, "recommended": 0, "jobs_2022": 726.0, "povrate_2024": 0.542422, "median_hhincome_2024": 16605.0, "unemprate_2024": 0.203798, "vacancyrate_2024": 0.115148, "stackability_count": 0, "pop_2024": 3988.0, "median_homevalue_2024": 320200.0, "job_density_score": 0.0339, "dev_capacity_score": 0.068804, "market_momentum_score": 0.716644, "poverty_score": 0.03139, "income_score": 0.874581, "unemployment_score": 0.589746, "stackability_score": 0.0, "stage1_result": "Advances to Scoring" }, "geometry": { "type": "Polygon", "coordinates": [ [ [ -76.109672, 38.57349 ], [ -76.108595, 38.574919 ], [ -76.108687, 38.575688 ], [ -76.109222, 38.575655 ], [ -76.109352, 38.577018 ], [ -76.107337, 38.577224 ], [ -76.106323, 38.579288 ], [ -76.099899, 38.577079 ], [ -76.097969, 38.57706 ], [ -76.094917, 38.578056 ], [ -76.093475, 38.576175 ], [ -76.090705, 38.578182 ], [ -76.091163, 38.579368 ], [ -76.090255, 38.579757 ], [ -76.085464, 38.576267 ], [ -76.084884, 38.576766 ], [ -76.077659, 38.571197 ], [ -76.07727, 38.569957 ], [ -76.078559, 38.56327 ], [ -76.087356, 38.564945 ], [ -76.09362, 38.5671 ], [ -76.102081, 38.569004 ], [ -76.102729, 38.570621 ], [ -76.105911, 38.570205 ], [ -76.107986, 38.571319 ], [ -76.107604, 38.571544 ], [ -76.108985, 38.572292 ], [ -76.109672, 38.57349 ] ] ] } },
{ "type": "Feature", "properties": { "geoid": "24019970200", "state": "Maryland", "county": "Dorchester County", "classification": "Less Likely", "oztoolclassification": "Less likely to attract OZ investment", "composite_score": 0.242205, "rank": 253, "recommended": 0, "jobs_2022": 3020.0, "povrate_2024": 0.139164, "median_hhincome_2024": 69475.0, "unemprate_2024": 0.019948, "vacancyrate_2024": 0.108595, "stackability_count": 0, "pop_2024": 5688.0, "median_homevalue_2024": 230200.0, "job_density_score": 0.14221, "dev_capacity_score": 0.068804, "market_momentum_score": 0.716644, "poverty_score": 0.497015, "income_score": 0.404504, "unemployment_score": 0.057726, "stackability_score": 0.0, "stage1_result": "Advances to Scoring" }, "geometry": { "type": "Polygon", "coordinates": [ [ [ -75.97055, 38.637016 ], [ -75.965196, 38.641036 ], [ -75.957923, 38.648036 ], [ -75.956331, 38.650383 ], [ -75.955321, 38.653494 ], [ -75.955578, 38.663465 ], [ -75.954368, 38.665691 ], [ -75.949001, 38.671804 ], [ -75.941909, 38.676403 ], [ -75.937835, 38.676452 ], [ -75.937873, 38.67926 ], [ -75.936851, 38.680137 ], [ -75.933708, 38.680809 ], [ -75.933052, 38.680541 ], [ -75.931503, 38.678344 ], [ -75.931999, 38.676807 ], [ -75.930549, 38.675918 ], [ -75.927856, 38.67683 ], [ -75.926376, 38.680076 ], [ -75.921852, 38.678413 ], [ -75.921554, 38.679248 ], [ -75.923263, 38.680133 ], [ -75.92369, 38.680908 ], [ -75.922721, 38.682003 ], [ -75.918533, 38.680896 ], [ -75.917572, 38.680114 ], [ -75.916915, 38.680263 ], [ -75.916419, 38.681011 ], [ -75.917938, 38.6832 ], [ -75.917404, 38.683887 ], [ -75.914237, 38.684131 ], [ -75.914207, 38.685249 ], [ -75.915, 38.687088 ], [ -75.914085, 38.688755 ], [ -75.913027, 38.689059 ], [ -75.911683, 38.687036 ], [ -75.910877, 38.686706 ], [ -75.908775, 38.687938 ], [ -75.907394, 38.687423 ], [ -75.90699, 38.688026 ], [ -75.906555, 38.687927 ], [ -75.905998, 38.687267 ], [ -75.904861, 38.687648 ], [ -75.903289, 38.690071 ], [ -75.902168, 38.690959 ], [ -75.901954, 38.693912 ], [ -75.901115, 38.694297 ], [ -75.900703, 38.693836 ], [ -75.900138, 38.693992 ], [ -75.896781, 38.699962 ], [ -75.896825, 38.701394 ], [ -75.894935, 38.700469 ], [ -75.888985, 38.695474 ], [ -75.884605, 38.694214 ], [ -75.878349, 38.693531 ], [ -75.869153, 38.694644 ], [ -75.861808, 38.699729 ], [ -75.858543, 38.701049 ], [ -75.841056, 38.704158 ], [ -75.836486, 38.703647 ], [ -75.823043, 38.69968 ], [ -75.817153, 38.698406 ], [ -75.806236, 38.698356 ], [ -75.803108, 38.697891 ], [ -75.800468, 38.69691 ], [ -75.798408, 38.676338 ], [ -75.786491, 38.677291 ], [ -75.779459, 38.676452 ], [ -75.77672, 38.676599 ], [ -75.775764, 38.677303 ], [ -75.775352, 38.678675 ], [ -75.775017, 38.678652 ], [ -75.774911, 38.67639 ], [ -75.77381, 38.676383 ], [ -75.773544, 38.675619 ], [ -75.773149, 38.673262 ], [ -75.773953, 38.672026 ], [ -75.774618, 38.671538 ], [ -75.778299, 38.670966 ], [ -75.779056, 38.67034 ], [ -75.778995, 38.669073 ], [ -75.780755, 38.666399 ], [ -75.78101, 38.663719 ], [ -75.782235, 38.661284 ], [ -75.785673, 38.659761 ], [ -75.7882, 38.659512 ], [ -75.790138, 38.660583 ], [ -75.793385, 38.659934 ], [ -75.795033, 38.661069 ], [ -75.79659, 38.661136 ], [ -75.802468, 38.656443 ], [ -75.804157, 38.654547 ], [ -75.804602, 38.653036 ], [ -75.808368, 38.651716 ], [ -75.809821, 38.649552 ], [ -75.813367, 38.647957 ], [ -75.813558, 38.646869 ], [ -75.81059, 38.644411 ], [ -75.811155, 38.638474 ], [ -75.811378, 38.637738 ], [ -75.814914, 38.636341 ], [ -75.816015, 38.63528 ], [ -75.817001, 38.632686 ], [ -75.818878, 38.630825 ], [ -75.819656, 38.627231 ], [ -75.819328, 38.621616 ], [ -75.82225, 38.615943 ], [ -75.822669, 38.613899 ], [ -75.822517, 38.608867 ], [ -75.823173, 38.604351 ], [ -75.822532, 38.602165 ], [ -75.815605, 38.600078 ], [ -75.814041, 38.599098 ], [ -75.815452, 38.598194 ], [ -75.817253, 38.598552 ], [ -75.817161, 38.597896 ], [ -75.818939, 38.597801 ], [ -75.819953, 38.596805 ], [ -75.820518, 38.597339 ], [ -75.820755, 38.596775 ], [ -75.822357, 38.596664 ], [ -75.826522, 38.595027 ], [ -75.826179, 38.594429 ], [ -75.826515, 38.593627 ], [ -75.830131, 38.58842 ], [ -75.832702, 38.581935 ], [ -75.835922, 38.576156 ], [ -75.839828, 38.578125 ], [ -75.844772, 38.579524 ], [ -75.861122, 38.585563 ], [ -75.879302, 38.59106 ], [ -75.878852, 38.593547 ], [ -75.888793, 38.606544 ], [ -75.896286, 38.614253 ], [ -75.896903, 38.618515 ], [ -75.899734, 38.621685 ], [ -75.903488, 38.621337 ], [ -75.906654, 38.623641 ], [ -75.908042, 38.623519 ], [ -75.909118, 38.625289 ], [ -75.910537, 38.625431 ], [ -75.910881, 38.625774 ], [ -75.910614, 38.626319 ], [ -75.912322, 38.627113 ], [ -75.915184, 38.62704 ], [ -75.920826, 38.630344 ], [ -75.922223, 38.630568 ], [ -75.923672, 38.629922 ], [ -75.926713, 38.63052 ], [ -75.928754, 38.632752 ], [ -75.929427, 38.632952 ], [ -75.932356, 38.63241 ], [ -75.934408, 38.632817 ], [ -75.935673, 38.632538 ], [ -75.938214, 38.630816 ], [ -75.941765, 38.630298 ], [ -75.945265, 38.631637 ], [ -75.954254, 38.631786 ], [ -75.958862, 38.63248 ], [ -75.966445, 38.634971 ], [ -75.97055, 38.637016 ] ] ] } },
{ "type": "Feature", "properties": { "geoid": "24019970100", "state": "Maryland", "county": "Dorchester County", "classification": "Already Attractive", "oztoolclassification": "Likely to attract capital even without OZ designation", "composite_score": 0.168938, "rank": 341, "recommended": 0, "jobs_2022": 244.0, "povrate_2024": 0.089576, "median_hhincome_2024": 85701.0, "unemprate_2024": 0.050382, "vacancyrate_2024": 0.099106, "stackability_count": 0, "pop_2024": 3156.0, "median_homevalue_2024": 256600.0, "job_density_score": 0.011143, "dev_capacity_score": 0.068804, "market_momentum_score": 0.716644, "poverty_score": 0.319914, "income_score": 0.260236, "unemployment_score": 0.145793, "stackability_score": 0.0, "stage1_result": "Advances to Scoring" }, "geometry": { "type": "Polygon", "coordinates": [ [ [ -75.918472, 38.559383 ], [ -75.893665, 38.556297 ], [ -75.885391, 38.556922 ], [ -75.880462, 38.55492 ], [ -75.878486, 38.557697 ], [ -75.869979, 38.56097 ], [ -75.870529, 38.562145 ], [ -75.874885, 38.565452 ], [ -75.875892, 38.570434 ], [ -75.873405, 38.57056 ], [ -75.870544, 38.569843 ], [ -75.869384, 38.570434 ], [ -75.867897, 38.573402 ], [ -75.863403, 38.571949 ], [ -75.862403, 38.572208 ], [ -75.856025, 38.569992 ], [ -75.855186, 38.570327 ], [ -75.851593, 38.56982 ], [ -75.847839, 38.568645 ], [ -75.842033, 38.574649 ], [ -75.839607, 38.574283 ], [ -75.838417, 38.577476 ], [ -75.835922, 38.576156 ], [ -75.832702, 38.581935 ], [ -75.830131, 38.58842 ], [ -75.826515, 38.593627 ], [ -75.826179, 38.594429 ], [ -75.826522, 38.595027 ], [ -75.822357, 38.596664 ], [ -75.820755, 38.596775 ], [ -75.820518, 38.597339 ], [ -75.819953, 38.596805 ], [ -75.818939, 38.597801 ], [ -75.817161, 38.597896 ], [ -75.817253, 38.598552 ], [ -75.815452, 38.598194 ], [ -75.814041, 38.599098 ], [ -75.815605, 38.600078 ], [ -75.822532, 38.602165 ], [ -75.823173, 38.604351 ], [ -75.822517, 38.608867 ], [ -75.822669, 38.613899 ], [ -75.82225, 38.615943 ], [ -75.819328, 38.621616 ], [ -75.819656, 38.627231 ], [ -75.818878, 38.630825 ], [ -75.817001, 38.632686 ], [ -75.816015, 38.63528 ], [ -75.814914, 38.636341 ], [ -75.811378, 38.637738 ], [ -75.811155, 38.638474 ], [ -75.81059, 38.644411 ], [ -75.813558, 38.646869 ], [ -75.813367, 38.647957 ], [ -75.809821, 38.649552 ], [ -75.808368, 38.651716 ], [ -75.804602, 38.653036 ], [ -75.804157, 38.654547 ], [ -75.802468, 38.656443 ], [ -75.79659, 38.661136 ], [ -75.795033, 38.661069 ], [ -75.793385, 38.659934 ], [ -75.790138, 38.660583 ], [ -75.7882, 38.659512 ], [ -75.785673, 38.659761 ], [ -75.782235, 38.661284 ], [ -75.78101, 38.663719 ], [ -75.780755, 38.666399 ], [ -75.778995, 38.669073 ], [ -75.779056, 38.67034 ], [ -75.777505, 38.671217 ], [ -75.774618, 38.671538 ], [ -75.773487, 38.67256 ], [ -75.773149, 38.673262 ], [ -75.77381, 38.676383 ], [ -75.773205, 38.676395 ], [ -75.773592, 38.678038 ], [ -75.772905, 38.678354 ], [ -75.772428, 38.681248 ], [ -75.771573, 38.681434 ], [ -75.768966, 38.685821 ], [ -75.76654, 38.686431 ], [ -75.764701, 38.685882 ], [ -75.762722, 38.68622 ], [ -75.749018, 38.671073 ], [ -75.737704, 38.66532 ], [ -75.728015, 38.656366 ], [ -75.714533, 38.645843 ], [ -75.713198, 38.644106 ], [ -75.711278, 38.639707 ], [ -75.70794, 38.635358 ], [ -75.707447, 38.635396 ], [ -75.701569, 38.560736 ], [ -75.704895, 38.560855 ], [ -75.70734, 38.559524 ], [ -75.711893, 38.550876 ], [ -75.718793, 38.546184 ], [ -75.72449, 38.54123 ], [ -75.727212, 38.539753 ], [ -75.732166, 38.538017 ], [ -75.737763, 38.537649 ], [ -75.740586, 38.538364 ], [ -75.74277, 38.538259 ], [ -75.74489, 38.537775 ], [ -75.746515, 38.536785 ], [ -75.749655, 38.531688 ], [ -75.751292, 38.531125 ], [ -75.753636, 38.5281 ], [ -75.756022, 38.515316 ], [ -75.757371, 38.512775 ], [ -75.759754, 38.510122 ], [ -75.764994, 38.506479 ], [ -75.782064, 38.501596 ], [ -75.784972, 38.500115 ], [ -75.79466, 38.492373 ], [ -75.800496, 38.49102 ], [ -75.815193, 38.488794 ], [ -75.818022, 38.48675 ], [ -75.823706, 38.481022 ], [ -75.824765, 38.479095 ], [ -75.822902, 38.47601 ], [ -75.815772, 38.469373 ], [ -75.814901, 38.466459 ], [ -75.81669, 38.463307 ], [ -75.821994, 38.460959 ], [ -75.828492, 38.459614 ], [ -75.83316, 38.45762 ], [ -75.835728, 38.45329 ], [ -75.836743, 38.448088 ], [ -75.836104, 38.445631 ], [ -75.843009, 38.445343 ], [ -75.855834, 38.449714 ], [ -75.865638, 38.44802 ], [ -75.868957, 38.441665 ], [ -75.872459, 38.440006 ], [ -75.874885, 38.440738 ], [ -75.87709, 38.440414 ], [ -75.877853, 38.440784 ], [ -75.878372, 38.441886 ], [ -75.883903, 38.44392 ], [ -75.887336, 38.444431 ], [ -75.893287, 38.44741 ], [ -75.898429, 38.442665 ], [ -75.901718, 38.441547 ], [ -75.904647, 38.442207 ], [ -75.904083, 38.442958 ], [ -75.902687, 38.443344 ], [ -75.899177, 38.442787 ], [ -75.897476, 38.444206 ], [ -75.899711, 38.44577 ], [ -75.902076, 38.445301 ], [ -75.903404, 38.446277 ], [ -75.904678, 38.448444 ], [ -75.90285, 38.451121 ], [ -75.904725, 38.45287 ], [ -75.906562, 38.453033 ], [ -75.907301, 38.453596 ], [ -75.907452, 38.4557 ], [ -75.906865, 38.456692 ], [ -75.904005, 38.458189 ], [ -75.903077, 38.459344 ], [ -75.903007, 38.46022 ], [ -75.903221, 38.460811 ], [ -75.906311, 38.462291 ], [ -75.907516, 38.467712 ], [ -75.907127, 38.468517 ], [ -75.903556, 38.470249 ], [ -75.899116, 38.473274 ], [ -75.894004, 38.475109 ], [ -75.892967, 38.47821 ], [ -75.892038, 38.47934 ], [ -75.888269, 38.479885 ], [ -75.885822, 38.479199 ], [ -75.884803, 38.479423 ], [ -75.88277, 38.48279 ], [ -75.886016, 38.485946 ], [ -75.888252, 38.486587 ], [ -75.887504, 38.48846 ], [ -75.889923, 38.490386 ], [ -75.889053, 38.493869 ], [ -75.889259, 38.494598 ], [ -75.89038, 38.495964 ], [ -75.890784, 38.497679 ], [ -75.892778, 38.499338 ], [ -75.891143, 38.502861 ], [ -75.891441, 38.503925 ], [ -75.890487, 38.505233 ], [ -75.890655, 38.506229 ], [ -75.889579, 38.506656 ], [ -75.889717, 38.507446 ], [ -75.888275, 38.508861 ], [ -75.886779, 38.509311 ], [ -75.885269, 38.511001 ], [ -75.881072, 38.511669 ], [ -75.880294, 38.512336 ], [ -75.882217, 38.513336 ], [ -75.882019, 38.513973 ], [ -75.883987, 38.516342 ], [ -75.87841, 38.52597 ], [ -75.87844, 38.529895 ], [ -75.879455, 38.532714 ], [ -75.889015, 38.537197 ], [ -75.891418, 38.536441 ], [ -75.895004, 38.539123 ], [ -75.897583, 38.539947 ], [ -75.89981, 38.542144 ], [ -75.905708, 38.545223 ], [ -75.916366, 38.553752 ], [ -75.918472, 38.559383 ] ] ] } },
{ "type": "Feature", "properties": { "geoid": "24019970600", "state": "Maryland", "county": "Dorchester County", "classification": "Less Likely", "oztoolclassification": "Less likely to attract OZ investment", "composite_score": 0.256985, "rank": 228, "recommended": 0, "jobs_2022": 1771.0, "povrate_2024": 0.158591, "median_hhincome_2024": 47610.0, "unemprate_2024": 0.031283, "vacancyrate_2024": 0.131992, "stackability_count": 0, "pop_2024": 4912.0, "median_homevalue_2024": 222000.0, "job_density_score": 0.083239, "dev_capacity_score": 0.068804, "market_momentum_score": 0.716644, "poverty_score": 0.566397, "income_score": 0.59891, "unemployment_score": 0.090527, "stackability_score": 0.0, "stage1_result": "Advances to Scoring" }, "geometry": { "type": "Polygon", "coordinates": [ [ [ -76.149566, 38.55619 ], [ -76.14859, 38.559597 ], [ -76.146514, 38.560943 ], [ -76.143554, 38.569053 ], [ -76.141517, 38.571842 ], [ -76.138038, 38.573932 ], [ -76.136398, 38.572902 ], [ -76.127708, 38.569557 ], [ -76.125183, 38.569152 ], [ -76.118576, 38.569442 ], [ -76.113319, 38.567348 ], [ -76.106246, 38.567943 ], [ -76.101737, 38.569006 ], [ -76.09362, 38.5671 ], [ -76.087356, 38.564945 ], [ -76.078559, 38.56327 ], [ -76.078094, 38.565677 ], [ -76.069519, 38.564567 ], [ -76.064994, 38.555465 ], [ -76.062141, 38.553127 ], [ -76.064201, 38.547389 ], [ -76.06311, 38.537429 ], [ -76.064949, 38.53479 ], [ -76.062156, 38.532482 ], [ -76.06372, 38.529758 ], [ -76.062538, 38.528797 ], [ -76.065261, 38.525783 ], [ -76.06594, 38.526145 ], [ -76.065399, 38.527053 ], [ -76.06707, 38.527866 ], [ -76.070716, 38.526931 ], [ -76.070793, 38.526237 ], [ -76.073829, 38.526 ], [ -76.073455, 38.522647 ], [ -76.083572, 38.522747 ], [ -76.086395, 38.529811 ], [ -76.086387, 38.542835 ], [ -76.089439, 38.5401 ], [ -76.090026, 38.536231 ], [ -76.091087, 38.534847 ], [ -76.09085, 38.533237 ], [ -76.094818, 38.535049 ], [ -76.093574, 38.538574 ], [ -76.094848, 38.545848 ], [ -76.103141, 38.544727 ], [ -76.111259, 38.546215 ], [ -76.119758, 38.549198 ], [ -76.126716, 38.548274 ], [ -76.127998, 38.548519 ], [ -76.129714, 38.549896 ], [ -76.135414, 38.547756 ], [ -76.142196, 38.547355 ], [ -76.14434, 38.5512 ], [ -76.148071, 38.554107 ], [ -76.149566, 38.55619 ] ] ] } },
{ "type": "Feature", "properties": { "geoid": "24033801907", "state": "Maryland", "county": "Prince George's County", "classification": "Less Likely", "oztoolclassification": "Less likely to attract OZ investment", "composite_score": 0.260922, "rank": 222, "recommended": 0, "jobs_2022": 1497.0, "povrate_2024": 0.188406, "median_hhincome_2024": 55117.0, "unemprate_2024": 0.02489, "vacancyrate_2024": 0.068351, "stackability_count": 0, "pop_2024": 3243.0, "median_homevalue_2024": 358000.0, "job_density_score": 0.070302, "dev_capacity_score": 0.068804, "market_momentum_score": 0.716644, "poverty_score": 0.672878, "income_score": 0.532164, "unemployment_score": 0.072027, "stackability_score": 0.0, "stage1_result": "Advances to Scoring" }, "geometry": { "type": "Polygon", "coordinates": [ [ [ -76.949961, 38.823461 ], [ -76.94817, 38.824109 ], [ -76.944665, 38.827051 ], [ -76.940934, 38.831597 ], [ -76.940752, 38.832916 ], [ -76.945356, 38.838167 ], [ -76.941492, 38.839403 ], [ -76.940823, 38.838359 ], [ -76.939003, 38.838872 ], [ -76.933771, 38.83625 ], [ -76.932702, 38.839398 ], [ -76.93321, 38.840218 ], [ -76.934415, 38.839832 ], [ -76.93627, 38.840411 ], [ -76.936611, 38.84205 ], [ -76.932086, 38.842789 ], [ -76.92955, 38.83968 ], [ -76.925593, 38.836969 ], [ -76.917751, 38.834841 ], [ -76.911685, 38.834364 ], [ -76.913391, 38.833777 ], [ -76.914439, 38.834041 ], [ -76.915695, 38.833243 ], [ -76.918425, 38.832725 ], [ -76.918441, 38.832137 ], [ -76.91928, 38.831671 ], [ -76.925629, 38.829534 ], [ -76.925998, 38.828382 ], [ -76.927286, 38.827101 ], [ -76.928847, 38.823266 ], [ -76.930514, 38.821539 ], [ -76.931159, 38.818843 ], [ -76.936697, 38.817996 ], [ -76.944553, 38.818197 ], [ -76.94877, 38.817279 ], [ -76.949762, 38.818734 ], [ -76.949961, 38.823461 ] ] ] } },
{ "type": "Feature", "properties": { "geoid": "24033805907", "state": "Maryland", "county": "Prince George's County", "classification": "Less Likely", "oztoolclassification": "Less likely to attract OZ investment", "composite_score": 0.280251, "rank": 191, "recommended": 0, "jobs_2022": 31.0, "povrate_2024": 0.14131, "median_hhincome_2024": 59095.0, "unemprate_2024": 0.106364, "vacancyrate_2024": 0.061012, "stackability_count": 1, "pop_2024": 3701.0, "median_homevalue_2024": 123400.0, "job_density_score": 0.001086, "dev_capacity_score": 0.068804, "market_momentum_score": 0.716644, "poverty_score": 0.504679, "income_score": 0.496795, "unemployment_score": 0.307792, "stackability_score": 0.333333, "stage1_result": "Advances to Scoring" }, "geometry": { "type": "Polygon", "coordinates": [ [ [ -76.983629, 39.002267 ], [ -76.980464, 39.006903 ], [ -76.97911, 39.006335 ], [ -76.975435, 39.007016 ], [ -76.974118, 39.006594 ], [ -76.974909, 39.003595 ], [ -76.981055, 39.004295 ], [ -76.982446, 39.001084 ], [ -76.983629, 39.002267 ] ] ] } },
{ "type": "Feature", "properties": { "geoid": "24033805909", "state": "Maryland", "county": "Prince George's County", "classification": "Less Likely", "oztoolclassification": "Less likely to attract OZ investment", "composite_score": null, "rank": null, "recommended": 0, "jobs_2022": 117.0, "povrate_2024": 0.063158, "median_hhincome_2024": 84063.0, "unemprate_2024": 0.091076, "vacancyrate_2024": 0.058497, "stackability_count": 1, "pop_2024": 4699.0, "median_homevalue_2024": 462400.0, "job_density_score": null, "dev_capacity_score": null, "market_momentum_score": null, "poverty_score": null, "income_score": null, "unemployment_score": null, "stackability_score": null, "stage1_result": "Eliminated — Already Attractive" }, "geometry": { "type": "Polygon", "coordinates": [ [ [ -76.968608, 38.967912 ], [ -76.968094, 38.968638 ], [ -76.966862, 38.968469 ], [ -76.964553, 38.970623 ], [ -76.964481, 38.973171 ], [ -76.964011, 38.974289 ], [ -76.965641, 38.976595 ], [ -76.965716, 38.977536 ], [ -76.964873, 38.978763 ], [ -76.964108, 38.978438 ], [ -76.96213, 38.979927 ], [ -76.961362, 38.981197 ], [ -76.963914, 38.98217 ], [ -76.964285, 38.984892 ], [ -76.955712, 38.98565 ], [ -76.954591, 38.97995 ], [ -76.95352, 38.977225 ], [ -76.957842, 38.976266 ], [ -76.957702, 38.975725 ], [ -76.958289, 38.975593 ], [ -76.960025, 38.973519 ], [ -76.961374, 38.973118 ], [ -76.961609, 38.971042 ], [ -76.960459, 38.970339 ], [ -76.961723, 38.969065 ], [ -76.96235, 38.967097 ], [ -76.968608, 38.967912 ] ] ] } },
{ "type": "Feature", "properties": { "geoid": "24005408507", "state": "Maryland", "county": "Baltimore County", "classification": "Less Likely", "oztoolclassification": "Less likely to attract OZ investment", "composite_score": 0.262988, "rank": 215, "recommended": 0, "jobs_2022": 407.0, "povrate_2024": 0.208199, "median_hhincome_2024": 53858.0, "unemprate_2024": 0.04987, "vacancyrate_2024": 0.03871, "stackability_count": 0, "pop_2024": 6513.0, "median_homevalue_2024": 344600.0, "job_density_score": 0.018839, "dev_capacity_score": 0.068804, "market_momentum_score": 0.716644, "poverty_score": 0.743568, "income_score": 0.543358, "unemployment_score": 0.144313, "stackability_score": 0.0, "stage1_result": "Advances to Scoring" }, "geometry": { "type": "Polygon", "coordinates": [ [ [ -76.631354, 39.467133 ], [ -76.627597, 39.468806 ], [ -76.625949, 39.470851 ], [ -76.623421, 39.471704 ], [ -76.621481, 39.471786 ], [ -76.614885, 39.470354 ], [ -76.613881, 39.469626 ], [ -76.611733, 39.466536 ], [ -76.607851, 39.462849 ], [ -76.607606, 39.461959 ], [ -76.608105, 39.459783 ], [ -76.610705, 39.458699 ], [ -76.614003, 39.459166 ], [ -76.615265, 39.456348 ], [ -76.615591, 39.459505 ], [ -76.614448, 39.461654 ], [ -76.616186, 39.461836 ], [ -76.616341, 39.462231 ], [ -76.617091, 39.461605 ], [ -76.630461, 39.462698 ], [ -76.630216, 39.464785 ], [ -76.631354, 39.467133 ] ] ] } },
{ "type": "Feature", "properties": { "geoid": "24510180300", "state": "Maryland", "county": "Baltimore city", "classification": "Goldilocks", "oztoolclassification": "More likely to attract OZ investment, with larger impact", "composite_score": 0.328927, "rank": 110, "recommended": 1, "jobs_2022": 1109.0, "povrate_2024": 0.25252, "median_hhincome_2024": 67895.0, "unemprate_2024": 0.041738, "vacancyrate_2024": 0.174328, "stackability_count": 1, "pop_2024": 1885.0, "median_homevalue_2024": 213100.0, "job_density_score": 0.051983, "dev_capacity_score": 0.16611, "market_momentum_score": 0.566026, "poverty_score": 0.901857, "income_score": 0.418552, "unemployment_score": 0.120779, "stackability_score": 0.333333, "stage1_result": "Advances to Scoring" }, "geometry": { "type": "Polygon", "coordinates": [ [ [ -76.638166, 39.288566 ], [ -76.627766, 39.288974 ], [ -76.628047, 39.28732 ], [ -76.627539, 39.286057 ], [ -76.637984, 39.285587 ], [ -76.638166, 39.288566 ] ] ] } },
{ "type": "Feature", "properties": { "geoid": "24510190100", "state": "Maryland", "county": "Baltimore city", "classification": "Less Likely", "oztoolclassification": "Less likely to attract OZ investment", "composite_score": 0.339693, "rank": 92, "recommended": 1, "jobs_2022": 191.0, "povrate_2024": 0.426928, "median_hhincome_2024": 26964.0, "unemprate_2024": 0.119011, "vacancyrate_2024": 0.243269, "stackability_count": 1, "pop_2024": 1478.0, "median_homevalue_2024": 150000.0, "job_density_score": 0.00864, "dev_capacity_score": 0.367929, "market_momentum_score": 0.65862, "poverty_score": 0.475256, "income_score": 0.782477, "unemployment_score": 0.34439, "stackability_score": 0.333333, "stage1_result": "Advances to Scoring" }, "geometry": { "type": "Polygon", "coordinates": [ [ [ -76.64552, 39.293895 ], [ -76.638462, 39.294189 ], [ -76.638166, 39.288566 ], [ -76.645222, 39.288228 ], [ -76.64552, 39.293895 ] ] ] } },
{ "type": "Feature", "properties": { "geoid": "24019970400", "state": "Maryland", "county": "Dorchester County", "classification": "Less Likely", "oztoolclassification": "Less likely to attract OZ investment", "composite_score": 0.265803, "rank": 213, "recommended": 0, "jobs_2022": 3705.0, "povrate_2024": 0.123357, "median_hhincome_2024": 62798.0, "unemprate_2024": 0.090909, "vacancyrate_2024": 0.233831, "stackability_count": 0, "pop_2024": 3386.0, "median_homevalue_2024": 293100.0, "job_density_score": 0.174551, "dev_capacity_score": 0.068804, "market_momentum_score": 0.716644, "poverty_score": 0.440562, "income_score": 0.463871, "unemployment_score": 0.26307, "stackability_score": 0.0, "stage1_result": "Advances to Scoring" }, "geometry": { "type": "Polygon", "coordinates": [ [ [ -76.087722, 38.577922 ], [ -76.078636, 38.586341 ], [ -76.069366, 38.593727 ], [ -76.060569, 38.585273 ], [ -76.054801, 38.580566 ], [ -76.051986, 38.57883 ], [ -76.046638, 38.576007 ], [ -76.040206, 38.573425 ], [ -76.033042, 38.57204 ], [ -76.034889, 38.566261 ], [ -76.034439, 38.563877 ], [ -76.034957, 38.563003 ], [ -76.036109, 38.563179 ], [ -76.036277, 38.562168 ], [ -76.039611, 38.558696 ], [ -76.039062, 38.557083 ], [ -76.037925, 38.556232 ], [ -76.039916, 38.553207 ], [ -76.041725, 38.553966 ], [ -76.043182, 38.553665 ], [ -76.051811, 38.554729 ], [ -76.06002, 38.558261 ], [ -76.062141, 38.553127 ], [ -76.064994, 38.555465 ], [ -76.069519, 38.564567 ], [ -76.078094, 38.565677 ], [ -76.07727, 38.569957 ], [ -76.077659, 38.571197 ], [ -76.084884, 38.576766 ], [ -76.085464, 38.576267 ], [ -76.087722, 38.577922 ] ] ] } },
{ "type": "Feature", "properties": { "geoid": "24510270802", "state": "Maryland", "county": "Baltimore city", "classification": "Less Likely", "oztoolclassification": "Less likely to attract OZ investment", "composite_score": 0.238133, "rank": 262, "recommended": 0, "jobs_2022": 255.0, "povrate_2024": 0.140043, "median_hhincome_2024": 61595.0, "unemprate_2024": 0.007405, "vacancyrate_2024": 0.038328, "stackability_count": 1, "pop_2024": 5637.0, "median_homevalue_2024": 192200.0, "job_density_score": 0.011662, "dev_capacity_score": 0.017927, "market_momentum_score": 0.582891, "poverty_score": 0.500152, "income_score": 0.474567, "unemployment_score": 0.021428, "stackability_score": 0.333333, "stage1_result": "Advances to Scoring" }, "geometry": { "type": "Polygon", "coordinates": [ [ [ -76.599283, 39.365912 ], [ -76.593711, 39.367009 ], [ -76.58551, 39.366039 ], [ -76.589465, 39.357678 ], [ -76.589561, 39.355418 ], [ -76.592564, 39.35425 ], [ -76.594666, 39.354075 ], [ -76.595172, 39.355519 ], [ -76.597936, 39.358973 ], [ -76.598246, 39.361061 ], [ -76.597843, 39.363038 ], [ -76.599283, 39.365912 ] ] ] } },
{ "type": "Feature", "properties": { "geoid": "24005402305", "state": "Maryland", "county": "Baltimore County", "classification": "Less Likely", "oztoolclassification": "Less likely to attract OZ investment", "composite_score": 0.234332, "rank": 272, "recommended": 0, "jobs_2022": 73.0, "povrate_2024": 0.066618, "median_hhincome_2024": 48912.0, "unemprate_2024": 0.039175, "vacancyrate_2024": 0.0037, "stackability_count": 1, "pop_2024": 2717.0, "median_homevalue_2024": 336800.0, "job_density_score": 0.003069, "dev_capacity_score": 0.068804, "market_momentum_score": 0.716644, "poverty_score": 0.23792, "income_score": 0.587334, "unemployment_score": 0.113364, "stackability_score": 0.333333, "stage1_result": "Advances to Scoring" }, "geometry": { "type": "Polygon", "coordinates": [ [ [ -76.748403, 39.368702 ], [ -76.747859, 39.370804 ], [ -76.744993, 39.376287 ], [ -76.74407, 39.375927 ], [ -76.744385, 39.37405 ], [ -76.743306, 39.3716 ], [ -76.741249, 39.369964 ], [ -76.739294, 39.369802 ], [ -76.738679, 39.368887 ], [ -76.740041, 39.365465 ], [ -76.742302, 39.364004 ], [ -76.743315, 39.36209 ], [ -76.745726, 39.361009 ], [ -76.744449, 39.359118 ], [ -76.742824, 39.358634 ], [ -76.741946, 39.356134 ], [ -76.742665, 39.354658 ], [ -76.742223, 39.352735 ], [ -76.741381, 39.351343 ], [ -76.740542, 39.351234 ], [ -76.737402, 39.35274 ], [ -76.736637, 39.352616 ], [ -76.736165, 39.351534 ], [ -76.736868, 39.349811 ], [ -76.736507, 39.347769 ], [ -76.734605, 39.346194 ], [ -76.732116, 39.345425 ], [ -76.730503, 39.345913 ], [ -76.729324, 39.347068 ], [ -76.728584, 39.347045 ], [ -76.728081, 39.345591 ], [ -76.726559, 39.343987 ], [ -76.72654, 39.342287 ], [ -76.745668, 39.349287 ], [ -76.746656, 39.360562 ], [ -76.748403, 39.368702 ] ] ] } },
{ "type": "Feature", "properties": { "geoid": "24005421000", "state": "Maryland", "county": "Baltimore County", "classification": "Less Likely", "oztoolclassification": "Less likely to attract OZ investment", "composite_score": 0.346736, "rank": 79, "recommended": 1, "jobs_2022": 167.0, "povrate_2024": 0.222522, "median_hhincome_2024": 25833.0, "unemprate_2024": 0.069552, "vacancyrate_2024": 0.078431, "stackability_count": 1, "pop_2024": 1856.0, "median_homevalue_2024": 207000.0, "job_density_score": 0.007507, "dev_capacity_score": 0.068804, "market_momentum_score": 0.716644, "poverty_score": 0.79472, "income_score": 0.792533, "unemployment_score": 0.201267, "stackability_score": 0.333333, "stage1_result": "Advances to Scoring" }, "geometry": { "type": "Polygon", "coordinates": [ [ [ -76.529788, 39.269722 ], [ -76.526991, 39.264148 ], [ -76.523094, 39.255773 ], [ -76.526436, 39.255354 ], [ -76.526668, 39.257738 ], [ -76.529758, 39.257584 ], [ -76.529788, 39.269722 ] ] ] } },
{ "type": "Feature", "properties": { "geoid": "24005408506", "state": "Maryland", "county": "Baltimore County", "classification": "Less Likely", "oztoolclassification": "Less likely to attract OZ investment", "composite_score": 0.229768, "rank": 278, "recommended": 0, "jobs_2022": 1070.0, "povrate_2024": 0.131118, "median_hhincome_2024": 59322.0, "unemprate_2024": 0.065162, "vacancyrate_2024": 0.049878, "stackability_count": 0, "pop_2024": 5235.0, "median_homevalue_2024": 472600.0, "job_density_score": 0.050142, "dev_capacity_score": 0.068804, "market_momentum_score": 0.716644, "poverty_score": 0.468278, "income_score": 0.494776, "unemployment_score": 0.188565, "stackability_score": 0.0, "stage1_result": "Advances to Scoring" }, "geometry": { "type": "Polygon", "coordinates": [ [ [ -76.631354, 39.467133 ], [ -76.630777, 39.474231 ], [ -76.620508, 39.473556 ], [ -76.617731, 39.475184 ], [ -76.616774, 39.476313 ], [ -76.615712, 39.476304 ], [ -76.610987, 39.473954 ], [ -76.607644, 39.473225 ], [ -76.607473, 39.471959 ], [ -76.606407, 39.470725 ], [ -76.601563, 39.469187 ], [ -76.603551, 39.466457 ], [ -76.601438, 39.45939 ], [ -76.605246, 39.453663 ], [ -76.60634, 39.454192 ], [ -76.606683, 39.454917 ], [ -76.606167, 39.457069 ], [ -76.608105, 39.459783 ], [ -76.607606, 39.461959 ], [ -76.607851, 39.462849 ], [ -76.611839, 39.466653 ], [ -76.614064, 39.469835 ], [ -76.615132, 39.470428 ], [ -76.621481, 39.471786 ], [ -76.623165, 39.471748 ], [ -76.625949, 39.470851 ], [ -76.62737, 39.468973 ], [ -76.629757, 39.467536 ], [ -76.631354, 39.467133 ] ] ] } },
{ "type": "Feature", "properties": { "geoid": "24031703216", "state": "Maryland", "county": "Montgomery County", "classification": "Less Likely", "oztoolclassification": "Less likely to attract OZ investment", "composite_score": 0.188317, "rank": 327, "recommended": 0, "jobs_2022": 62.0, "povrate_2024": 0.058579, "median_hhincome_2024": 57778.0, "unemprate_2024": 0.109716, "vacancyrate_2024": 0.053328, "stackability_count": 0, "pop_2024": 3746.0, "median_homevalue_2024": 236800.0, "job_density_score": 0.00255, "dev_capacity_score": 0.068804, "market_momentum_score": 0.716644, "poverty_score": 0.209209, "income_score": 0.508504, "unemployment_score": 0.317493, "stackability_score": 0.0, "stage1_result": "Advances to Scoring" }, "geometry": { "type": "Polygon", "coordinates": [ [ [ -77.079455, 39.093168 ], [ -77.076918, 39.101305 ], [ -77.074312, 39.100926 ], [ -77.07311, 39.102823 ], [ -77.071971, 39.102261 ], [ -77.071685, 39.101507 ], [ -77.069557, 39.101425 ], [ -77.06855, 39.101978 ], [ -77.067108, 39.100956 ], [ -77.065864, 39.101505 ], [ -77.064361, 39.100929 ], [ -77.062492, 39.102443 ], [ -77.058708, 39.103809 ], [ -77.058479, 39.102574 ], [ -77.062349, 39.100905 ], [ -77.062454, 39.0984 ], [ -77.065155, 39.093215 ], [ -77.064895, 39.091369 ], [ -77.069358, 39.091495 ], [ -77.072029, 39.092811 ], [ -77.076263, 39.093784 ], [ -77.079455, 39.093168 ] ] ] } },
{ "type": "Feature", "properties": { "geoid": "24031701602", "state": "Maryland", "county": "Montgomery County", "classification": "Less Likely", "oztoolclassification": "Less likely to attract OZ investment", "composite_score": null, "rank": null, "recommended": 0, "jobs_2022": 370.0, "povrate_2024": 0.183571, "median_hhincome_2024": 79531.0, "unemprate_2024": 0.082094, "vacancyrate_2024": 0.011206, "stackability_count": 1, "pop_2024": 7158.0, "median_homevalue_2024": 492600.0, "job_density_score": null, "dev_capacity_score": null, "market_momentum_score": null, "poverty_score": null, "income_score": null, "unemployment_score": null, "stackability_score": null, "stage1_result": "Eliminated — Already Attractive" }, "geometry": { "type": "Polygon", "coordinates": [ [ [ -76.994106, 39.01754 ], [ -76.98437, 39.019721 ], [ -76.976776, 39.019059 ], [ -76.980261, 39.007201 ], [ -76.983629, 39.002267 ], [ -76.986354, 39.00441 ], [ -76.989165, 39.005657 ], [ -76.989472, 39.00929 ], [ -76.988841, 39.010609 ], [ -76.989177, 39.012264 ], [ -76.992316, 39.014609 ], [ -76.994106, 39.01754 ] ] ] } },
{ "type": "Feature", "properties": { "geoid": "24005451300", "state": "Maryland", "county": "Baltimore County", "classification": "Less Likely", "oztoolclassification": "Less likely to attract OZ investment", "composite_score": 0.287845, "rank": 178, "recommended": 0, "jobs_2022": 1499.0, "povrate_2024": 0.213954, "median_hhincome_2024": 60685.0, "unemprate_2024": 0.10333, "vacancyrate_2024": 0.111327, "stackability_count": 0, "pop_2024": 3379.0, "median_homevalue_2024": 241200.0, "job_density_score": 0.070397, "dev_capacity_score": 0.068804, "market_momentum_score": 0.716644, "poverty_score": 0.76412, "income_score": 0.482658, "unemployment_score": 0.299012, "stackability_score": 0.0, "stage1_result": "Advances to Scoring" }, "geometry": { "type": "Polygon", "coordinates": [ [ [ -76.467931, 39.342994 ], [ -76.453944, 39.35304 ], [ -76.453001, 39.3524 ], [ -76.450735, 39.349249 ], [ -76.449639, 39.343541 ], [ -76.44795, 39.339609 ], [ -76.447451, 39.337198 ], [ -76.444138, 39.333283 ], [ -76.449605, 39.333596 ], [ -76.455137, 39.335205 ], [ -76.467931, 39.342994 ] ] ] } },
{ "type": "Feature", "properties": { "geoid": "24005401101", "state": "Maryland", "county": "Baltimore County", "classification": "Less Likely", "oztoolclassification": "Less likely to attract OZ investment", "composite_score": 0.212436, "rank": 308, "recommended": 0, "jobs_2022": 941.0, "povrate_2024": 0.138466, "median_hhincome_2024": 78902.0, "unemprate_2024": 0.056382, "vacancyrate_2024": 0.075152, "stackability_count": 0, "pop_2024": 6848.0, "median_homevalue_2024": 281300.0, "job_density_score": 0.044051, "dev_capacity_score": 0.068804, "market_momentum_score": 0.716644, "poverty_score": 0.494522, "income_score": 0.320687, "unemployment_score": 0.163158, "stackability_score": 0.0, "stage1_result": "Advances to Scoring" }, "geometry": { "type": "Polygon", "coordinates": [ [ [ -76.743982, 39.30601 ], [ -76.734163, 39.306221 ], [ -76.72205, 39.30391 ], [ -76.716694, 39.302273 ], [ -76.719701, 39.301015 ], [ -76.731451, 39.292746 ], [ -76.731458, 39.288209 ], [ -76.738846, 39.286335 ], [ -76.740719, 39.288351 ], [ -76.742091, 39.291071 ], [ -76.743982, 39.30601 ] ] ] } },
{ "type": "Feature", "properties": { "geoid": "24005401301", "state": "Maryland", "county": "Baltimore County", "classification": "Less Likely", "oztoolclassification": "Less likely to attract OZ investment", "composite_score": 0.181586, "rank": 331, "recommended": 0, "jobs_2022": 839.0, "povrate_2024": 0.089291, "median_hhincome_2024": 75514.0, "unemprate_2024": 0.030145, "vacancyrate_2024": 0.043478, "stackability_count": 0, "pop_2024": 3259.0, "median_homevalue_2024": 219000.0, "job_density_score": 0.039235, "dev_capacity_score": 0.068804, "market_momentum_score": 0.716644, "poverty_score": 0.318897, "income_score": 0.35081, "unemployment_score": 0.087233, "stackability_score": 0.0, "stage1_result": "Advances to Scoring" }, "geometry": { "type": "Polygon", "coordinates": [ [ [ -76.731458, 39.288209 ], [ -76.731451, 39.292746 ], [ -76.719701, 39.301015 ], [ -76.711795, 39.304448 ], [ -76.711185, 39.303409 ], [ -76.71121, 39.299778 ], [ -76.716756, 39.297691 ], [ -76.721557, 39.294175 ], [ -76.721895, 39.293249 ], [ -76.720573, 39.291502 ], [ -76.720747, 39.290888 ], [ -76.731458, 39.288209 ] ] ] } },
{ "type": "Feature", "properties": { "geoid": "24005401302", "state": "Maryland", "county": "Baltimore County", "classification": "Less Likely", "oztoolclassification": "Less likely to attract OZ investment", "composite_score": 0.239051, "rank": 259, "recommended": 0, "jobs_2022": 35.0, "povrate_2024": 0.144674, "median_hhincome_2024": 63013.0, "unemprate_2024": 0.151394, "vacancyrate_2024": 0.030941, "stackability_count": 0, "pop_2024": 2910.0, "median_homevalue_2024": 224500.0, "job_density_score": 0.001275, "dev_capacity_score": 0.068804, "market_momentum_score": 0.716644, "poverty_score": 0.516691, "income_score": 0.461959, "unemployment_score": 0.438101, "stackability_score": 0.0, "stage1_result": "Advances to Scoring" }, "geometry": { "type": "Polygon", "coordinates": [ [ [ -76.722528, 39.290389 ], [ -76.720539, 39.291279 ], [ -76.721849, 39.293103 ], [ -76.721557, 39.294175 ], [ -76.716756, 39.297691 ], [ -76.71121, 39.299778 ], [ -76.711195, 39.291749 ], [ -76.722528, 39.290389 ] ] ] } },
{ "type": "Feature", "properties": { "geoid": "24510130100", "state": "Maryland", "county": "Baltimore city", "classification": "Less Likely", "oztoolclassification": "Less likely to attract OZ investment", "composite_score": 0.338942, "rank": 94, "recommended": 1, "jobs_2022": 69.0, "povrate_2024": 0.332254, "median_hhincome_2024": 34006.0, "unemprate_2024": 0.143586, "vacancyrate_2024": 0.0913, "stackability_count": 1, "pop_2024": 3093.0, "median_homevalue_2024": 321200.0, "job_density_score": 0.00288, "dev_capacity_score": 0.09069, "market_momentum_score": 0.499617, "poverty_score": 0.813379, "income_score": 0.719866, "unemployment_score": 0.415507, "stackability_score": 0.333333, "stage1_result": "Advances to Scoring" }, "geometry": { "type": "Polygon", "coordinates": [ [ [ -76.640303, 39.315139 ], [ -76.636903, 39.316914 ], [ -76.62943, 39.317081 ], [ -76.627862, 39.314749 ], [ -76.630155, 39.313669 ], [ -76.631388, 39.313644 ], [ -76.631412, 39.314419 ], [ -76.634688, 39.314367 ], [ -76.637783, 39.312615 ], [ -76.640303, 39.315139 ] ] ] } },
{ "type": "Feature", "properties": { "geoid": "24033802106", "state": "Maryland", "county": "Prince George's County", "classification": "Less Likely", "oztoolclassification": "Less likely to attract OZ investment", "composite_score": 0.271731, "rank": 201, "recommended": 0, "jobs_2022": 114.0, "povrate_2024": 0.232178, "median_hhincome_2024": 56476.0, "unemprate_2024": 0.060127, "vacancyrate_2024": 0.151359, "stackability_count": 0, "pop_2024": 4640.0, "median_homevalue_2024": 351600.0, "job_density_score": 0.005005, "dev_capacity_score": 0.068804, "market_momentum_score": 0.716644, "poverty_score": 0.829208, "income_score": 0.520081, "unemployment_score": 0.173993, "stackability_score": 0.0, "stage1_result": "Advances to Scoring" }, "geometry": { "type": "Polygon", "coordinates": [ [ [ -76.903568, 38.841159 ], [ -76.899147, 38.843143 ], [ -76.898432, 38.842852 ], [ -76.89528, 38.843193 ], [ -76.895533, 38.846628 ], [ -76.887394, 38.844182 ], [ -76.888149, 38.842511 ], [ -76.887612, 38.840018 ], [ -76.889484, 38.83762 ], [ -76.890121, 38.835497 ], [ -76.894296, 38.836208 ], [ -76.900411, 38.836049 ], [ -76.900695, 38.836546 ], [ -76.901903, 38.836664 ], [ -76.903568, 38.841159 ] ] ] } },
{ "type": "Feature", "properties": { "geoid": "24033802407", "state": "Maryland", "county": "Prince George's County", "classification": "Less Likely", "oztoolclassification": "Less likely to attract OZ investment", "composite_score": 0.244639, "rank": 250, "recommended": 0, "jobs_2022": 759.0, "povrate_2024": 0.091042, "median_hhincome_2024": 66116.0, "unemprate_2024": 0.051282, "vacancyrate_2024": 0.09901, "stackability_count": 1, "pop_2024": 3438.0, "median_homevalue_2024": 321100.0, "job_density_score": 0.035458, "dev_capacity_score": 0.068804, "market_momentum_score": 0.716644, "poverty_score": 0.325149, "income_score": 0.43437, "unemployment_score": 0.148399, "stackability_score": 0.333333, "stage1_result": "Advances to Scoring" }, "geometry": { "type": "Polygon", "coordinates": [ [ [ -76.918858, 38.860243 ], [ -76.917013, 38.861591 ], [ -76.914588, 38.860563 ], [ -76.914699, 38.862156 ], [ -76.916025, 38.862591 ], [ -76.915978, 38.863721 ], [ -76.916502, 38.863747 ], [ -76.915781, 38.864984 ], [ -76.914865, 38.864235 ], [ -76.912348, 38.864941 ], [ -76.909928, 38.8646 ], [ -76.907328, 38.865411 ], [ -76.905379, 38.86518 ], [ -76.903593, 38.864165 ], [ -76.902653, 38.861076 ], [ -76.901793, 38.860652 ], [ -76.902328, 38.859375 ], [ -76.900154, 38.854928 ], [ -76.901005, 38.855358 ], [ -76.906566, 38.853616 ], [ -76.908334, 38.853997 ], [ -76.910348, 38.853162 ], [ -76.918858, 38.860243 ] ] ] } },
{ "type": "Feature", "properties": { "geoid": "24033801408", "state": "Maryland", "county": "Prince George's County", "classification": "Less Likely", "oztoolclassification": "Less likely to attract OZ investment", "composite_score": 0.170404, "rank": 339, "recommended": 0, "jobs_2022": 139.0, "povrate_2024": 0.071883, "median_hhincome_2024": 82625.0, "unemprate_2024": 0.092268, "vacancyrate_2024": 0.05947, "stackability_count": 0, "pop_2024": 3232.0, "median_homevalue_2024": 278300.0, "job_density_score": 0.006185, "dev_capacity_score": 0.068804, "market_momentum_score": 0.716644, "poverty_score": 0.256725, "income_score": 0.287585, "unemployment_score": 0.267003, "stackability_score": 0.0, "stage1_result": "Advances to Scoring" }, "geometry": { "type": "Polygon", "coordinates": [ [ [ -76.979994, 38.800285 ], [ -76.973374, 38.805546 ], [ -76.971737, 38.805912 ], [ -76.966441, 38.804732 ], [ -76.963622, 38.805681 ], [ -76.961896, 38.805721 ], [ -76.955686, 38.803903 ], [ -76.952428, 38.804088 ], [ -76.945452, 38.802262 ], [ -76.948162, 38.799366 ], [ -76.949543, 38.799236 ], [ -76.952716, 38.797507 ], [ -76.953968, 38.796173 ], [ -76.954424, 38.794558 ], [ -76.96314, 38.793726 ], [ -76.965244, 38.792623 ], [ -76.969241, 38.791785 ], [ -76.969305, 38.791263 ], [ -76.971386, 38.79041 ], [ -76.972779, 38.791965 ], [ -76.972156, 38.792382 ], [ -76.970839, 38.792183 ], [ -76.967211, 38.793706 ], [ -76.97071, 38.799583 ], [ -76.976282, 38.795894 ], [ -76.979994, 38.800285 ] ] ] } },
{ "type": "Feature", "properties": { "geoid": "24033804801", "state": "Maryland", "county": "Prince George's County", "classification": "Already Attractive", "oztoolclassification": "Likely to attract capital even without OZ designation", "composite_score": 0.232469, "rank": 275, "recommended": 0, "jobs_2022": 106.0, "povrate_2024": 0.086595, "median_hhincome_2024": 61339.0, "unemprate_2024": 0.030606, "vacancyrate_2024": 0.0, "stackability_count": 1, "pop_2024": 2402.0, "median_homevalue_2024": null, "job_density_score": 0.004627, "dev_capacity_score": 0.068804, "market_momentum_score": 0.716644, "poverty_score": 0.309266, "income_score": 0.476843, "unemployment_score": 0.088568, "stackability_score": 0.333333, "stage1_result": "Advances to Scoring" }, "geometry": { "type": "Polygon", "coordinates": [ [ [ -76.973713, 38.943229 ], [ -76.971974, 38.944742 ], [ -76.970062, 38.945565 ], [ -76.971398, 38.947914 ], [ -76.96805, 38.948962 ], [ -76.965464, 38.947438 ], [ -76.968076, 38.945588 ], [ -76.967667, 38.943258 ], [ -76.968385, 38.943172 ], [ -76.968555, 38.941641 ], [ -76.968146, 38.938884 ], [ -76.973713, 38.943229 ] ] ] } },
{ "type": "Feature", "properties": { "geoid": "24033805908", "state": "Maryland", "county": "Prince George's County", "classification": "Goldilocks", "oztoolclassification": "More likely to attract OZ investment, with larger impact", "composite_score": 0.335747, "rank": 102, "recommended": 1, "jobs_2022": 5902.0, "povrate_2024": 0.140555, "median_hhincome_2024": 72566.0, "unemprate_2024": 0.040353, "vacancyrate_2024": 0.179047, "stackability_count": 1, "pop_2024": 2952.0, "median_homevalue_2024": 279900.0, "job_density_score": 0.278281, "dev_capacity_score": 0.068804, "market_momentum_score": 0.716644, "poverty_score": 0.501983, "income_score": 0.377022, "unemployment_score": 0.116771, "stackability_score": 0.333333, "stage1_result": "Advances to Scoring" }, "geometry": { "type": "Polygon", "coordinates": [ [ [ -76.96235, 38.967097 ], [ -76.961723, 38.969065 ], [ -76.960459, 38.970339 ], [ -76.961609, 38.971042 ], [ -76.961374, 38.973118 ], [ -76.960025, 38.973519 ], [ -76.958289, 38.975593 ], [ -76.957702, 38.975725 ], [ -76.957842, 38.976266 ], [ -76.953425, 38.977425 ], [ -76.949492, 38.971887 ], [ -76.948302, 38.966428 ], [ -76.96235, 38.967097 ] ] ] } },
{ "type": "Feature", "properties": { "geoid": "24031700904", "state": "Maryland", "county": "Montgomery County", "classification": "Already Attractive", "oztoolclassification": "Likely to attract capital even without OZ designation", "composite_score": null, "rank": null, "recommended": 0, "jobs_2022": 7542.0, "povrate_2024": 0.251319, "median_hhincome_2024": 81438.0, "unemprate_2024": 0.031695, "vacancyrate_2024": 0.072494, "stackability_count": 1, "pop_2024": 3979.0, "median_homevalue_2024": 598800.0, "job_density_score": null, "dev_capacity_score": null, "market_momentum_score": null, "poverty_score": null, "income_score": null, "unemployment_score": null, "stackability_score": null, "stage1_result": "Eliminated — Already Attractive" }, "geometry": { "type": "Polygon", "coordinates": [ [ [ -77.145748, 39.081491 ], [ -77.141489, 39.080461 ], [ -77.117309, 39.059516 ], [ -77.119026, 39.058731 ], [ -77.126403, 39.058483 ], [ -77.126609, 39.059326 ], [ -77.130424, 39.063949 ], [ -77.129265, 39.06485 ], [ -77.131565, 39.067407 ], [ -77.131082, 39.067668 ], [ -77.131597, 39.068141 ], [ -77.130372, 39.069117 ], [ -77.131408, 39.070162 ], [ -77.13407, 39.068569 ], [ -77.134243, 39.069726 ], [ -77.13446, 39.069515 ], [ -77.137504, 39.072948 ], [ -77.138338, 39.072747 ], [ -77.138549, 39.073837 ], [ -77.140068, 39.075214 ], [ -77.140082, 39.07634 ], [ -77.139523, 39.077053 ], [ -77.145748, 39.081491 ] ] ] } },
{ "type": "Feature", "properties": { "geoid": "24001002300", "state": "Maryland", "county": "Allegany County", "classification": "Goldilocks", "oztoolclassification": "More likely to attract OZ investment, with larger impact", "composite_score": 0.244076, "rank": 251, "recommended": 0, "jobs_2022": 1302.0, "povrate_2024": 0.178398, "median_hhincome_2024": 72188.0, "unemprate_2024": 0.052775, "vacancyrate_2024": 0.189026, "stackability_count": 0, "pop_2024": 5673.0, "median_homevalue_2024": 157800.0, "job_density_score": 0.061095, "dev_capacity_score": 0.068804, "market_momentum_score": 0.716644, "poverty_score": 0.637135, "income_score": 0.380382, "unemployment_score": 0.15272, "stackability_score": 0.0, "stage1_result": "Advances to Scoring" }, "geometry": { "type": "Polygon", "coordinates": [ [ [ -78.788573, 39.669842 ], [ -78.788528, 39.6707 ], [ -78.785743, 39.672187 ], [ -78.782539, 39.672687 ], [ -78.780441, 39.674285 ], [ -78.778823, 39.676391 ], [ -78.769836, 39.685184 ], [ -78.766799, 39.690208 ], [ -78.760116, 39.698272 ], [ -78.756179, 39.705154 ], [ -78.749633, 39.715026 ], [ -78.742523, 39.722988 ], [ -78.706449, 39.722885 ], [ -78.704095, 39.720665 ], [ -78.703298, 39.715144 ], [ -78.705319, 39.714924 ], [ -78.706814, 39.713974 ], [ -78.707988, 39.712585 ], [ -78.708639, 39.710891 ], [ -78.710884, 39.709383 ], [ -78.71274, 39.706188 ], [ -78.717754, 39.700851 ], [ -78.714397, 39.699526 ], [ -78.711815, 39.699283 ], [ -78.711042, 39.698527 ], [ -78.710551, 39.69746 ], [ -78.71076, 39.695262 ], [ -78.709654, 39.69162 ], [ -78.706362, 39.69471 ], [ -78.704799, 39.695049 ], [ -78.70407, 39.695706 ], [ -78.702763, 39.69542 ], [ -78.696893, 39.69195 ], [ -78.696703, 39.691226 ], [ -78.697705, 39.688947 ], [ -78.697675, 39.686572 ], [ -78.699166, 39.685153 ], [ -78.700963, 39.681018 ], [ -78.700697, 39.680291 ], [ -78.698593, 39.679067 ], [ -78.697877, 39.678086 ], [ -78.700948, 39.679357 ], [ -78.703967, 39.679133 ], [ -78.712345, 39.673585 ], [ -78.713993, 39.673015 ], [ -78.717954, 39.673766 ], [ -78.72779, 39.673403 ], [ -78.730699, 39.672861 ], [ -78.732146, 39.671884 ], [ -78.735943, 39.667246 ], [ -78.740222, 39.664389 ], [ -78.748128, 39.656927 ], [ -78.750077, 39.657536 ], [ -78.752518, 39.657373 ], [ -78.756601, 39.654507 ], [ -78.758587, 39.652297 ], [ -78.759468, 39.653903 ], [ -78.76138, 39.655387 ], [ -78.760827, 39.656461 ], [ -78.764166, 39.658348 ], [ -78.76503, 39.660759 ], [ -78.770802, 39.662016 ], [ -78.770374, 39.66322 ], [ -78.774223, 39.664134 ], [ -78.773683, 39.665224 ], [ -78.776437, 39.664191 ], [ -78.779984, 39.661503 ], [ -78.780628, 39.662737 ], [ -78.780951, 39.665758 ], [ -78.782353, 39.667477 ], [ -78.784224, 39.668644 ], [ -78.788573, 39.669842 ] ] ] } },
{ "type": "Feature", "properties": { "geoid": "24005492700", "state": "Maryland", "county": "Baltimore County", "classification": "Goldilocks", "oztoolclassification": "More likely to attract OZ investment, with larger impact", "composite_score": 0.37935, "rank": 46, "recommended": 1, "jobs_2022": 2552.0, "povrate_2024": 0.168167, "median_hhincome_2024": 48034.0, "unemprate_2024": 0.059574, "vacancyrate_2024": 0.271386, "stackability_count": 2, "pop_2024": 2777.0, "median_homevalue_2024": 236700.0, "job_density_score": 0.120113, "dev_capacity_score": 0.068804, "market_momentum_score": 0.716644, "poverty_score": 0.600597, "income_score": 0.59514, "unemployment_score": 0.172395, "stackability_score": 0.666667, "stage1_result": "Advances to Scoring" }, "geometry": { "type": "Polygon", "coordinates": [ [ [ -76.529575, 39.238311 ], [ -76.515584, 39.243106 ], [ -76.515281, 39.242325 ], [ -76.512841, 39.243058 ], [ -76.515048, 39.245818 ], [ -76.508196, 39.245361 ], [ -76.504397, 39.244223 ], [ -76.499144, 39.244342 ], [ -76.494484, 39.240006 ], [ -76.490964, 39.247977 ], [ -76.490384, 39.248607 ], [ -76.488578, 39.249131 ], [ -76.487298, 39.247804 ], [ -76.485347, 39.246783 ], [ -76.468869, 39.243905 ], [ -76.461967, 39.243273 ], [ -76.459417, 39.24237 ], [ -76.456186, 39.245573 ], [ -76.45532, 39.24383 ], [ -76.455236, 39.242415 ], [ -76.457297, 39.233539 ], [ -76.458694, 39.232607 ], [ -76.462917, 39.232313 ], [ -76.464596, 39.231663 ], [ -76.468861, 39.226495 ], [ -76.469022, 39.223396 ], [ -76.462483, 39.223907 ], [ -76.459882, 39.219807 ], [ -76.458582, 39.215807 ], [ -76.452782, 39.213107 ], [ -76.447882, 39.213307 ], [ -76.448327, 39.211566 ], [ -76.444443, 39.209667 ], [ -76.445986, 39.209479 ], [ -76.445547, 39.208681 ], [ -76.447297, 39.206735 ], [ -76.448219, 39.203997 ], [ -76.450149, 39.204425 ], [ -76.450482, 39.202007 ], [ -76.449482, 39.191207 ], [ -76.446482, 39.181807 ], [ -76.514484, 39.202406 ], [ -76.529486, 39.218408 ], [ -76.529575, 39.238311 ] ] ] } },
{ "type": "Feature", "properties": { "geoid": "24045010503", "state": "Maryland", "county": "Wicomico County", "classification": "Already Attractive", "oztoolclassification": "Likely to attract capital even without OZ designation", "composite_score": 0.337924, "rank": 96, "recommended": 1, "jobs_2022": 1106.0, "povrate_2024": 0.291856, "median_hhincome_2024": 39442.0, "unemprate_2024": 0.136712, "vacancyrate_2024": 0.064858, "stackability_count": 0, "pop_2024": 4147.0, "median_homevalue_2024": 285000.0, "job_density_score": 0.051841, "dev_capacity_score": 0.068804, "market_momentum_score": 0.716644, "poverty_score": 0.957658, "income_score": 0.671533, "unemployment_score": 0.395614, "stackability_score": 0.0, "stage1_result": "Advances to Scoring" }, "geometry": { "type": "Polygon", "coordinates": [ [ [ -75.607955, 38.336154 ], [ -75.603293, 38.342495 ], [ -75.600981, 38.348491 ], [ -75.596937, 38.347929 ], [ -75.582138, 38.347855 ], [ -75.579973, 38.344023 ], [ -75.577832, 38.341347 ], [ -75.571704, 38.336195 ], [ -75.569423, 38.33301 ], [ -75.578479, 38.326965 ], [ -75.581494, 38.32786 ], [ -75.584619, 38.329735 ], [ -75.587251, 38.332075 ], [ -75.594372, 38.336761 ], [ -75.599602, 38.336753 ], [ -75.599897, 38.334954 ], [ -75.607955, 38.336154 ] ] ] } },
{ "type": "Feature", "properties": { "geoid": "24045010504", "state": "Maryland", "county": "Wicomico County", "classification": "Less Likely", "oztoolclassification": "Less likely to attract OZ investment", "composite_score": 0.252508, "rank": 235, "recommended": 0, "jobs_2022": 814.0, "povrate_2024": 0.201437, "median_hhincome_2024": 71425.0, "unemprate_2024": 0.062811, "vacancyrate_2024": 0.089449, "stackability_count": 0, "pop_2024": 4466.0, "median_homevalue_2024": 231400.0, "job_density_score": 0.038055, "dev_capacity_score": 0.068804, "market_momentum_score": 0.716644, "poverty_score": 0.719419, "income_score": 0.387166, "unemployment_score": 0.181761, "stackability_score": 0.0, "stage1_result": "Advances to Scoring" }, "geometry": { "type": "Polygon", "coordinates": [ [ [ -75.592518, 38.347889 ], [ -75.591297, 38.351802 ], [ -75.590404, 38.352919 ], [ -75.589004, 38.352076 ], [ -75.584486, 38.356791 ], [ -75.583126, 38.356319 ], [ -75.581473, 38.359816 ], [ -75.578641, 38.36015 ], [ -75.575745, 38.358135 ], [ -75.575375, 38.356278 ], [ -75.573155, 38.35341 ], [ -75.56954, 38.351176 ], [ -75.561383, 38.347272 ], [ -75.559947, 38.34599 ], [ -75.557416, 38.345577 ], [ -75.554982, 38.344445 ], [ -75.550803, 38.344192 ], [ -75.548731, 38.343444 ], [ -75.547435, 38.342323 ], [ -75.569423, 38.33301 ], [ -75.571704, 38.336195 ], [ -75.577832, 38.341347 ], [ -75.579973, 38.344023 ], [ -75.582138, 38.347855 ], [ -75.592518, 38.347889 ] ] ] } },
{ "type": "Feature", "properties": { "geoid": "24031700721", "state": "Maryland", "county": "Montgomery County", "classification": "Less Likely", "oztoolclassification": "Less likely to attract OZ investment", "composite_score": 0.341999, "rank": 89, "recommended": 1, "jobs_2022": 423.0, "povrate_2024": 0.257442, "median_hhincome_2024": 71701.0, "unemprate_2024": 0.128784, "vacancyrate_2024": 0.043887, "stackability_count": 1, "pop_2024": 3732.0, "median_homevalue_2024": 221200.0, "job_density_score": 0.019594, "dev_capacity_score": 0.068804, "market_momentum_score": 0.716644, "poverty_score": 0.919435, "income_score": 0.384713, "unemployment_score": 0.372672, "stackability_score": 0.333333, "stage1_result": "Advances to Scoring" }, "geometry": { "type": "Polygon", "coordinates": [ [ [ -77.209594, 39.164772 ], [ -77.205128, 39.166439 ], [ -77.204492, 39.164777 ], [ -77.202108, 39.161358 ], [ -77.202976, 39.159274 ], [ -77.207727, 39.155732 ], [ -77.208847, 39.156967 ], [ -77.207474, 39.161952 ], [ -77.207545, 39.16364 ], [ -77.209594, 39.164772 ] ] ] } },
{ "type": "Feature", "properties": { "geoid": "24031701219", "state": "Maryland", "county": "Montgomery County", "classification": "Already Attractive", "oztoolclassification": "Likely to attract capital even without OZ designation", "composite_score": 0.249584, "rank": 240, "recommended": 0, "jobs_2022": 6861.0, "povrate_2024": 0.076805, "median_hhincome_2024": 87188.0, "unemprate_2024": 0.02915, "vacancyrate_2024": 0.04642, "stackability_count": 0, "pop_2024": 4557.0, "median_homevalue_2024": null, "job_density_score": 0.32356, "dev_capacity_score": 0.068804, "market_momentum_score": 0.716644, "poverty_score": 0.274303, "income_score": 0.247015, "unemployment_score": 0.084352, "stackability_score": 0.0, "stage1_result": "Advances to Scoring" }, "geometry": { "type": "Polygon", "coordinates": [ [ [ -77.121466, 39.063162 ], [ -77.114471, 39.066871 ], [ -77.113746, 39.071151 ], [ -77.112001, 39.073374 ], [ -77.109211, 39.071736 ], [ -77.108711, 39.069263 ], [ -77.107147, 39.069213 ], [ -77.106994, 39.068412 ], [ -77.103378, 39.064853 ], [ -77.101448, 39.065071 ], [ -77.100929, 39.065917 ], [ -77.099617, 39.065109 ], [ -77.0998, 39.063709 ], [ -77.099113, 39.062652 ], [ -77.097854, 39.062137 ], [ -77.094964, 39.058846 ], [ -77.098381, 39.058273 ], [ -77.103744, 39.059703 ], [ -77.103378, 39.062091 ], [ -77.104751, 39.061134 ], [ -77.106033, 39.058956 ], [ -77.107688, 39.057689 ], [ -77.107063, 39.056671 ], [ -77.10765, 39.056163 ], [ -77.10688, 39.054679 ], [ -77.106491, 39.051692 ], [ -77.105873, 39.051013 ], [ -77.103324, 39.050231 ], [ -77.101997, 39.048763 ], [ -77.101989, 39.047748 ], [ -77.102775, 39.046955 ], [ -77.121466, 39.063162 ] ] ] } },
{ "type": "Feature", "properties": { "geoid": "24037876200", "state": "Maryland", "county": "St. Mary's County", "classification": "Less Likely", "oztoolclassification": "Less likely to attract OZ investment", "composite_score": null, "rank": null, "recommended": 0, "jobs_2022": 1166.0, "povrate_2024": 0.205519, "median_hhincome_2024": 124429.0, "unemprate_2024": 0.055768, "vacancyrate_2024": 0.077269, "stackability_count": 0, "pop_2024": 6979.0, "median_homevalue_2024": 442500.0, "job_density_score": null, "dev_capacity_score": null, "market_momentum_score": null, "poverty_score": null, "income_score": null, "unemployment_score": null, "stackability_score": null, "stage1_result": "Eliminated — Already Attractive" }, "geometry": { "type": "Polygon", "coordinates": [ [ [ -76.453788, 38.204838 ], [ -76.44766, 38.208051 ], [ -76.441263, 38.210561 ], [ -76.424725, 38.215021 ], [ -76.424298, 38.21607 ], [ -76.423134, 38.21573 ], [ -76.421676, 38.216579 ], [ -76.423027, 38.217647 ], [ -76.419636, 38.217792 ], [ -76.408682, 38.220581 ], [ -76.409282, 38.222141 ], [ -76.408766, 38.225816 ], [ -76.406767, 38.225026 ], [ -76.404127, 38.224958 ], [ -76.402502, 38.225439 ], [ -76.400037, 38.227546 ], [ -76.398528, 38.228027 ], [ -76.393044, 38.22693 ], [ -76.392841, 38.22654 ], [ -76.388982, 38.225557 ], [ -76.378479, 38.226299 ], [ -76.337287, 38.174706 ], [ -76.32148, 38.157793 ], [ -76.312628, 38.14088 ], [ -76.312628, 38.136403 ], [ -76.32559, 38.120734 ], [ -76.325417, 38.112977 ], [ -76.321632, 38.10572 ], [ -76.32182, 38.089896 ], [ -76.319942, 38.074072 ], [ -76.30886, 38.039467 ], [ -76.316936, 38.028671 ], [ -76.325577, 38.028671 ], [ -76.329145, 38.032664 ], [ -76.33046, 38.041981 ], [ -76.33741, 38.046269 ], [ -76.345111, 38.046713 ], [ -76.356655, 38.046432 ], [ -76.367464, 38.053515 ], [ -76.374601, 38.068895 ], [ -76.381363, 38.081171 ], [ -76.390307, 38.087464 ], [ -76.396031, 38.090561 ], [ -76.395937, 38.098695 ], [ -76.400447, 38.100617 ], [ -76.405239, 38.101874 ], [ -76.412757, 38.101061 ], [ -76.421495, 38.101726 ], [ -76.425254, 38.103649 ], [ -76.426381, 38.106385 ], [ -76.430328, 38.110673 ], [ -76.438503, 38.112226 ], [ -76.445465, 38.112442 ], [ -76.445835, 38.158292 ], [ -76.446662, 38.160301 ], [ -76.446976, 38.163406 ], [ -76.447095, 38.172068 ], [ -76.446281, 38.176321 ], [ -76.445088, 38.178753 ], [ -76.437085, 38.189938 ], [ -76.436762, 38.191415 ], [ -76.437158, 38.192597 ], [ -76.437969, 38.193241 ], [ -76.439735, 38.193664 ], [ -76.447235, 38.19381 ], [ -76.448813, 38.194548 ], [ -76.449813, 38.195661 ], [ -76.453788, 38.204838 ] ] ] } },
{ "type": "Feature", "properties": { "geoid": "24009861004", "state": "Maryland", "county": "Calvert County", "classification": "Less Likely", "oztoolclassification": "Less likely to attract OZ investment", "composite_score": 0.131759, "rank": 354, "recommended": 0, "jobs_2022": 57.0, "povrate_2024": 0.054829, "median_hhincome_2024": 95276.0, "unemprate_2024": 0.018407, "vacancyrate_2024": 0.058647, "stackability_count": 0, "pop_2024": 7113.0, "median_homevalue_2024": 292400.0, "job_density_score": 0.002314, "dev_capacity_score": 0.068804, "market_momentum_score": 0.716644, "poverty_score": 0.195819, "income_score": 0.175103, "unemployment_score": 0.053265, "stackability_score": 0.0, "stage1_result": "Advances to Scoring" }, "geometry": { "type": "Polygon", "coordinates": [ [ [ -76.431425, 38.388623 ], [ -76.425727, 38.385952 ], [ -76.419581, 38.384268 ], [ -76.413454, 38.38413 ], [ -76.412361, 38.383098 ], [ -76.410854, 38.381507 ], [ -76.409735, 38.379179 ], [ -76.408712, 38.371921 ], [ -76.407183, 38.37091 ], [ -76.407132, 38.368027 ], [ -76.406246, 38.366445 ], [ -76.406726, 38.364502 ], [ -76.405697, 38.363094 ], [ -76.38729, 38.364141 ], [ -76.381742, 38.362301 ], [ -76.38966, 38.350773 ], [ -76.397089, 38.342235 ], [ -76.403055, 38.334154 ], [ -76.407843, 38.325254 ], [ -76.4173, 38.325363 ], [ -76.413816, 38.328948 ], [ -76.407301, 38.338427 ], [ -76.401588, 38.344872 ], [ -76.403062, 38.345204 ], [ -76.403894, 38.346123 ], [ -76.406867, 38.345706 ], [ -76.408392, 38.34598 ], [ -76.411566, 38.347479 ], [ -76.413264, 38.349111 ], [ -76.411887, 38.350928 ], [ -76.413586, 38.354375 ], [ -76.414922, 38.354317 ], [ -76.415345, 38.354875 ], [ -76.418347, 38.353728 ], [ -76.419418, 38.357572 ], [ -76.420189, 38.357978 ], [ -76.420262, 38.3575 ], [ -76.420751, 38.357976 ], [ -76.421349, 38.357069 ], [ -76.422636, 38.35775 ], [ -76.421901, 38.359496 ], [ -76.423632, 38.359282 ], [ -76.42244, 38.360326 ], [ -76.423166, 38.361032 ], [ -76.424405, 38.361215 ], [ -76.42356, 38.361645 ], [ -76.423446, 38.362861 ], [ -76.424168, 38.363579 ], [ -76.42516, 38.363261 ], [ -76.425578, 38.363884 ], [ -76.423711, 38.364064 ], [ -76.423762, 38.365217 ], [ -76.424389, 38.365405 ], [ -76.423463, 38.365855 ], [ -76.42382, 38.366874 ], [ -76.42474, 38.367761 ], [ -76.426366, 38.367062 ], [ -76.429294, 38.367992 ], [ -76.428953, 38.368489 ], [ -76.427734, 38.367801 ], [ -76.426443, 38.367762 ], [ -76.424439, 38.368563 ], [ -76.424861, 38.369189 ], [ -76.424266, 38.369009 ], [ -76.424453, 38.370626 ], [ -76.423786, 38.371645 ], [ -76.424124, 38.375617 ], [ -76.423534, 38.377169 ], [ -76.423881, 38.378591 ], [ -76.423406, 38.380488 ], [ -76.426229, 38.383059 ], [ -76.428689, 38.382281 ], [ -76.429898, 38.383749 ], [ -76.430715, 38.383805 ], [ -76.431425, 38.388623 ] ] ] } },
{ "type": "Feature", "properties": { "geoid": "24003730513", "state": "Maryland", "county": "Anne Arundel County", "classification": "Less Likely", "oztoolclassification": "Less likely to attract OZ investment", "composite_score": 0.282944, "rank": 186, "recommended": 0, "jobs_2022": 357.0, "povrate_2024": 0.162602, "median_hhincome_2024": 80887.0, "unemprate_2024": 0.132474, "vacancyrate_2024": 0.022989, "stackability_count": 1, "pop_2024": 1483.0, "median_homevalue_2024": 285200.0, "job_density_score": 0.016478, "dev_capacity_score": 0.068804, "market_momentum_score": 0.716644, "poverty_score": 0.58072, "income_score": 0.303038, "unemployment_score": 0.383349, "stackability_score": 0.333333, "stage1_result": "Advances to Scoring" }, "geometry": { "type": "Polygon", "coordinates": [ [ [ -76.640344, 39.126062 ], [ -76.639023, 39.125683 ], [ -76.637664, 39.126518 ], [ -76.636908, 39.128085 ], [ -76.636108, 39.128206 ], [ -76.635189, 39.129495 ], [ -76.633266, 39.129111 ], [ -76.632645, 39.129765 ], [ -76.6309, 39.129662 ], [ -76.632602, 39.125912 ], [ -76.631537, 39.122603 ], [ -76.636988, 39.118759 ], [ -76.640344, 39.126062 ] ] ] } },
{ "type": "Feature", "properties": { "geoid": "24041960300", "state": "Maryland", "county": "Talbot County", "classification": "Already Attractive", "oztoolclassification": "Likely to attract capital even without OZ designation", "composite_score": 0.342377, "rank": 88, "recommended": 1, "jobs_2022": 2758.0, "povrate_2024": 0.19501, "median_hhincome_2024": 52561.0, "unemprate_2024": 0.058514, "vacancyrate_2024": 0.052941, "stackability_count": 1, "pop_2024": 3789.0, "median_homevalue_2024": 351200.0, "job_density_score": 0.129839, "dev_capacity_score": 0.068804, "market_momentum_score": 0.716644, "poverty_score": 0.696462, "income_score": 0.55489, "unemployment_score": 0.169326, "stackability_score": 0.333333, "stage1_result": "Advances to Scoring" }, "geometry": { "type": "Polygon", "coordinates": [ [ [ -76.095763, 38.768056 ], [ -76.091117, 38.773774 ], [ -76.085497, 38.777783 ], [ -76.080583, 38.785098 ], [ -76.078695, 38.787066 ], [ -76.075804, 38.788877 ], [ -76.069421, 38.791643 ], [ -76.065218, 38.794603 ], [ -76.068417, 38.786974 ], [ -76.073737, 38.781942 ], [ -76.07584, 38.77911 ], [ -76.07629, 38.77681 ], [ -76.075661, 38.76752 ], [ -76.071964, 38.761396 ], [ -76.071183, 38.755089 ], [ -76.07166, 38.751213 ], [ -76.071074, 38.747039 ], [ -76.071467, 38.746894 ], [ -76.072986, 38.754079 ], [ -76.075826, 38.754581 ], [ -76.075783, 38.755768 ], [ -76.077517, 38.758089 ], [ -76.0812, 38.760452 ], [ -76.082813, 38.762624 ], [ -76.084983, 38.764502 ], [ -76.08542, 38.765707 ], [ -76.085843, 38.76605 ], [ -76.089201, 38.765734 ], [ -76.091745, 38.764589 ], [ -76.095763, 38.768056 ] ] ] } },
{ "type": "Feature", "properties": { "geoid": "24037875904", "state": "Maryland", "county": "St. Mary's County", "classification": "Less Likely", "oztoolclassification": "Less likely to attract OZ investment", "composite_score": null, "rank": null, "recommended": 0, "jobs_2022": 499.0, "povrate_2024": 0.162425, "median_hhincome_2024": 81845.0, "unemprate_2024": 0.016393, "vacancyrate_2024": 0.034938, "stackability_count": 0, "pop_2024": 5118.0, "median_homevalue_2024": 379400.0, "job_density_score": null, "dev_capacity_score": null, "market_momentum_score": null, "poverty_score": null, "income_score": null, "unemployment_score": null, "stackability_score": null, "stage1_result": "Eliminated — Already Attractive" }, "geometry": { "type": "Polygon", "coordinates": [ [ [ -76.498012, 38.237073 ], [ -76.495966, 38.236682 ], [ -76.495238, 38.238897 ], [ -76.492608, 38.241941 ], [ -76.488307, 38.249461 ], [ -76.489165, 38.250331 ], [ -76.489945, 38.253735 ], [ -76.491398, 38.256808 ], [ -76.489728, 38.257466 ], [ -76.48969, 38.259329 ], [ -76.485994, 38.263277 ], [ -76.485945, 38.264283 ], [ -76.484776, 38.264726 ], [ -76.484289, 38.265435 ], [ -76.482866, 38.265376 ], [ -76.482796, 38.263663 ], [ -76.481336, 38.262413 ], [ -76.479609, 38.262478 ], [ -76.476943, 38.263955 ], [ -76.476975, 38.262051 ], [ -76.475505, 38.257129 ], [ -76.456754, 38.241758 ], [ -76.459594, 38.235737 ], [ -76.459981, 38.233068 ], [ -76.457451, 38.225822 ], [ -76.457626, 38.22387 ], [ -76.454015, 38.222832 ], [ -76.43709, 38.221549 ], [ -76.43002, 38.219022 ], [ -76.425479, 38.217773 ], [ -76.423027, 38.217647 ], [ -76.421676, 38.216579 ], [ -76.423134, 38.21573 ], [ -76.424298, 38.21607 ], [ -76.424725, 38.215021 ], [ -76.426867, 38.214313 ], [ -76.441263, 38.210561 ], [ -76.44766, 38.208051 ], [ -76.453788, 38.204838 ], [ -76.455669, 38.206878 ], [ -76.45754, 38.20788 ], [ -76.466955, 38.210142 ], [ -76.469904, 38.211585 ], [ -76.473461, 38.215771 ], [ -76.477089, 38.219089 ], [ -76.479783, 38.220227 ], [ -76.480941, 38.220223 ], [ -76.482281, 38.221154 ], [ -76.48386, 38.220382 ], [ -76.485039, 38.220488 ], [ -76.486326, 38.221768 ], [ -76.486492, 38.224106 ], [ -76.489522, 38.224842 ], [ -76.49309, 38.227017 ], [ -76.490311, 38.22937 ], [ -76.490127, 38.230949 ], [ -76.490987, 38.231444 ], [ -76.494281, 38.230754 ], [ -76.494781, 38.231373 ], [ -76.494433, 38.233053 ], [ -76.495311, 38.233438 ], [ -76.495522, 38.23421 ], [ -76.494831, 38.234817 ], [ -76.497066, 38.235789 ], [ -76.498012, 38.237073 ] ] ] } },
{ "type": "Feature", "properties": { "geoid": "24037876004", "state": "Maryland", "county": "St. Mary's County", "classification": "Less Likely", "oztoolclassification": "Less likely to attract OZ investment", "composite_score": 0.186082, "rank": 329, "recommended": 0, "jobs_2022": 3092.0, "povrate_2024": 0.107587, "median_hhincome_2024": 114970.0, "unemprate_2024": 0.020917, "vacancyrate_2024": 0.061649, "stackability_count": 0, "pop_2024": 7315.0, "median_homevalue_2024": 297400.0, "job_density_score": 0.145609, "dev_capacity_score": 0.068804, "market_momentum_score": 0.716644, "poverty_score": 0.38424, "income_score": 0.0, "unemployment_score": 0.060528, "stackability_score": 0.0, "stage1_result": "Advances to Scoring" }, "geometry": { "type": "Polygon", "coordinates": [ [ [ -76.526116, 38.290323 ], [ -76.523353, 38.293283 ], [ -76.524138, 38.296138 ], [ -76.525567, 38.297638 ], [ -76.522806, 38.301938 ], [ -76.5199, 38.303774 ], [ -76.512518, 38.299722 ], [ -76.492825, 38.291242 ], [ -76.482503, 38.289098 ], [ -76.477909, 38.28671 ], [ -76.480633, 38.284912 ], [ -76.484778, 38.279172 ], [ -76.494692, 38.275992 ], [ -76.496734, 38.275816 ], [ -76.500748, 38.273954 ], [ -76.508488, 38.27247 ], [ -76.511153, 38.272932 ], [ -76.512, 38.274265 ], [ -76.51437, 38.274846 ], [ -76.515702, 38.276917 ], [ -76.515426, 38.277711 ], [ -76.516866, 38.278896 ], [ -76.517883, 38.282926 ], [ -76.518634, 38.283482 ], [ -76.519956, 38.283383 ], [ -76.521429, 38.284836 ], [ -76.523411, 38.285645 ], [ -76.525748, 38.289059 ], [ -76.526116, 38.290323 ] ] ] } },
{ "type": "Feature", "properties": { "geoid": "24510260402", "state": "Maryland", "county": "Baltimore city", "classification": "Less Likely", "oztoolclassification": "Less likely to attract OZ investment", "composite_score": 0.283729, "rank": 182, "recommended": 0, "jobs_2022": 398.0, "povrate_2024": 0.165386, "median_hhincome_2024": 37155.0, "unemprate_2024": 0.024496, "vacancyrate_2024": 0.022624, "stackability_count": 1, "pop_2024": 3253.0, "median_homevalue_2024": 215200.0, "job_density_score": 0.018414, "dev_capacity_score": 0.083537, "market_momentum_score": 0.547234, "poverty_score": 0.590664, "income_score": 0.691867, "unemployment_score": 0.070885, "stackability_score": 0.333333, "stage1_result": "Advances to Scoring" }, "geometry": { "type": "Polygon", "coordinates": [ [ [ -76.550321, 39.312215 ], [ -76.549362, 39.31365 ], [ -76.548938, 39.315888 ], [ -76.540459, 39.321218 ], [ -76.536023, 39.326705 ], [ -76.534104, 39.328295 ], [ -76.532417, 39.324094 ], [ -76.533214, 39.323885 ], [ -76.534414, 39.322306 ], [ -76.534785, 39.320022 ], [ -76.53586, 39.319284 ], [ -76.535294, 39.317681 ], [ -76.540029, 39.312792 ], [ -76.543118, 39.307352 ], [ -76.544164, 39.307608 ], [ -76.546903, 39.309604 ], [ -76.547884, 39.31118 ], [ -76.550387, 39.311318 ], [ -76.550321, 39.312215 ] ] ] } },
{ "type": "Feature", "properties": { "geoid": "24510260404", "state": "Maryland", "county": "Baltimore city", "classification": "Already Attractive", "oztoolclassification": "Likely to attract capital even without OZ designation", "composite_score": 0.449763, "rank": 9, "recommended": 1, "jobs_2022": 5530.0, "povrate_2024": 0.324522, "median_hhincome_2024": 55921.0, "unemprate_2024": 0.080207, "vacancyrate_2024": 0.340116, "stackability_count": 2, "pop_2024": 1778.0, "median_homevalue_2024": 179900.0, "job_density_score": 0.260718, "dev_capacity_score": 0.101562, "market_momentum_score": 0.621417, "poverty_score": 0.840993, "income_score": 0.525015, "unemployment_score": 0.232101, "stackability_score": 0.666667, "stage1_result": "Advances to Scoring" }, "geometry": { "type": "Polygon", "coordinates": [ [ [ -76.573046, 39.309338 ], [ -76.565478, 39.30897 ], [ -76.553479, 39.300151 ], [ -76.539257, 39.304629 ], [ -76.535851, 39.30628 ], [ -76.529786, 39.310391 ], [ -76.529517, 39.297056 ], [ -76.532785, 39.295414 ], [ -76.536652, 39.296194 ], [ -76.547801, 39.29576 ], [ -76.548803, 39.295262 ], [ -76.551081, 39.292483 ], [ -76.552123, 39.292033 ], [ -76.562744, 39.291595 ], [ -76.562827, 39.292754 ], [ -76.569413, 39.292487 ], [ -76.569911, 39.29935 ], [ -76.572789, 39.299234 ], [ -76.573046, 39.309338 ] ] ] } },
{ "type": "Feature", "properties": { "geoid": "24510260501", "state": "Maryland", "county": "Baltimore city", "classification": "Goldilocks", "oztoolclassification": "More likely to attract OZ investment, with larger impact", "composite_score": 0.372489, "rank": 52, "recommended": 1, "jobs_2022": 7900.0, "povrate_2024": 0.139073, "median_hhincome_2024": 65495.0, "unemprate_2024": 0.111779, "vacancyrate_2024": 0.079203, "stackability_count": 1, "pop_2024": 4757.0, "median_homevalue_2024": 182900.0, "job_density_score": 0.372616, "dev_capacity_score": 0.065878, "market_momentum_score": 0.584294, "poverty_score": 0.496689, "income_score": 0.439891, "unemployment_score": 0.323464, "stackability_score": 0.333333, "stage1_result": "Advances to Scoring" }, "geometry": { "type": "Polygon", "coordinates": [ [ [ -76.555724, 39.291783 ], [ -76.551503, 39.292216 ], [ -76.548803, 39.295262 ], [ -76.547801, 39.29576 ], [ -76.536652, 39.296194 ], [ -76.532785, 39.295414 ], [ -76.529517, 39.297056 ], [ -76.529592, 39.284852 ], [ -76.530393, 39.284818 ], [ -76.535704, 39.281793 ], [ -76.554581, 39.280977 ], [ -76.55505, 39.287965 ], [ -76.554135, 39.288054 ], [ -76.555724, 39.291783 ] ] ] } },
{ "type": "Feature", "properties": { "geoid": "24510090800", "state": "Maryland", "county": "Baltimore city", "classification": "Already Attractive", "oztoolclassification": "Likely to attract capital even without OZ designation", "composite_score": 0.426229, "rank": 13, "recommended": 1, "jobs_2022": 997.0, "povrate_2024": 0.263242, "median_hhincome_2024": 46797.0, "unemprate_2024": 0.059041, "vacancyrate_2024": 0.290402, "stackability_count": 2, "pop_2024": 1899.0, "median_homevalue_2024": null, "job_density_score": 0.046695, "dev_capacity_score": 0.25994, "market_momentum_score": 0.657233, "poverty_score": 0.940151, "income_score": 0.606138, "unemployment_score": 0.17085, "stackability_score": 0.666667, "stage1_result": "Advances to Scoring" }, "geometry": { "type": "Polygon", "coordinates": [ [ [ -76.609497, 39.311405 ], [ -76.609509, 39.319519 ], [ -76.603351, 39.319181 ], [ -76.594867, 39.317238 ], [ -76.598727, 39.313438 ], [ -76.59937, 39.311942 ], [ -76.609497, 39.311405 ] ] ] } },
{ "type": "Feature", "properties": { "geoid": "24510100200", "state": "Maryland", "county": "Baltimore city", "classification": "Already Attractive", "oztoolclassification": "Likely to attract capital even without OZ designation", "composite_score": 0.255481, "rank": 230, "recommended": 0, "jobs_2022": 40.0, "povrate_2024": 0.47782, "median_hhincome_2024": 24360.0, "unemprate_2024": 0.065773, "vacancyrate_2024": 0.019704, "stackability_count": 1, "pop_2024": 2796.0, "median_homevalue_2024": null, "job_density_score": 0.001511, "dev_capacity_score": 0.177951, "market_momentum_score": 0.658716, "poverty_score": 0.14675, "income_score": 0.80563, "unemployment_score": 0.190333, "stackability_score": 0.333333, "stage1_result": "Advances to Scoring" }, "geometry": { "type": "Polygon", "coordinates": [ [ [ -76.607269, 39.301361 ], [ -76.597829, 39.301744 ], [ -76.597597, 39.298251 ], [ -76.606332, 39.297912 ], [ -76.607269, 39.301361 ] ] ] } },
{ "type": "Feature", "properties": { "geoid": "24033800109", "state": "Maryland", "county": "Prince George's County", "classification": "Goldilocks", "oztoolclassification": "More likely to attract OZ investment, with larger impact", "composite_score": null, "rank": null, "recommended": 0, "jobs_2022": 252.0, "povrate_2024": 0.13292, "median_hhincome_2024": 100909.0, "unemprate_2024": 0.049826, "vacancyrate_2024": 0.124916, "stackability_count": 1, "pop_2024": 4544.0, "median_homevalue_2024": 390600.0, "job_density_score": null, "dev_capacity_score": null, "market_momentum_score": null, "poverty_score": null, "income_score": null, "unemployment_score": null, "stackability_score": null, "stage1_result": "Eliminated — Already Attractive" }, "geometry": { "type": "Polygon", "coordinates": [ [ [ -76.875706, 39.094302 ], [ -76.874639, 39.096738 ], [ -76.871735, 39.100266 ], [ -76.871113, 39.102884 ], [ -76.863187, 39.1015 ], [ -76.860531, 39.101802 ], [ -76.855174, 39.101263 ], [ -76.849804, 39.098183 ], [ -76.850848, 39.097223 ], [ -76.855158, 39.099398 ], [ -76.858103, 39.099876 ], [ -76.866787, 39.096671 ], [ -76.86995, 39.096734 ], [ -76.870356, 39.093572 ], [ -76.875706, 39.094302 ] ] ] } },
{ "type": "Feature", "properties": { "geoid": "24510110100", "state": "Maryland", "county": "Baltimore city", "classification": "Less Likely", "oztoolclassification": "Less likely to attract OZ investment", "composite_score": 0.376135, "rank": 49, "recommended": 1, "jobs_2022": 1357.0, "povrate_2024": 0.228237, "median_hhincome_2024": 50345.0, "unemprate_2024": 0.073246, "vacancyrate_2024": 0.173814, "stackability_count": 2, "pop_2024": 2309.0, "median_homevalue_2024": 151300.0, "job_density_score": 0.063692, "dev_capacity_score": 0.024329, "market_momentum_score": 0.574217, "poverty_score": 0.815133, "income_score": 0.574593, "unemployment_score": 0.211959, "stackability_score": 0.666667, "stage1_result": "Advances to Scoring" }, "geometry": { "type": "Polygon", "coordinates": [ [ [ -76.614655, 39.306022 ], [ -76.612355, 39.305862 ], [ -76.611411, 39.304989 ], [ -76.611525, 39.300018 ], [ -76.611007, 39.294532 ], [ -76.613686, 39.294496 ], [ -76.614341, 39.295109 ], [ -76.613993, 39.296387 ], [ -76.614655, 39.306022 ] ] ] } },
{ "type": "Feature", "properties": { "geoid": "24510110200", "state": "Maryland", "county": "Baltimore city", "classification": "Goldilocks", "oztoolclassification": "More likely to attract OZ investment, with larger impact", "composite_score": 0.416412, "rank": 16, "recommended": 1, "jobs_2022": 9199.0, "povrate_2024": 0.179852, "median_hhincome_2024": 72296.0, "unemprate_2024": 0.020911, "vacancyrate_2024": 0.05961, "stackability_count": 2, "pop_2024": 5764.0, "median_homevalue_2024": 313600.0, "job_density_score": 0.433947, "dev_capacity_score": 0.040226, "market_momentum_score": 0.422686, "poverty_score": 0.64233, "income_score": 0.379422, "unemployment_score": 0.060511, "stackability_score": 0.666667, "stage1_result": "Advances to Scoring" }, "geometry": { "type": "Polygon", "coordinates": [ [ [ -76.621024, 39.307026 ], [ -76.620355, 39.309123 ], [ -76.614655, 39.306022 ], [ -76.613993, 39.296387 ], [ -76.614342, 39.29512 ], [ -76.619819, 39.294931 ], [ -76.621024, 39.307026 ] ] ] } },
{ "type": "Feature", "properties": { "geoid": "24510120300", "state": "Maryland", "county": "Baltimore city", "classification": "Less Likely", "oztoolclassification": "Less likely to attract OZ investment", "composite_score": 0.304446, "rank": 144, "recommended": 0, "jobs_2022": 533.0, "povrate_2024": 0.241682, "median_hhincome_2024": 59583.0, "unemprate_2024": 0.04433, "vacancyrate_2024": 0.130184, "stackability_count": 1, "pop_2024": 3186.0, "median_homevalue_2024": 276900.0, "job_density_score": 0.024788, "dev_capacity_score": 0.072083, "market_momentum_score": 0.493793, "poverty_score": 0.863151, "income_score": 0.492456, "unemployment_score": 0.128281, "stackability_score": 0.333333, "stage1_result": "Advances to Scoring" }, "geometry": { "type": "Polygon", "coordinates": [ [ [ -76.615743, 39.323287 ], [ -76.609456, 39.323443 ], [ -76.60949, 39.316234 ], [ -76.615302, 39.316413 ], [ -76.615743, 39.323287 ] ] ] } },
{ "type": "Feature", "properties": { "geoid": "24510120600", "state": "Maryland", "county": "Baltimore city", "classification": "Less Likely", "oztoolclassification": "Less likely to attract OZ investment", "composite_score": 0.393702, "rank": 32, "recommended": 1, "jobs_2022": 2999.0, "povrate_2024": 0.402889, "median_hhincome_2024": 22872.0, "unemprate_2024": 0.148905, "vacancyrate_2024": 0.14083, "stackability_count": 2, "pop_2024": 2686.0, "median_homevalue_2024": 300700.0, "job_density_score": 0.141218, "dev_capacity_score": 0.069915, "market_momentum_score": 0.424226, "poverty_score": 0.56111, "income_score": 0.81886, "unemployment_score": 0.430898, "stackability_score": 0.666667, "stage1_result": "Advances to Scoring" }, "geometry": { "type": "Polygon", "coordinates": [ [ [ -76.620092, 39.323149 ], [ -76.615743, 39.323287 ], [ -76.614955, 39.311065 ], [ -76.619354, 39.310956 ], [ -76.620092, 39.323149 ] ] ] } },
{ "type": "Feature", "properties": { "geoid": "24510280600", "state": "Maryland", "county": "Baltimore city", "classification": "Goldilocks", "oztoolclassification": "More likely to attract OZ investment, with larger impact", "composite_score": 0.389653, "rank": 37, "recommended": 1, "jobs_2022": 572.0, "povrate_2024": 0.365451, "median_hhincome_2024": 24717.0, "unemprate_2024": 0.098582, "vacancyrate_2024": 0.125, "stackability_count": 1, "pop_2024": 3524.0, "median_homevalue_2024": 179500.0, "job_density_score": 0.026629, "dev_capacity_score": 0.458327, "market_momentum_score": 0.693751, "poverty_score": 0.694816, "income_score": 0.802456, "unemployment_score": 0.285274, "stackability_score": 0.333333, "stage1_result": "Advances to Scoring" }, "geometry": { "type": "Polygon", "coordinates": [ [ [ -76.638462, 39.294189 ], [ -76.627688, 39.29463 ], [ -76.627766, 39.288974 ], [ -76.638166, 39.288566 ], [ -76.638462, 39.294189 ] ] ] } },
{ "type": "Feature", "properties": { "geoid": "24031700818", "state": "Maryland", "county": "Montgomery County", "classification": "Less Likely", "oztoolclassification": "Less likely to attract OZ investment", "composite_score": null, "rank": null, "recommended": 0, "jobs_2022": 1612.0, "povrate_2024": 0.144588, "median_hhincome_2024": 88590.0, "unemprate_2024": 0.077903, "vacancyrate_2024": 0.0, "stackability_count": 1, "pop_2024": 6356.0, "median_homevalue_2024": 410000.0, "job_density_score": null, "dev_capacity_score": null, "market_momentum_score": null, "poverty_score": null, "income_score": null, "unemployment_score": null, "stackability_score": null, "stage1_result": "Eliminated — Already Attractive" }, "geometry": { "type": "Polygon", "coordinates": [ [ [ -77.271445, 39.173819 ], [ -77.269126, 39.175479 ], [ -77.266998, 39.17849 ], [ -77.26732, 39.178753 ], [ -77.254733, 39.184277 ], [ -77.247012, 39.175193 ], [ -77.250335, 39.17406 ], [ -77.255577, 39.175479 ], [ -77.260215, 39.1749 ], [ -77.261131, 39.173019 ], [ -77.260337, 39.17176 ], [ -77.259063, 39.171012 ], [ -77.258689, 39.17007 ], [ -77.25698, 39.169036 ], [ -77.256538, 39.16809 ], [ -77.255274, 39.167732 ], [ -77.254554, 39.165226 ], [ -77.255698, 39.163185 ], [ -77.258026, 39.161865 ], [ -77.262573, 39.164352 ], [ -77.267486, 39.170871 ], [ -77.271445, 39.173819 ] ] ] } },
{ "type": "Feature", "properties": { "geoid": "24031700903", "state": "Maryland", "county": "Montgomery County", "classification": "Already Attractive", "oztoolclassification": "Likely to attract capital even without OZ designation", "composite_score": null, "rank": null, "recommended": 0, "jobs_2022": 4054.0, "povrate_2024": 0.158301, "median_hhincome_2024": 105771.0, "unemprate_2024": 0.107762, "vacancyrate_2024": 0.054993, "stackability_count": 1, "pop_2024": 2072.0, "median_homevalue_2024": 553100.0, "job_density_score": null, "dev_capacity_score": null, "market_momentum_score": null, "poverty_score": null, "income_score": null, "unemployment_score": null, "stackability_score": null, "stage1_result": "Eliminated — Already Attractive" }, "geometry": { "type": "Polygon", "coordinates": [ [ [ -77.143455, 39.09325 ], [ -77.141181, 39.093967 ], [ -77.141197, 39.094627 ], [ -77.136711, 39.097518 ], [ -77.136173, 39.098548 ], [ -77.135978, 39.102085 ], [ -77.135238, 39.103279 ], [ -77.130486, 39.106262 ], [ -77.127979, 39.106881 ], [ -77.125137, 39.106082 ], [ -77.125679, 39.103851 ], [ -77.124809, 39.101715 ], [ -77.119941, 39.101993 ], [ -77.118515, 39.100349 ], [ -77.119224, 39.095329 ], [ -77.117477, 39.093883 ], [ -77.116645, 39.092128 ], [ -77.115875, 39.092491 ], [ -77.116012, 39.090545 ], [ -77.115188, 39.090023 ], [ -77.115234, 39.088619 ], [ -77.118347, 39.084712 ], [ -77.121002, 39.083061 ], [ -77.125579, 39.083599 ], [ -77.127311, 39.084236 ], [ -77.129043, 39.083797 ], [ -77.131958, 39.083877 ], [ -77.136226, 39.084556 ], [ -77.135597, 39.087703 ], [ -77.136154, 39.090522 ], [ -77.139877, 39.091548 ], [ -77.143455, 39.09325 ] ] ] } },
{ "type": "Feature", "properties": { "geoid": "24031703302", "state": "Maryland", "county": "Montgomery County", "classification": "Already Attractive", "oztoolclassification": "Likely to attract capital even without OZ designation", "composite_score": null, "rank": null, "recommended": 0, "jobs_2022": 871.0, "povrate_2024": 0.099683, "median_hhincome_2024": 114188.0, "unemprate_2024": 0.033602, "vacancyrate_2024": 0.011914, "stackability_count": 0, "pop_2024": 5128.0, "median_homevalue_2024": 490100.0, "job_density_score": null, "dev_capacity_score": null, "market_momentum_score": null, "poverty_score": null, "income_score": null, "unemployment_score": null, "stackability_score": null, "stage1_result": "Eliminated — Already Attractive" }, "geometry": { "type": "Polygon", "coordinates": [ [ [ -77.091882, 39.061554 ], [ -77.09095, 39.063606 ], [ -77.088653, 39.066146 ], [ -77.088592, 39.068557 ], [ -77.087821, 39.070037 ], [ -77.086708, 39.07479 ], [ -77.087135, 39.079162 ], [ -77.081954, 39.080146 ], [ -77.074733, 39.080495 ], [ -77.070534, 39.077416 ], [ -77.077247, 39.06982 ], [ -77.080429, 39.069744 ], [ -77.08213, 39.068164 ], [ -77.086456, 39.066528 ], [ -77.086524, 39.065952 ], [ -77.087623, 39.065254 ], [ -77.087707, 39.064746 ], [ -77.086914, 39.064201 ], [ -77.087768, 39.062339 ], [ -77.087379, 39.061084 ], [ -77.08789, 39.060367 ], [ -77.089192, 39.059865 ], [ -77.091882, 39.061554 ] ] ] } },
{ "type": "Feature", "properties": { "geoid": "24005490303", "state": "Maryland", "county": "Baltimore County", "classification": "Less Likely", "oztoolclassification": "Less likely to attract OZ investment", "composite_score": null, "rank": null, "recommended": 0, "jobs_2022": 2766.0, "povrate_2024": 0.277198, "median_hhincome_2024": 75392.0, "unemprate_2024": 0.054731, "vacancyrate_2024": 0.149718, "stackability_count": 0, "pop_2024": 2563.0, "median_homevalue_2024": 376200.0, "job_density_score": null, "dev_capacity_score": null, "market_momentum_score": null, "poverty_score": null, "income_score": null, "unemployment_score": null, "stackability_score": null, "stage1_result": "Eliminated — Already Attractive" }, "geometry": { "type": "Polygon", "coordinates": [ [ [ -76.630833, 39.411414 ], [ -76.62931, 39.416992 ], [ -76.619263, 39.413045 ], [ -76.616744, 39.412933 ], [ -76.612305, 39.413831 ], [ -76.606789, 39.407009 ], [ -76.608334, 39.405839 ], [ -76.608231, 39.403687 ], [ -76.62345, 39.410061 ], [ -76.628536, 39.411351 ], [ -76.630833, 39.411414 ] ] ] } },
{ "type": "Feature", "properties": { "geoid": "24005402408", "state": "Maryland", "county": "Baltimore County", "classification": "Less Likely", "oztoolclassification": "Less likely to attract OZ investment", "composite_score": 0.179957, "rank": 334, "recommended": 0, "jobs_2022": 251.0, "povrate_2024": 0.063492, "median_hhincome_2024": 64583.0, "unemprate_2024": 0.076807, "vacancyrate_2024": 0.10477, "stackability_count": 0, "pop_2024": 2331.0, "median_homevalue_2024": 203800.0, "job_density_score": 0.011473, "dev_capacity_score": 0.068804, "market_momentum_score": 0.716644, "poverty_score": 0.226757, "income_score": 0.448, "unemployment_score": 0.222263, "stackability_score": 0.0, "stage1_result": "Advances to Scoring" }, "geometry": { "type": "Polygon", "coordinates": [ [ [ -76.781248, 39.330112 ], [ -76.780796, 39.331304 ], [ -76.776296, 39.332504 ], [ -76.773395, 39.334504 ], [ -76.769295, 39.331505 ], [ -76.770132, 39.329909 ], [ -76.768432, 39.32968 ], [ -76.759258, 39.326172 ], [ -76.75916, 39.322825 ], [ -76.758384, 39.320544 ], [ -76.762329, 39.321035 ], [ -76.765116, 39.320815 ], [ -76.770385, 39.321888 ], [ -76.777749, 39.32188 ], [ -76.777753, 39.326077 ], [ -76.781248, 39.330112 ] ] ] } },
{ "type": "Feature", "properties": { "geoid": "24005411412", "state": "Maryland", "county": "Baltimore County", "classification": "Less Likely", "oztoolclassification": "Less likely to attract OZ investment", "composite_score": 0.209082, "rank": 311, "recommended": 0, "jobs_2022": 403.0, "povrate_2024": 0.121921, "median_hhincome_2024": 64466.0, "unemprate_2024": 0.057653, "vacancyrate_2024": 0.04534, "stackability_count": 0, "pop_2024": 3248.0, "median_homevalue_2024": 198900.0, "job_density_score": 0.01865, "dev_capacity_score": 0.068804, "market_momentum_score": 0.716644, "poverty_score": 0.435433, "income_score": 0.44904, "unemployment_score": 0.166835, "stackability_score": 0.0, "stage1_result": "Advances to Scoring" }, "geometry": { "type": "Polygon", "coordinates": [ [ [ -76.512268, 39.381278 ], [ -76.510349, 39.383204 ], [ -76.509212, 39.385336 ], [ -76.50917, 39.387467 ], [ -76.507564, 39.389607 ], [ -76.500233, 39.385135 ], [ -76.49904, 39.38341 ], [ -76.50091, 39.381824 ], [ -76.502478, 39.382016 ], [ -76.503212, 39.381596 ], [ -76.5046, 39.382295 ], [ -76.506521, 39.380544 ], [ -76.508603, 39.38057 ], [ -76.508985, 39.38016 ], [ -76.512268, 39.381278 ] ] ] } },
{ "type": "Feature", "properties": { "geoid": "24005411411", "state": "Maryland", "county": "Baltimore County", "classification": "Less Likely", "oztoolclassification": "Less likely to attract OZ investment", "composite_score": 0.239205, "rank": 258, "recommended": 0, "jobs_2022": 753.0, "povrate_2024": 0.190329, "median_hhincome_2024": 74864.0, "unemprate_2024": 0.047995, "vacancyrate_2024": 0.09708, "stackability_count": 0, "pop_2024": 2954.0, "median_homevalue_2024": 295600.0, "job_density_score": 0.035175, "dev_capacity_score": 0.068804, "market_momentum_score": 0.716644, "poverty_score": 0.679747, "income_score": 0.35659, "unemployment_score": 0.138886, "stackability_score": 0.0, "stage1_result": "Advances to Scoring" }, "geometry": { "type": "Polygon", "coordinates": [ [ [ -76.530133, 39.388576 ], [ -76.525927, 39.393246 ], [ -76.523319, 39.394825 ], [ -76.521484, 39.394242 ], [ -76.514802, 39.394886 ], [ -76.515649, 39.393008 ], [ -76.515273, 39.389606 ], [ -76.513038, 39.390082 ], [ -76.509826, 39.388104 ], [ -76.50923, 39.387293 ], [ -76.509128, 39.385722 ], [ -76.51059, 39.382908 ], [ -76.512409, 39.38111 ], [ -76.514131, 39.38041 ], [ -76.516301, 39.381418 ], [ -76.516759, 39.380866 ], [ -76.516599, 39.382639 ], [ -76.519916, 39.383263 ], [ -76.52029, 39.384056 ], [ -76.521412, 39.384444 ], [ -76.521694, 39.385736 ], [ -76.522274, 39.385918 ], [ -76.52293, 39.385123 ], [ -76.523616, 39.385228 ], [ -76.530133, 39.388576 ] ] ] } }
]
}
